"","LEA","Center","Distance"
"1","ADARE-RATHKEALE","Carlow Vaccination Centre",133816.57069884
"2","ARDEE","Carlow Vaccination Centre",121491.469599438
"3","ARKLOW","Carlow Vaccination Centre",46526.2161993804
"4","ARTANE-WHITEHALL","Carlow Vaccination Centre",80888.6091739889
"5","ASHBOURNE","Carlow Vaccination Centre",91808.7779950219
"6","ATHENRY-ORANMORE","Carlow Vaccination Centre",137900.310983928
"7","ATHLONE","Carlow Vaccination Centre",93363.7437299401
"8","ATHLONE","Carlow Vaccination Centre",107187.594337622
"9","ATHY","Carlow Vaccination Centre",21477.4548887651
"10","BAILIEBOROUGH-COOTEHILL","Carlow Vaccination Centre",130575.710361226
"11","BALBRIGGAN","Carlow Vaccination Centre",99655.6849882996
"12","BALLINA","Carlow Vaccination Centre",214647.538510346
"13","BALLINAMORE","Carlow Vaccination Centre",147818.738064071
"14","BALLINASLOE","Carlow Vaccination Centre",121081.6307192
"15","BALLYBAY-CLONES","Carlow Vaccination Centre",146860.437075388
"16","BALLYFERMOT-DRIMNAGH","Carlow Vaccination Centre",70782.4054445663
"17","BALLYJAMESDUFF","Carlow Vaccination Centre",119842.240332194
"18","BALLYMAHON","Carlow Vaccination Centre",106699.134769284
"19","BALLYMOTE-TOBERCURRY","Carlow Vaccination Centre",184204.934404683
"20","BALLYMUN-FINGLAS","Carlow Vaccination Centre",78030.2456533914
"21","BALTINGLASS","Carlow Vaccination Centre",32301.7513475028
"22","BANDON-KINSALE","Carlow Vaccination Centre",169142.14205562
"23","BANTRY-WEST CORK","Carlow Vaccination Centre",219300.215515822
"24","BELMULLET","Carlow Vaccination Centre",236054.182285226
"25","BIRR","Carlow Vaccination Centre",69750.0326997426
"26","BLACKROCK","Carlow Vaccination Centre",74085.3973393026
"27","BLANCHARDSTOWN-MULHUDDART","Carlow Vaccination Centre",78567.4535628086
"28","BORRIS-IN-OSSORY-MOUNTMELLICK","Carlow Vaccination Centre",42824.6593632635
"29","BOYLE","Carlow Vaccination Centre",147428.797111789
"30","BRAY EAST","Carlow Vaccination Centre",71054.7469727616
"31","BRAY WEST","Carlow Vaccination Centre",63542.3831770321
"32","BUNCRANA","Carlow Vaccination Centre",255638.794480417
"33","CABRA-GLASNEVIN","Carlow Vaccination Centre",74944.8530364219
"34","CAHIR","Carlow Vaccination Centre",88262.5731830159
"35","CALLAN-THOMASTOWN","Carlow Vaccination Centre",36253.5182950463
"36","CAPPAMORE-KILMALLOCK","Carlow Vaccination Centre",107456.186013944
"37","CARLOW","Carlow Vaccination Centre",4338.03785833373
"38","CARNDONAGH","Carlow Vaccination Centre",271920.211560049
"39","CARRICK-ON-SHANNON","Carlow Vaccination Centre",139816.669002466
"40","CARRICK-ON-SUIR","Carlow Vaccination Centre",55346.7901622195
"41","CARRICKMACROSS-CASTLEBLAYNEY","Carlow Vaccination Centre",136841.782897928
"42","CARRIGALINE","Carlow Vaccination Centre",150476.979563421
"43","CASHEL-TIPPERARY","Carlow Vaccination Centre",84268.9797452441
"44","CASTLEBAR","Carlow Vaccination Centre",192627.71619626
"45","CASTLECOMER","Carlow Vaccination Centre",25704.1177299523
"46","CASTLEISLAND","Carlow Vaccination Centre",180520.171221258
"47","CASTLEKNOCK","Carlow Vaccination Centre",72343.0510559148
"48","CAVAN-BELTURBET","Carlow Vaccination Centre",152057.251125307
"49","CELBRIDGE","Carlow Vaccination Centre",63093.9521870797
"50","CLANE","Carlow Vaccination Centre",57873.7365892146
"51","CLAREMORRIS","Carlow Vaccination Centre",169287.913113152
"52","CLONDALKIN","Carlow Vaccination Centre",62186.7621965331
"53","CLONMEL","Carlow Vaccination Centre",67456.7585607966
"54","CLONTARF","Carlow Vaccination Centre",79673.160024682
"55","COBH","Carlow Vaccination Centre",135524.833346479
"56","CONAMARA NORTH","Carlow Vaccination Centre",196571.747727364
"57","CONAMARA SOUTH","Carlow Vaccination Centre",171853.030617189
"58","CORCA DHUIBHNE","Carlow Vaccination Centre",225088.815215496
"59","CORK CITY NORTH EAST","Carlow Vaccination Centre",140641.470369046
"60","CORK CITY NORTH WEST","Carlow Vaccination Centre",147927.716122298
"61","CORK CITY SOUTH CENTRAL","Carlow Vaccination Centre",147256.597806754
"62","CORK CITY SOUTH EAST","Carlow Vaccination Centre",144337.096994002
"63","CORK CITY SOUTH WEST","Carlow Vaccination Centre",150469.798326255
"64","DONAGHMEDE","Carlow Vaccination Centre",83046.3885614815
"65","DONEGAL","Carlow Vaccination Centre",219947.582562875
"66","DROGHEDA RURAL","Carlow Vaccination Centre",113065.533297163
"67","DROGHEDA URBAN","Carlow Vaccination Centre",107906.153433765
"68","DÚN LAOGHAIRE","Carlow Vaccination Centre",75553.5463441834
"69","DUNDALK-CARLINGFORD","Carlow Vaccination Centre",142827.777968817
"70","DUNDALK SOUTH","Carlow Vaccination Centre",134396.25404768
"71","DUNDRUM","Carlow Vaccination Centre",70947.3578015249
"72","DUNGARVAN","Carlow Vaccination Centre",98128.102588694
"73","EDENDERRY","Carlow Vaccination Centre",54601.8216190829
"74","ENNIS","Carlow Vaccination Centre",136565.109937074
"75","ENNISCORTHY","Carlow Vaccination Centre",36260.4786602277
"76","ENNISTIMON","Carlow Vaccination Centre",150769.265352234
"77","FERMOY","Carlow Vaccination Centre",118341.247506148
"78","FIRHOUSE-BOHERNABREENA","Carlow Vaccination Centre",62782.3119787859
"79","GALWAY CITY CENTRAL","Carlow Vaccination Centre",151426.816113047
"80","GALWAY CITY EAST","Carlow Vaccination Centre",147152.09043041
"81","GALWAY CITY WEST","Carlow Vaccination Centre",153155.629105903
"82","GLENCULLEN-SANDYFORD","Carlow Vaccination Centre",67675.8580872457
"83","GLENTIES","Carlow Vaccination Centre",251979.245695877
"84","GOREY","Carlow Vaccination Centre",43443.2929442557
"85","GORT-KINVARA","Carlow Vaccination Centre",128915.678361632
"86","GRAIGUECULLEN-PORTARLINGTON","Carlow Vaccination Centre",20644.5306691573
"87","GRANARD","Carlow Vaccination Centre",118292.001552141
"88","GREYSTONES","Carlow Vaccination Centre",66871.3814918143
"89","HOWTH-MALAHIDE","Carlow Vaccination Centre",85857.9353851605
"90","KANTURK","Carlow Vaccination Centre",153013.653738437
"91","KELLS","Carlow Vaccination Centre",104690.93532689
"92","KENMARE","Carlow Vaccination Centre",221688.616988925
"93","KILDARE","Carlow Vaccination Centre",40364.7259005793
"94","KILKENNY","Carlow Vaccination Centre",27063.5170503081
"95","KILLALOE","Carlow Vaccination Centre",114209.762894057
"96","KILLARNEY","Carlow Vaccination Centre",189811.174012718
"97","KILLINEY-SHANKILL","Carlow Vaccination Centre",71623.4176979449
"98","KILMUCKRIDGE","Carlow Vaccination Centre",50885.9854294966
"99","KILRUSH","Carlow Vaccination Centre",162180.498184448
"100","KIMMAGE-RATHMINES","Carlow Vaccination Centre",71644.8639726374
"101","KINNEGAD","Carlow Vaccination Centre",90007.9896031779
"102","LAYTOWN-BETTYSTOWN","Carlow Vaccination Centre",104956.637500713
"103","LEIXLIP","Carlow Vaccination Centre",69170.7008901819
"104","LETTERKENNY","Carlow Vaccination Centre",244506.713234435
"105","LIFFORD-STRANORLAR","Carlow Vaccination Centre",230288.742622803
"106","LIMERICK CITY EAST","Carlow Vaccination Centre",109149.317003434
"107","LIMERICK CITY NORTH","Carlow Vaccination Centre",115893.479616965
"108","LIMERICK CITY WEST","Carlow Vaccination Centre",120995.971526515
"109","LISMORE","Carlow Vaccination Centre",98084.9230833742
"110","LISTOWEL","Carlow Vaccination Centre",180720.387501245
"111","LONGFORD","Carlow Vaccination Centre",118764.781460469
"112","LOUGHREA","Carlow Vaccination Centre",105505.451959037
"113","LUCAN","Carlow Vaccination Centre",68169.3666164337
"114","MACROOM","Carlow Vaccination Centre",168814.673525686
"115","MALLOW","Carlow Vaccination Centre",140601.575975946
"116","MANORHAMILTON","Carlow Vaccination Centre",184426.631146432
"117","MAYNOOTH","Carlow Vaccination Centre",64111.1848880015
"118","MIDLETON","Carlow Vaccination Centre",125055.92659434
"119","MILFORD","Carlow Vaccination Centre",260795.733170895
"120","MOATE","Carlow Vaccination Centre",84276.6945945466
"121","MONAGHAN","Carlow Vaccination Centre",163997.204170018
"122","MUINEBEAG","Carlow Vaccination Centre",17394.6320516477
"123","MULLINGAR","Carlow Vaccination Centre",82801.7776898959
"124","NAAS","Carlow Vaccination Centre",50645.5669594991
"125","NAVAN","Carlow Vaccination Centre",93694.3269587531
"126","NENAGH","Carlow Vaccination Centre",81401.7722517637
"127","NEW ROSS","Carlow Vaccination Centre",50437.0540609677
"128","NEWBRIDGE","Carlow Vaccination Centre",41324.0407890143
"129","NEWCASTLE WEST","Carlow Vaccination Centre",151624.150031865
"130","NEWPORT","Carlow Vaccination Centre",88940.0903632838
"131","NORTH INNER CITY","Carlow Vaccination Centre",76354.1863595003
"132","ONGAR","Carlow Vaccination Centre",73527.4257170802
"133","PALMERSTOWN-FONTHILL","Carlow Vaccination Centre",70521.1919415877
"134","PEMBROKE","Carlow Vaccination Centre",74314.3613609942
"135","PILTOWN","Carlow Vaccination Centre",53567.8322302162
"136","PORTLAOISE","Carlow Vaccination Centre",29762.9281949153
"137","PORTLAW-KILMACTHOMAS","Carlow Vaccination Centre",72462.6973610258
"138","RATHFARNHAM-TEMPLEOGUE","Carlow Vaccination Centre",68849.5086296921
"139","RATOATH","Carlow Vaccination Centre",77676.2843468491
"140","ROSCOMMON","Carlow Vaccination Centre",138723.919883451
"141","ROSCREA-TEMPLEMORE","Carlow Vaccination Centre",60529.4752581706
"142","ROSSLARE","Carlow Vaccination Centre",67770.5536751642
"143","RUSH-LUSK","Carlow Vaccination Centre",93060.6030185996
"144","SHANNON","Carlow Vaccination Centre",124582.777957261
"145","SKIBBEREEN-WEST CORK","Carlow Vaccination Centre",195014.065575377
"146","SLIGO-DRUMCLIFF","Carlow Vaccination Centre",194029.404530688
"147","SLIGO-STRANDHILL","Carlow Vaccination Centre",192771.943599653
"148","SOUTH EAST INNER CITY","Carlow Vaccination Centre",75528.2082539057
"149","SOUTH WEST INNER CITY","Carlow Vaccination Centre",73161.4734218383
"150","STILLORGAN","Carlow Vaccination Centre",72628.7225281298
"151","SWINFORD","Carlow Vaccination Centre",177686.911545305
"152","SWORDS","Carlow Vaccination Centre",85622.4098038574
"153","TALLAGHT CENTRAL","Carlow Vaccination Centre",66537.9263608829
"154","TALLAGHT SOUTH","Carlow Vaccination Centre",61425.2634071724
"155","THURLES","Carlow Vaccination Centre",60097.5633090038
"156","TRALEE","Carlow Vaccination Centre",198542.673087259
"157","TRAMORE-WATERFORD CITY WEST","Carlow Vaccination Centre",70513.3186365102
"158","TRIM","Carlow Vaccination Centre",76468.9422587128
"159","TUAM","Carlow Vaccination Centre",151240.884898961
"160","TULLAMORE","Carlow Vaccination Centre",66599.8442968296
"161","TULLOW","Carlow Vaccination Centre",16017.0591819377
"162","WATERFORD CITY EAST","Carlow Vaccination Centre",68304.6847074182
"163","WATERFORD CITY SOUTH","Carlow Vaccination Centre",67711.1519604066
"164","WESTPORT","Carlow Vaccination Centre",207229.052359309
"165","WEXFORD","Carlow Vaccination Centre",58404.5108178911
"166","WICKLOW","Carlow Vaccination Centre",55149.1295374444
"167","ADARE-RATHKEALE","Cavan Vaccination Centre",189922.513879354
"168","ARDEE","Cavan Vaccination Centre",56895.1779281453
"169","ARKLOW","Cavan Vaccination Centre",141136.879518834
"170","ARTANE-WHITEHALL","Cavan Vaccination Centre",98181.7327907143
"171","ASHBOURNE","Cavan Vaccination Centre",72017.6565650419
"172","ATHENRY-ORANMORE","Cavan Vaccination Centre",121844.157861338
"173","ATHLONE","Cavan Vaccination Centre",70104.0398183944
"174","ATHLONE","Cavan Vaccination Centre",79148.0746356301
"175","ATHY","Cavan Vaccination Centre",113178.14268556
"176","BAILIEBOROUGH-COOTEHILL","Cavan Vaccination Centre",15327.8931513194
"177","BALBRIGGAN","Cavan Vaccination Centre",89087.0539608641
"178","BALLINA","Cavan Vaccination Centre",130074.52079955
"179","BALLINAMORE","Cavan Vaccination Centre",33960.319803732
"180","BALLINASLOE","Cavan Vaccination Centre",93315.7135206609
"181","BALLYBAY-CLONES","Cavan Vaccination Centre",25717.1032423429
"182","BALLYFERMOT-DRIMNAGH","Cavan Vaccination Centre",97057.6691566778
"183","BALLYJAMESDUFF","Cavan Vaccination Centre",13030.4238401698
"184","BALLYMAHON","Cavan Vaccination Centre",51278.2553675901
"185","BALLYMOTE-TOBERCURRY","Cavan Vaccination Centre",89284.1721315953
"186","BALLYMUN-FINGLAS","Cavan Vaccination Centre",95150.9920934298
"187","BALTINGLASS","Cavan Vaccination Centre",124786.826590873
"188","BANDON-KINSALE","Cavan Vaccination Centre",268044.670099979
"189","BANTRY-WEST CORK","Cavan Vaccination Centre",299478.503503036
"190","BELMULLET","Cavan Vaccination Centre",161192.322534578
"191","BIRR","Cavan Vaccination Centre",100704.937954912
"192","BLACKROCK","Cavan Vaccination Centre",107905.769791105
"193","BLANCHARDSTOWN-MULHUDDART","Cavan Vaccination Centre",90407.1043837701
"194","BORRIS-IN-OSSORY-MOUNTMELLICK","Cavan Vaccination Centre",111393.56713455
"195","BOYLE","Cavan Vaccination Centre",60090.5111716644
"196","BRAY EAST","Cavan Vaccination Centre",119061.063706137
"197","BRAY WEST","Cavan Vaccination Centre",116547.464798134
"198","BUNCRANA","Cavan Vaccination Centre",123525.785914516
"199","CABRA-GLASNEVIN","Cavan Vaccination Centre",96524.0237946664
"200","CAHIR","Cavan Vaccination Centre",190803.368508414
"201","CALLAN-THOMASTOWN","Cavan Vaccination Centre",163367.621539754
"202","CAPPAMORE-KILMALLOCK","Cavan Vaccination Centre",184709.10579928
"203","CARLOW","Cavan Vaccination Centre",131663.103717739
"204","CARNDONAGH","Cavan Vaccination Centre",140897.732282475
"205","CARRICK-ON-SHANNON","Cavan Vaccination Centre",40656.7467630726
"206","CARRICK-ON-SUIR","Cavan Vaccination Centre",164872.433827151
"207","CARRICKMACROSS-CASTLEBLAYNEY","Cavan Vaccination Centre",40347.113968191
"208","CARRIGALINE","Cavan Vaccination Centre",253769.403004418
"209","CASHEL-TIPPERARY","Cavan Vaccination Centre",171845.851548916
"210","CASTLEBAR","Cavan Vaccination Centre",131790.26891547
"211","CASTLECOMER","Cavan Vaccination Centre",139151.534357009
"212","CASTLEISLAND","Cavan Vaccination Centre",241245.734690905
"213","CASTLEKNOCK","Cavan Vaccination Centre",91124.7994449194
"214","CAVAN-BELTURBET","Cavan Vaccination Centre",25668.5936552892
"215","CELBRIDGE","Cavan Vaccination Centre",89503.8424587696
"216","CLANE","Cavan Vaccination Centre",78348.1142081503
"217","CLAREMORRIS","Cavan Vaccination Centre",119252.867569671
"218","CLONDALKIN","Cavan Vaccination Centre",95992.3339876935
"219","CLONMEL","Cavan Vaccination Centre",177476.150278229
"220","CLONTARF","Cavan Vaccination Centre",100860.942407156
"221","COBH","Cavan Vaccination Centre",235985.068730134
"222","CONAMARA NORTH","Cavan Vaccination Centre",165868.93979787
"223","CONAMARA SOUTH","Cavan Vaccination Centre",157847.470420919
"224","CORCA DHUIBHNE","Cavan Vaccination Centre",273660.261658028
"225","CORK CITY NORTH EAST","Cavan Vaccination Centre",240604.976825887
"226","CORK CITY NORTH WEST","Cavan Vaccination Centre",244564.780296186
"227","CORK CITY SOUTH CENTRAL","Cavan Vaccination Centre",247729.857259922
"228","CORK CITY SOUTH EAST","Cavan Vaccination Centre",246278.220769561
"229","CORK CITY SOUTH WEST","Cavan Vaccination Centre",248968.875533243
"230","DONAGHMEDE","Cavan Vaccination Centre",101404.298699544
"231","DONEGAL","Cavan Vaccination Centre",93358.4802505388
"232","DROGHEDA RURAL","Cavan Vaccination Centre",69116.0971326089
"233","DROGHEDA URBAN","Cavan Vaccination Centre",70808.2531862282
"234","DÚN LAOGHAIRE","Cavan Vaccination Centre",111214.283743963
"235","DUNDALK-CARLINGFORD","Cavan Vaccination Centre",67026.4627029009
"236","DUNDALK SOUTH","Cavan Vaccination Centre",56379.8043047944
"237","DUNDRUM","Cavan Vaccination Centre",104697.191668135
"238","DUNGARVAN","Cavan Vaccination Centre",215979.734563616
"239","EDENDERRY","Cavan Vaccination Centre",79091.3553321387
"240","ENNIS","Cavan Vaccination Centre",167701.34901473
"241","ENNISCORTHY","Cavan Vaccination Centre",165734.953081586
"242","ENNISTIMON","Cavan Vaccination Centre",165117.402763387
"243","FERMOY","Cavan Vaccination Centre",213909.072044086
"244","FIRHOUSE-BOHERNABREENA","Cavan Vaccination Centre",105971.146658965
"245","GALWAY CITY CENTRAL","Cavan Vaccination Centre",138952.400475364
"246","GALWAY CITY EAST","Cavan Vaccination Centre",135804.090031499
"247","GALWAY CITY WEST","Cavan Vaccination Centre",142625.188178918
"248","GLENCULLEN-SANDYFORD","Cavan Vaccination Centre",109409.279363451
"249","GLENTIES","Cavan Vaccination Centre",122069.165067387
"250","GOREY","Cavan Vaccination Centre",158087.846835554
"251","GORT-KINVARA","Cavan Vaccination Centre",136994.618929505
"252","GRAIGUECULLEN-PORTARLINGTON","Cavan Vaccination Centre",113534.151218181
"253","GRANARD","Cavan Vaccination Centre",27139.6608410942
"254","GREYSTONES","Cavan Vaccination Centre",128085.686506843
"255","HOWTH-MALAHIDE","Cavan Vaccination Centre",99789.6021794844
"256","KANTURK","Cavan Vaccination Centre",225994.848685715
"257","KELLS","Cavan Vaccination Centre",38128.9375790421
"258","KENMARE","Cavan Vaccination Centre",286720.186531808
"259","KILDARE","Cavan Vaccination Centre",93513.0136310459
"260","KILKENNY","Cavan Vaccination Centre",147012.917723634
"261","KILLALOE","Cavan Vaccination Centre",150857.917289875
"262","KILLARNEY","Cavan Vaccination Centre",259112.087410937
"263","KILLINEY-SHANKILL","Cavan Vaccination Centre",114421.30071169
"264","KILMUCKRIDGE","Cavan Vaccination Centre",175636.044080614
"265","KILRUSH","Cavan Vaccination Centre",196121.916757876
"266","KIMMAGE-RATHMINES","Cavan Vaccination Centre",101025.623679334
"267","KINNEGAD","Cavan Vaccination Centre",42890.7087221476
"268","LAYTOWN-BETTYSTOWN","Cavan Vaccination Centre",63468.9373255577
"269","LEIXLIP","Cavan Vaccination Centre",87441.6095481802
"270","LETTERKENNY","Cavan Vaccination Centre",111933.549003985
"271","LIFFORD-STRANORLAR","Cavan Vaccination Centre",97754.0698810053
"272","LIMERICK CITY EAST","Cavan Vaccination Centre",169418.21876998
"273","LIMERICK CITY NORTH","Cavan Vaccination Centre",171047.938729332
"274","LIMERICK CITY WEST","Cavan Vaccination Centre",177117.186645029
"275","LISMORE","Cavan Vaccination Centre",208372.086252296
"276","LISTOWEL","Cavan Vaccination Centre",226295.222776217
"277","LONGFORD","Cavan Vaccination Centre",41134.8775614401
"278","LOUGHREA","Cavan Vaccination Centre",117536.256864386
"279","LUCAN","Cavan Vaccination Centre",91479.4271645784
"280","MACROOM","Cavan Vaccination Centre",254430.040853143
"281","MALLOW","Cavan Vaccination Centre",225394.74420715
"282","MANORHAMILTON","Cavan Vaccination Centre",66491.5906324389
"283","MAYNOOTH","Cavan Vaccination Centre",81152.57518907
"284","MIDLETON","Cavan Vaccination Centre",234694.975931601
"285","MILFORD","Cavan Vaccination Centre",127982.166171865
"286","MOATE","Cavan Vaccination Centre",58459.9575299466
"287","MONAGHAN","Cavan Vaccination Centre",40389.0409851692
"288","MUINEBEAG","Cavan Vaccination Centre",150206.116690759
"289","MULLINGAR","Cavan Vaccination Centre",51408.0931778483
"290","NAAS","Cavan Vaccination Centre",97893.9360474777
"291","NAVAN","Cavan Vaccination Centre",55745.7689006368
"292","NENAGH","Cavan Vaccination Centre",122336.590538595
"293","NEW ROSS","Cavan Vaccination Centre",183261.86970267
"294","NEWBRIDGE","Cavan Vaccination Centre",99792.0194385062
"295","NEWCASTLE WEST","Cavan Vaccination Centre",210422.194967648
"296","NEWPORT","Cavan Vaccination Centre",148486.906456501
"297","NORTH INNER CITY","Cavan Vaccination Centre",100148.057356755
"298","ONGAR","Cavan Vaccination Centre",88532.7507163325
"299","PALMERSTOWN-FONTHILL","Cavan Vaccination Centre",94190.2846811619
"300","PEMBROKE","Cavan Vaccination Centre",103158.748597566
"301","PILTOWN","Cavan Vaccination Centre",182298.867209384
"302","PORTLAOISE","Cavan Vaccination Centre",112996.482290459
"303","PORTLAW-KILMACTHOMAS","Cavan Vaccination Centre",193721.39505988
"304","RATHFARNHAM-TEMPLEOGUE","Cavan Vaccination Centre",101370.141631942
"305","RATOATH","Cavan Vaccination Centre",76178.2270896781
"306","ROSCOMMON","Cavan Vaccination Centre",74247.6292206809
"307","ROSCREA-TEMPLEMORE","Cavan Vaccination Centre",133540.270292566
"308","ROSSLARE","Cavan Vaccination Centre",199552.798435552
"309","RUSH-LUSK","Cavan Vaccination Centre",86172.5636203538
"310","SHANNON","Cavan Vaccination Centre",171775.215567615
"311","SKIBBEREEN-WEST CORK","Cavan Vaccination Centre",286161.913384038
"312","SLIGO-DRUMCLIFF","Cavan Vaccination Centre",82885.4353058726
"313","SLIGO-STRANDHILL","Cavan Vaccination Centre",85039.4204054762
"314","SOUTH EAST INNER CITY","Cavan Vaccination Centre",101601.778694652
"315","SOUTH WEST INNER CITY","Cavan Vaccination Centre",98852.051767935
"316","STILLORGAN","Cavan Vaccination Centre",107670.660203916
"317","SWINFORD","Cavan Vaccination Centre",102828.765810512
"318","SWORDS","Cavan Vaccination Centre",90574.1877317148
"319","TALLAGHT CENTRAL","Cavan Vaccination Centre",99254.3306042316
"320","TALLAGHT SOUTH","Cavan Vaccination Centre",101481.421685416
"321","THURLES","Cavan Vaccination Centre",149699.895396489
"322","TRALEE","Cavan Vaccination Centre",249419.634816688
"323","TRAMORE-WATERFORD CITY WEST","Cavan Vaccination Centre",199514.593469076
"324","TRIM","Cavan Vaccination Centre",61378.063315174
"325","TUAM","Cavan Vaccination Centre",115305.203403037
"326","TULLAMORE","Cavan Vaccination Centre",80099.6930924784
"327","TULLOW","Cavan Vaccination Centre",139649.953513049
"328","WATERFORD CITY EAST","Cavan Vaccination Centre",199512.913659068
"329","WATERFORD CITY SOUTH","Cavan Vaccination Centre",197682.242887296
"330","WESTPORT","Cavan Vaccination Centre",154413.43845422
"331","WEXFORD","Cavan Vaccination Centre",188619.665155222
"332","WICKLOW","Cavan Vaccination Centre",128864.039776234
"333","ADARE-RATHKEALE","Ennis Vaccination Centre - West County Hotel",31478.4200108139
"334","ARDEE","Ennis Vaccination Centre - West County Hotel",202460.818847569
"335","ARKLOW","Ennis Vaccination Centre - West County Hotel",182838.126766595
"336","ARTANE-WHITEHALL","Ennis Vaccination Centre - West County Hotel",195023.5305147
"337","ASHBOURNE","Ennis Vaccination Centre - West County Hotel",187791.042935527
"338","ATHENRY-ORANMORE","Ennis Vaccination Centre - West County Hotel",57420.2868517684
"339","ATHLONE","Ennis Vaccination Centre - West County Hotel",100899.938987081
"340","ATHLONE","Ennis Vaccination Centre - West County Hotel",89975.831297744
"341","ATHY","Ennis Vaccination Centre - West County Hotel",142165.334668313
"342","BAILIEBOROUGH-COOTEHILL","Ennis Vaccination Centre - West County Hotel",179429.007290333
"343","BALBRIGGAN","Ennis Vaccination Centre - West County Hotel",205534.102237445
"344","BALLINA","Ennis Vaccination Centre - West County Hotel",147051.683724534
"345","BALLINAMORE","Ennis Vaccination Centre - West County Hotel",153491.720102198
"346","BALLINASLOE","Ennis Vaccination Centre - West County Hotel",78577.4266763044
"347","BALLYBAY-CLONES","Ennis Vaccination Centre - West County Hotel",194509.9645814
"348","BALLYFERMOT-DRIMNAGH","Ennis Vaccination Centre - West County Hotel",185248.590255562
"349","BALLYJAMESDUFF","Ennis Vaccination Centre - West County Hotel",160629.324647239
"350","BALLYMAHON","Ennis Vaccination Centre - West County Hotel",117902.983927138
"351","BALLYMOTE-TOBERCURRY","Ennis Vaccination Centre - West County Hotel",143669.128750442
"352","BALLYMUN-FINGLAS","Ennis Vaccination Centre - West County Hotel",190689.577111582
"353","BALTINGLASS","Ennis Vaccination Centre - West County Hotel",164907.117013759
"354","BANDON-KINSALE","Ennis Vaccination Centre - West County Hotel",125966.949454722
"355","BANTRY-WEST CORK","Ennis Vaccination Centre - West County Hotel",136699.720047684
"356","BELMULLET","Ennis Vaccination Centre - West County Hotel",150267.44441635
"357","BIRR","Ennis Vaccination Centre - West County Hotel",83656.6755625934
"358","BLACKROCK","Ennis Vaccination Centre - West County Hotel",194486.047892595
"359","BLANCHARDSTOWN-MULHUDDART","Ennis Vaccination Centre - West County Hotel",188167.544895956
"360","BORRIS-IN-OSSORY-MOUNTMELLICK","Ennis Vaccination Centre - West County Hotel",100333.868685629
"361","BOYLE","Ennis Vaccination Centre - West County Hotel",128422.181298743
"362","BRAY EAST","Ennis Vaccination Centre - West County Hotel",197274.831281078
"363","BRAY WEST","Ennis Vaccination Centre - West County Hotel",189603.158314604
"364","BUNCRANA","Ennis Vaccination Centre - West County Hotel",272042.278454415
"365","CABRA-GLASNEVIN","Ennis Vaccination Centre - West County Hotel",188746.848022524
"366","CAHIR","Ennis Vaccination Centre - West County Hotel",90185.4194245332
"367","CALLAN-THOMASTOWN","Ennis Vaccination Centre - West County Hotel",126611.920151411
"368","CAPPAMORE-KILMALLOCK","Ennis Vaccination Centre - West County Hotel",55626.5395851731
"369","CARLOW","Ennis Vaccination Centre - West County Hotel",140874.445695245
"370","CARNDONAGH","Ennis Vaccination Centre - West County Hotel",292194.726324058
"371","CARRICK-ON-SHANNON","Ennis Vaccination Centre - West County Hotel",139838.039605038
"372","CARRICK-ON-SUIR","Ennis Vaccination Centre - West County Hotel",99934.0423543389
"373","CARRICKMACROSS-CASTLEBLAYNEY","Ennis Vaccination Centre - West County Hotel",201437.784244409
"374","CARRIGALINE","Ennis Vaccination Centre - West County Hotel",121068.474581287
"375","CASHEL-TIPPERARY","Ennis Vaccination Centre - West County Hotel",70101.6972175727
"376","CASTLEBAR","Ennis Vaccination Centre - West County Hotel",111201.047888082
"377","CASTLECOMER","Ennis Vaccination Centre - West County Hotel",113509.527515796
"378","CASTLEISLAND","Ennis Vaccination Centre - West County Hotel",74113.0658537665
"379","CASTLEKNOCK","Ennis Vaccination Centre - West County Hotel",182773.22904807
"380","CAVAN-BELTURBET","Ennis Vaccination Centre - West County Hotel",167723.351893526
"381","CELBRIDGE","Ennis Vaccination Centre - West County Hotel",172032.8821823
"382","CLANE","Ennis Vaccination Centre - West County Hotel",151096.271251126
"383","CLAREMORRIS","Ennis Vaccination Centre - West County Hotel",92488.7685922852
"384","CLONDALKIN","Ennis Vaccination Centre - West County Hotel",176177.613219967
"385","CLONMEL","Ennis Vaccination Centre - West County Hotel",99851.3205144097
"386","CLONTARF","Ennis Vaccination Centre - West County Hotel",195496.491795147
"387","COBH","Ennis Vaccination Centre - West County Hotel",105569.492836886
"388","CONAMARA NORTH","Ennis Vaccination Centre - West County Hotel",84364.0091297301
"389","CONAMARA SOUTH","Ennis Vaccination Centre - West County Hotel",56633.6462046014
"390","CORCA DHUIBHNE","Ennis Vaccination Centre - West County Hotel",105005.22619164
"391","CORK CITY NORTH EAST","Ennis Vaccination Centre - West County Hotel",107779.452905949
"392","CORK CITY NORTH WEST","Ennis Vaccination Centre - West County Hotel",106116.282049554
"393","CORK CITY SOUTH CENTRAL","Ennis Vaccination Centre - West County Hotel",113143.856178933
"394","CORK CITY SOUTH EAST","Ennis Vaccination Centre - West County Hotel",114131.023453052
"395","CORK CITY SOUTH WEST","Ennis Vaccination Centre - West County Hotel",111452.415105435
"396","DONAGHMEDE","Ennis Vaccination Centre - West County Hotel",198695.673760589
"397","DONEGAL","Ennis Vaccination Centre - West County Hotel",207168.793448363
"398","DROGHEDA RURAL","Ennis Vaccination Centre - West County Hotel",204006.456622093
"399","DROGHEDA URBAN","Ennis Vaccination Centre - West County Hotel",201002.593333662
"400","DÚN LAOGHAIRE","Ennis Vaccination Centre - West County Hotel",197439.772423158
"401","DUNDALK-CARLINGFORD","Ennis Vaccination Centre - West County Hotel",222680.715393638
"402","DUNDALK SOUTH","Ennis Vaccination Centre - West County Hotel",210840.468128916
"403","DUNDRUM","Ennis Vaccination Centre - West County Hotel",189983.749992278
"404","DUNGARVAN","Ennis Vaccination Centre - West County Hotel",123064.323618578
"405","EDENDERRY","Ennis Vaccination Centre - West County Hotel",128754.83757224
"406","ENNIS","Ennis Vaccination Centre - West County Hotel",1460.73769521827
"407","ENNISCORTHY","Ennis Vaccination Centre - West County Hotel",162911.615166766
"408","ENNISTIMON","Ennis Vaccination Centre - West County Hotel",21620.7171949877
"409","FERMOY","Ennis Vaccination Centre - West County Hotel",87269.2456378764
"410","FIRHOUSE-BOHERNABREENA","Ennis Vaccination Centre - West County Hotel",183307.291563197
"411","GALWAY CITY CENTRAL","Ennis Vaccination Centre - West County Hotel",50801.3419663302
"412","GALWAY CITY EAST","Ennis Vaccination Centre - West County Hotel",49865.7447428475
"413","GALWAY CITY WEST","Ennis Vaccination Centre - West County Hotel",48658.9755779566
"414","GLENCULLEN-SANDYFORD","Ennis Vaccination Centre - West County Hotel",189656.068395325
"415","GLENTIES","Ennis Vaccination Centre - West County Hotel",240405.85383623
"416","GOREY","Ennis Vaccination Centre - West County Hotel",179253.610424322
"417","GORT-KINVARA","Ennis Vaccination Centre - West County Hotel",34439.5838889684
"418","GRAIGUECULLEN-PORTARLINGTON","Ennis Vaccination Centre - West County Hotel",127456.169633521
"419","GRANARD","Ennis Vaccination Centre - West County Hotel",141936.223976426
"420","GREYSTONES","Ennis Vaccination Centre - West County Hotel",197334.108686969
"421","HOWTH-MALAHIDE","Ennis Vaccination Centre - West County Hotel",200189.554663533
"422","KANTURK","Ennis Vaccination Centre - West County Hotel",68760.1638355967
"423","KELLS","Ennis Vaccination Centre - West County Hotel",172600.546157999
"424","KENMARE","Ennis Vaccination Centre - West County Hotel",118679.411724789
"425","KILDARE","Ennis Vaccination Centre - West County Hotel",141870.686519473
"426","KILKENNY","Ennis Vaccination Centre - West County Hotel",117339.817196248
"427","KILLALOE","Ennis Vaccination Centre - West County Hotel",23606.7788871539
"428","KILLARNEY","Ennis Vaccination Centre - West County Hotel",94032.8380950689
"429","KILLINEY-SHANKILL","Ennis Vaccination Centre - West County Hotel",195629.093176442
"430","KILMUCKRIDGE","Ennis Vaccination Centre - West County Hotel",179355.006368918
"431","KILRUSH","Ennis Vaccination Centre - West County Hotel",28441.7507965412
"432","KIMMAGE-RATHMINES","Ennis Vaccination Centre - West County Hotel",188485.567318546
"433","KINNEGAD","Ennis Vaccination Centre - West County Hotel",145039.886686297
"434","LAYTOWN-BETTYSTOWN","Ennis Vaccination Centre - West County Hotel",193637.253235846
"435","LEIXLIP","Ennis Vaccination Centre - West County Hotel",176877.183817452
"436","LETTERKENNY","Ennis Vaccination Centre - West County Hotel",247778.224754178
"437","LIFFORD-STRANORLAR","Ennis Vaccination Centre - West County Hotel",235709.756243603
"438","LIMERICK CITY EAST","Ennis Vaccination Centre - West County Hotel",36111.9277641483
"439","LIMERICK CITY NORTH","Ennis Vaccination Centre - West County Hotel",29049.858726832
"440","LIMERICK CITY WEST","Ennis Vaccination Centre - West County Hotel",29097.9736480712
"441","LISMORE","Ennis Vaccination Centre - West County Hotel",106744.721772064
"442","LISTOWEL","Ennis Vaccination Centre - West County Hotel",57262.1282702213
"443","LONGFORD","Ennis Vaccination Centre - West County Hotel",128617.53769962
"444","LOUGHREA","Ennis Vaccination Centre - West County Hotel",52049.7998709251
"445","LUCAN","Ennis Vaccination Centre - West County Hotel",178913.569154912
"446","MACROOM","Ennis Vaccination Centre - West County Hotel",101450.352831854
"447","MALLOW","Ennis Vaccination Centre - West County Hotel",79963.4944971296
"448","MANORHAMILTON","Ennis Vaccination Centre - West County Hotel",170848.854530836
"449","MAYNOOTH","Ennis Vaccination Centre - West County Hotel",165322.560327165
"450","MIDLETON","Ennis Vaccination Centre - West County Hotel",118348.112818163
"451","MILFORD","Ennis Vaccination Centre - West County Hotel",265799.988087523
"452","MOATE","Ennis Vaccination Centre - West County Hotel",119533.40613588
"453","MONAGHAN","Ennis Vaccination Centre - West County Hotel",209178.615046836
"454","MUINEBEAG","Ennis Vaccination Centre - West County Hotel",141036.639835323
"455","MULLINGAR","Ennis Vaccination Centre - West County Hotel",135230.989821892
"456","NAAS","Ennis Vaccination Centre - West County Hotel",165248.336305602
"457","NAVAN","Ennis Vaccination Centre - West County Hotel",176540.808779216
"458","NENAGH","Ennis Vaccination Centre - West County Hotel",60612.3239946089
"459","NEW ROSS","Ennis Vaccination Centre - West County Hotel",155240.556573006
"460","NEWBRIDGE","Ennis Vaccination Centre - West County Hotel",155347.616109693
"461","NEWCASTLE WEST","Ennis Vaccination Centre - West County Hotel",46517.3891126711
"462","NEWPORT","Ennis Vaccination Centre - West County Hotel",48706.583079862
"463","NORTH INNER CITY","Ennis Vaccination Centre - West County Hotel",192182.903983582
"464","ONGAR","Ennis Vaccination Centre - West County Hotel",182097.441458947
"465","PALMERSTOWN-FONTHILL","Ennis Vaccination Centre - West County Hotel",183119.845641503
"466","PEMBROKE","Ennis Vaccination Centre - West County Hotel",192103.082742553
"467","PILTOWN","Ennis Vaccination Centre - West County Hotel",134355.248494262
"468","PORTLAOISE","Ennis Vaccination Centre - West County Hotel",113731.624534308
"469","PORTLAW-KILMACTHOMAS","Ennis Vaccination Centre - West County Hotel",121181.412827199
"470","RATHFARNHAM-TEMPLEOGUE","Ennis Vaccination Centre - West County Hotel",186145.356115082
"471","RATOATH","Ennis Vaccination Centre - West County Hotel",176744.814255405
"472","ROSCOMMON","Ennis Vaccination Centre - West County Hotel",107590.519913029
"473","ROSCREA-TEMPLEMORE","Ennis Vaccination Centre - West County Hotel",76532.6595318019
"474","ROSSLARE","Ennis Vaccination Centre - West County Hotel",176567.309187703
"475","RUSH-LUSK","Ennis Vaccination Centre - West County Hotel",198334.388282471
"476","SHANNON","Ennis Vaccination Centre - West County Hotel",18672.3587118242
"477","SKIBBEREEN-WEST CORK","Ennis Vaccination Centre - West County Hotel",132718.041112208
"478","SLIGO-DRUMCLIFF","Ennis Vaccination Centre - West County Hotel",166914.14374829
"479","SLIGO-STRANDHILL","Ennis Vaccination Centre - West County Hotel",162071.901773515
"480","SOUTH EAST INNER CITY","Ennis Vaccination Centre - West County Hotel",192290.577854101
"481","SOUTH WEST INNER CITY","Ennis Vaccination Centre - West County Hotel",188554.002476812
"482","STILLORGAN","Ennis Vaccination Centre - West County Hotel",193093.199565389
"483","SWINFORD","Ennis Vaccination Centre - West County Hotel",120210.266941145
"484","SWORDS","Ennis Vaccination Centre - West County Hotel",194614.396820942
"485","TALLAGHT CENTRAL","Ennis Vaccination Centre - West County Hotel",182670.896255275
"486","TALLAGHT SOUTH","Ennis Vaccination Centre - West County Hotel",179233.34398634
"487","THURLES","Ennis Vaccination Centre - West County Hotel",81294.6108606534
"488","TRALEE","Ennis Vaccination Centre - West County Hotel",80344.1718680486
"489","TRAMORE-WATERFORD CITY WEST","Ennis Vaccination Centre - West County Hotel",141694.645181512
"490","TRIM","Ennis Vaccination Centre - West County Hotel",158591.609662631
"491","TUAM","Ennis Vaccination Centre - West County Hotel",76366.3504662117
"492","TULLAMORE","Ennis Vaccination Centre - West County Hotel",107003.067420068
"493","TULLOW","Ennis Vaccination Centre - West County Hotel",152874.743255955
"494","WATERFORD CITY EAST","Ennis Vaccination Centre - West County Hotel",149968.762132687
"495","WATERFORD CITY SOUTH","Ennis Vaccination Centre - West County Hotel",144115.100516155
"496","WESTPORT","Ennis Vaccination Centre - West County Hotel",110690.695288952
"497","WEXFORD","Ennis Vaccination Centre - West County Hotel",175859.316113458
"498","WICKLOW","Ennis Vaccination Centre - West County Hotel",187351.479720649
"499","ADARE-RATHKEALE","Ennis Hospital Vaccination Centre",33867.1579050764
"500","ARDEE","Ennis Hospital Vaccination Centre",200928.587982037
"501","ARKLOW","Ennis Hospital Vaccination Centre",182604.023617286
"502","ARTANE-WHITEHALL","Ennis Hospital Vaccination Centre",194084.195395828
"503","ASHBOURNE","Ennis Hospital Vaccination Centre",186552.878809024
"504","ATHENRY-ORANMORE","Ennis Hospital Vaccination Centre",54977.8225975919
"505","ATHLONE","Ennis Hospital Vaccination Centre",99145.5120182876
"506","ATHLONE","Ennis Hospital Vaccination Centre",87984.1608883496
"507","ATHY","Ennis Hospital Vaccination Centre",141698.491313087
"508","BAILIEBOROUGH-COOTEHILL","Ennis Hospital Vaccination Centre",177566.430964926
"509","BALBRIGGAN","Ennis Hospital Vaccination Centre",204396.46998725
"510","BALLINA","Ennis Hospital Vaccination Centre",144626.64467053
"511","BALLINAMORE","Ennis Hospital Vaccination Centre",151281.780397908
"512","BALLINASLOE","Ennis Hospital Vaccination Centre",76360.0298168621
"513","BALLYBAY-CLONES","Ennis Hospital Vaccination Centre",192577.039637723
"514","BALLYFERMOT-DRIMNAGH","Ennis Hospital Vaccination Centre",184355.973544726
"515","BALLYJAMESDUFF","Ennis Hospital Vaccination Centre",158759.980337159
"516","BALLYMAHON","Ennis Hospital Vaccination Centre",115977.677770649
"517","BALLYMOTE-TOBERCURRY","Ennis Hospital Vaccination Centre",141209.201893246
"518","BALLYMUN-FINGLAS","Ennis Hospital Vaccination Centre",189737.756363793
"519","BALTINGLASS","Ennis Hospital Vaccination Centre",164536.45528105
"520","BANDON-KINSALE","Ennis Hospital Vaccination Centre",128376.188686705
"521","BANTRY-WEST CORK","Ennis Hospital Vaccination Centre",139101.39650814
"522","BELMULLET","Ennis Hospital Vaccination Centre",148000.29444003
"523","BIRR","Ennis Hospital Vaccination Centre",82564.624168496
"524","BLACKROCK","Ennis Hospital Vaccination Centre",193683.762605821
"525","BLANCHARDSTOWN-MULHUDDART","Ennis Hospital Vaccination Centre",187167.37517344
"526","BORRIS-IN-OSSORY-MOUNTMELLICK","Ennis Hospital Vaccination Centre",99782.4302003437
"527","BOYLE","Ennis Hospital Vaccination Centre",126100.866778032
"528","BRAY EAST","Ennis Hospital Vaccination Centre",196608.831558862
"529","BRAY WEST","Ennis Hospital Vaccination Centre",188956.339144272
"530","BUNCRANA","Ennis Hospital Vaccination Centre",269704.564799152
"531","CABRA-GLASNEVIN","Ennis Hospital Vaccination Centre",187825.841084828
"532","CAHIR","Ennis Hospital Vaccination Centre",91676.22353141
"533","CALLAN-THOMASTOWN","Ennis Hospital Vaccination Centre",127162.456150108
"534","CAPPAMORE-KILMALLOCK","Ennis Hospital Vaccination Centre",57385.9005949142
"535","CARLOW","Ennis Hospital Vaccination Centre",140738.152946489
"536","CARNDONAGH","Ennis Hospital Vaccination Centre",289865.112357922
"537","CARRICK-ON-SHANNON","Ennis Hospital Vaccination Centre",137632.503906987
"538","CARRICK-ON-SUIR","Ennis Hospital Vaccination Centre",100699.913846548
"539","CARRICKMACROSS-CASTLEBLAYNEY","Ennis Hospital Vaccination Centre",199685.516624286
"540","CARRIGALINE","Ennis Hospital Vaccination Centre",123365.537748255
"541","CASHEL-TIPPERARY","Ennis Hospital Vaccination Centre",71274.0048261509
"542","CASTLEBAR","Ennis Hospital Vaccination Centre",108806.601192115
"543","CASTLECOMER","Ennis Hospital Vaccination Centre",113619.102478293
"544","CASTLEISLAND","Ennis Hospital Vaccination Centre",76419.4035791873
"545","CASTLEKNOCK","Ennis Hospital Vaccination Centre",181813.519225675
"546","CAVAN-BELTURBET","Ennis Hospital Vaccination Centre",165553.556322451
"547","CELBRIDGE","Ennis Hospital Vaccination Centre",171102.578308708
"548","CLANE","Ennis Hospital Vaccination Centre",150056.753320977
"549","CLAREMORRIS","Ennis Hospital Vaccination Centre",90031.4411253853
"550","CLONDALKIN","Ennis Hospital Vaccination Centre",175319.230270479
"551","CLONMEL","Ennis Hospital Vaccination Centre",100920.92352182
"552","CLONTARF","Ennis Hospital Vaccination Centre",194590.311982858
"553","COBH","Ennis Hospital Vaccination Centre",107788.498643266
"554","CONAMARA NORTH","Ennis Hospital Vaccination Centre",82384.352391657
"555","CONAMARA SOUTH","Ennis Hospital Vaccination Centre",54551.3411648838
"556","CORCA DHUIBHNE","Ennis Hospital Vaccination Centre",106807.306099439
"557","CORK CITY NORTH EAST","Ennis Hospital Vaccination Centre",110042.835674679
"558","CORK CITY NORTH WEST","Ennis Hospital Vaccination Centre",108453.497935858
"559","CORK CITY SOUTH CENTRAL","Ennis Hospital Vaccination Centre",115446.929709832
"560","CORK CITY SOUTH EAST","Ennis Hospital Vaccination Centre",116403.109120373
"561","CORK CITY SOUTH WEST","Ennis Hospital Vaccination Centre",113789.710888587
"562","DONAGHMEDE","Ennis Hospital Vaccination Centre",197774.300284669
"563","DONEGAL","Ennis Hospital Vaccination Centre",204742.41988912
"564","DROGHEDA RURAL","Ennis Hospital Vaccination Centre",202619.834058364
"565","DROGHEDA URBAN","Ennis Hospital Vaccination Centre",199661.63778305
"566","DÚN LAOGHAIRE","Ennis Hospital Vaccination Centre",196662.402410467
"567","DUNDALK-CARLINGFORD","Ennis Hospital Vaccination Centre",221067.541793814
"568","DUNDALK SOUTH","Ennis Hospital Vaccination Centre",209214.97323483
"569","DUNDRUM","Ennis Hospital Vaccination Centre",189167.322753661
"570","DUNGARVAN","Ennis Hospital Vaccination Centre",124702.338807082
"571","EDENDERRY","Ennis Hospital Vaccination Centre",127681.42412273
"572","ENNIS","Ennis Hospital Vaccination Centre",1161.13441870312
"573","ENNISCORTHY","Ennis Hospital Vaccination Centre",163229.033287085
"574","ENNISTIMON","Ennis Hospital Vaccination Centre",19754.5560166314
"575","FERMOY","Ennis Hospital Vaccination Centre",89327.3817294661
"576","FIRHOUSE-BOHERNABREENA","Ennis Hospital Vaccination Centre",182550.509457933
"577","GALWAY CITY CENTRAL","Ennis Hospital Vaccination Centre",48364.8589863539
"578","GALWAY CITY EAST","Ennis Hospital Vaccination Centre",47403.1460265958
"579","GALWAY CITY WEST","Ennis Hospital Vaccination Centre",46252.8508978033
"580","GLENCULLEN-SANDYFORD","Ennis Hospital Vaccination Centre",188907.64365947
"581","GLENTIES","Ennis Hospital Vaccination Centre",237963.858781295
"582","GOREY","Ennis Hospital Vaccination Centre",179312.64615188
"583","GORT-KINVARA","Ennis Hospital Vaccination Centre",32099.1397611526
"584","GRAIGUECULLEN-PORTARLINGTON","Ennis Hospital Vaccination Centre",127019.044641514
"585","GRANARD","Ennis Hospital Vaccination Centre",139972.564356059
"586","GREYSTONES","Ennis Hospital Vaccination Centre",196796.640795328
"587","HOWTH-MALAHIDE","Ennis Hospital Vaccination Centre",199235.436672503
"588","KANTURK","Ennis Hospital Vaccination Centre",71226.9337415474
"589","KELLS","Ennis Hospital Vaccination Centre",171017.991003967
"590","KENMARE","Ennis Hospital Vaccination Centre",120881.612791887
"591","KILDARE","Ennis Hospital Vaccination Centre",141071.994109361
"592","KILKENNY","Ennis Hospital Vaccination Centre",117605.297530713
"593","KILLALOE","Ennis Hospital Vaccination Centre",23046.7687550938
"594","KILLARNEY","Ennis Hospital Vaccination Centre",96407.3807413119
"595","KILLINEY-SHANKILL","Ennis Hospital Vaccination Centre",194909.711611805
"596","KILMUCKRIDGE","Ennis Hospital Vaccination Centre",179696.041344389
"597","KILRUSH","Ennis Hospital Vaccination Centre",29874.8467843899
"598","KIMMAGE-RATHMINES","Ennis Hospital Vaccination Centre",187627.912567871
"599","KINNEGAD","Ennis Hospital Vaccination Centre",143468.180723086
"600","LAYTOWN-BETTYSTOWN","Ennis Hospital Vaccination Centre",192256.005947424
"601","LEIXLIP","Ennis Hospital Vaccination Centre",175897.081414003
"602","LETTERKENNY","Ennis Hospital Vaccination Centre",245389.113489641
"603","LIFFORD-STRANORLAR","Ennis Hospital Vaccination Centre",233341.517152545
"604","LIMERICK CITY EAST","Ennis Hospital Vaccination Centre",37461.9705738614
"605","LIMERICK CITY NORTH","Ennis Hospital Vaccination Centre",30569.7591087243
"606","LIMERICK CITY WEST","Ennis Hospital Vaccination Centre",30989.7493424809
"607","LISMORE","Ennis Hospital Vaccination Centre",108430.594667223
"608","LISTOWEL","Ennis Hospital Vaccination Centre",59185.3544082154
"609","LONGFORD","Ennis Hospital Vaccination Centre",126581.929338779
"610","LOUGHREA","Ennis Hospital Vaccination Centre",50294.9910514384
"611","LUCAN","Ennis Hospital Vaccination Centre",177978.890808706
"612","MACROOM","Ennis Hospital Vaccination Centre",103914.765149113
"613","MALLOW","Ennis Hospital Vaccination Centre",82327.7789974958
"614","MANORHAMILTON","Ennis Hospital Vaccination Centre",168458.696118448
"615","MAYNOOTH","Ennis Hospital Vaccination Centre",164299.640786955
"616","MIDLETON","Ennis Hospital Vaccination Centre",120386.593758767
"617","MILFORD","Ennis Hospital Vaccination Centre",263406.709183298
"618","MOATE","Ennis Hospital Vaccination Centre",117947.947961945
"619","MONAGHAN","Ennis Hospital Vaccination Centre",207175.550603313
"620","MUINEBEAG","Ennis Hospital Vaccination Centre",141237.871242593
"621","MULLINGAR","Ennis Hospital Vaccination Centre",133717.013899276
"622","NAAS","Ennis Hospital Vaccination Centre",164465.412581913
"623","NAVAN","Ennis Hospital Vaccination Centre",175152.9378737
"624","NENAGH","Ennis Hospital Vaccination Centre",59793.7908299159
"625","NEW ROSS","Ennis Hospital Vaccination Centre",155929.280686782
"626","NEWBRIDGE","Ennis Hospital Vaccination Centre",154626.755108423
"627","NEWCASTLE WEST","Ennis Hospital Vaccination Centre",48973.0780201938
"628","NEWPORT","Ennis Hospital Vaccination Centre",48955.2284773287
"629","NORTH INNER CITY","Ennis Hospital Vaccination Centre",191289.380117176
"630","ONGAR","Ennis Hospital Vaccination Centre",181106.241424163
"631","PALMERSTOWN-FONTHILL","Ennis Hospital Vaccination Centre",182200.054173168
"632","PEMBROKE","Ennis Hospital Vaccination Centre",191251.407638959
"633","PILTOWN","Ennis Hospital Vaccination Centre",135217.168997025
"634","PORTLAOISE","Ennis Hospital Vaccination Centre",113273.489858197
"635","PORTLAW-KILMACTHOMAS","Ennis Hospital Vaccination Centre",122399.273762504
"636","RATHFARNHAM-TEMPLEOGUE","Ennis Hospital Vaccination Centre",185306.947923642
"637","RATOATH","Ennis Hospital Vaccination Centre",175614.479881732
"638","ROSCOMMON","Ennis Hospital Vaccination Centre",105262.669661391
"639","ROSCREA-TEMPLEMORE","Ennis Hospital Vaccination Centre",76449.9250918108
"640","ROSSLARE","Ennis Hospital Vaccination Centre",177329.039471136
"641","RUSH-LUSK","Ennis Hospital Vaccination Centre",197212.033424388
"642","SHANNON","Ennis Hospital Vaccination Centre",20416.1552824525
"643","SKIBBEREEN-WEST CORK","Ennis Hospital Vaccination Centre",135188.313585502
"644","SLIGO-DRUMCLIFF","Ennis Hospital Vaccination Centre",164471.561608033
"645","SLIGO-STRANDHILL","Ennis Hospital Vaccination Centre",159622.593546476
"646","SOUTH EAST INNER CITY","Ennis Hospital Vaccination Centre",191416.250178702
"647","SOUTH WEST INNER CITY","Ennis Hospital Vaccination Centre",187666.018172621
"648","STILLORGAN","Ennis Hospital Vaccination Centre",192297.283252937
"649","SWINFORD","Ennis Hospital Vaccination Centre",117739.975970315
"650","SWORDS","Ennis Hospital Vaccination Centre",193575.690913884
"651","TALLAGHT CENTRAL","Ennis Hospital Vaccination Centre",181823.559820668
"652","TALLAGHT SOUTH","Ennis Hospital Vaccination Centre",178436.418800874
"653","THURLES","Ennis Hospital Vaccination Centre",81733.1663894372
"654","TRALEE","Ennis Hospital Vaccination Centre",82323.7870969113
"655","TRAMORE-WATERFORD CITY WEST","Ennis Hospital Vaccination Centre",142811.537972128
"656","TRIM","Ennis Hospital Vaccination Centre",157310.123188075
"657","TUAM","Ennis Hospital Vaccination Centre",73897.5592709205
"658","TULLAMORE","Ennis Hospital Vaccination Centre",105743.75472789
"659","TULLOW","Ennis Hospital Vaccination Centre",152817.047644615
"660","WATERFORD CITY EAST","Ennis Hospital Vaccination Centre",151000.046241862
"661","WATERFORD CITY SOUTH","Ennis Hospital Vaccination Centre",145173.041416151
"662","WESTPORT","Ennis Hospital Vaccination Centre",108474.190276705
"663","WEXFORD","Ennis Hospital Vaccination Centre",176446.300219032
"664","WICKLOW","Ennis Hospital Vaccination Centre",186899.58570081
"665","ADARE-RATHKEALE","Cork Vaccination Centre - City Hall",79247.5972872999
"666","ARDEE","Cork Vaccination Centre - City Hall",256948.650166853
"667","ARKLOW","Cork Vaccination Centre - City Hall",185536.167783136
"668","ARTANE-WHITEHALL","Cork Vaccination Centre - City Hall",225386.581062895
"669","ASHBOURNE","Cork Vaccination Centre - City Hall",231467.734391636
"670","ATHENRY-ORANMORE","Cork Vaccination Centre - City Hall",162597.03663964
"671","ATHLONE","Cork Vaccination Centre - City Hall",177138.15023376
"672","ATHLONE","Cork Vaccination Centre - City Hall",175792.438296558
"673","ATHY","Cork Vaccination Centre - City Hall",163281.356814457
"674","BAILIEBOROUGH-COOTEHILL","Cork Vaccination Centre - City Hall",250096.809423757
"675","BALBRIGGAN","Cork Vaccination Centre - City Hall",242953.658272879
"676","BALLINA","Cork Vaccination Centre - City Hall",256318.531599932
"677","BALLINAMORE","Cork Vaccination Centre - City Hall",241505.720962238
"678","BALLINASLOE","Cork Vaccination Centre - City Hall",173366.010993322
"679","BALLYBAY-CLONES","Cork Vaccination Centre - City Hall",267155.277950153
"680","BALLYFERMOT-DRIMNAGH","Cork Vaccination Centre - City Hall",215023.620457236
"681","BALLYJAMESDUFF","Cork Vaccination Centre - City Hall",233239.947488131
"682","BALLYMAHON","Cork Vaccination Centre - City Hall",197438.406133734
"683","BALLYMOTE-TOBERCURRY","Cork Vaccination Centre - City Hall",247138.443086258
"684","BALLYMUN-FINGLAS","Cork Vaccination Centre - City Hall",222149.35294639
"685","BALTINGLASS","Cork Vaccination Centre - City Hall",176848.369659224
"686","BANDON-KINSALE","Cork Vaccination Centre - City Hall",24215.4350280808
"687","BANTRY-WEST CORK","Cork Vaccination Centre - City Hall",79536.4823397774
"688","BELMULLET","Cork Vaccination Centre - City Hall",260686.39246967
"689","BIRR","Cork Vaccination Centre - City Hall",144318.722283192
"690","BLACKROCK","Cork Vaccination Centre - City Hall",219198.752880579
"691","BLANCHARDSTOWN-MULHUDDART","Cork Vaccination Centre - City Hall",221969.755367883
"692","BORRIS-IN-OSSORY-MOUNTMELLICK","Cork Vaccination Centre - City Hall",138017.855619626
"693","BOYLE","Cork Vaccination Centre - City Hall",223280.752315248
"694","BRAY EAST","Cork Vaccination Centre - City Hall",215876.281396812
"695","BRAY WEST","Cork Vaccination Centre - City Hall",208531.88088658
"696","BUNCRANA","Cork Vaccination Centre - City Hall",362982.047821067
"697","CABRA-GLASNEVIN","Cork Vaccination Centre - City Hall",219196.726461038
"698","CAHIR","Cork Vaccination Centre - City Hall",57961.6944856878
"699","CALLAN-THOMASTOWN","Cork Vaccination Centre - City Hall",111732.444466665
"700","CAPPAMORE-KILMALLOCK","Cork Vaccination Centre - City Hall",63459.0640198013
"701","CARLOW","Cork Vaccination Centre - City Hall",149301.952375919
"702","CARNDONAGH","Cork Vaccination Centre - City Hall",382197.680176433
"703","CARRICK-ON-SHANNON","Cork Vaccination Centre - City Hall",228537.988832206
"704","CARRICK-ON-SUIR","Cork Vaccination Centre - City Hall",90543.4595933618
"705","CARRICKMACROSS-CASTLEBLAYNEY","Cork Vaccination Centre - City Hall",265546.086990759
"706","CARRIGALINE","Cork Vaccination Centre - City Hall",10636.4240094703
"707","CASHEL-TIPPERARY","Cork Vaccination Centre - City Hall",73207.0928049308
"708","CASTLEBAR","Cork Vaccination Centre - City Hall",221116.724678168
"709","CASTLECOMER","Cork Vaccination Centre - City Hall",122249.017357252
"710","CASTLEISLAND","Cork Vaccination Centre - City Hall",75936.7108982843
"711","CASTLEKNOCK","Cork Vaccination Centre - City Hall",215664.178225079
"712","CAVAN-BELTURBET","Cork Vaccination Centre - City Hall",252982.827500791
"713","CELBRIDGE","Cork Vaccination Centre - City Hall",205362.425891597
"714","CLANE","Cork Vaccination Centre - City Hall",192343.062365985
"715","CLAREMORRIS","Cork Vaccination Centre - City Hall",200932.603548716
"716","CLONDALKIN","Cork Vaccination Centre - City Hall",205931.318589072
"717","CLONMEL","Cork Vaccination Centre - City Hall",77789.4278984579
"718","CLONTARF","Cork Vaccination Centre - City Hall",224413.195006145
"719","COBH","Cork Vaccination Centre - City Hall",9672.5997150661
"720","CONAMARA NORTH","Cork Vaccination Centre - City Hall",193309.378340092
"721","CONAMARA SOUTH","Cork Vaccination Centre - City Hall",166505.015584218
"722","CORCA DHUIBHNE","Cork Vaccination Centre - City Hall",116692.747160728
"723","CORK CITY NORTH EAST","Cork Vaccination Centre - City Hall",4573.80456189214
"724","CORK CITY NORTH WEST","Cork Vaccination Centre - City Hall",6852.41020257104
"725","CORK CITY SOUTH CENTRAL","Cork Vaccination Centre - City Hall",2876.24748458588
"726","CORK CITY SOUTH EAST","Cork Vaccination Centre - City Hall",4634.78951075522
"727","CORK CITY SOUTH WEST","Cork Vaccination Centre - City Hall",5576.84790957124
"728","DONAGHMEDE","Cork Vaccination Centre - City Hall",227831.380295153
"729","DONEGAL","Cork Vaccination Centre - City Hall",305986.640226551
"730","DROGHEDA RURAL","Cork Vaccination Centre - City Hall",252134.421002239
"731","DROGHEDA URBAN","Cork Vaccination Centre - City Hall",247497.063061335
"732","DÚN LAOGHAIRE","Cork Vaccination Centre - City Hall",220701.440585259
"733","DUNDALK-CARLINGFORD","Cork Vaccination Centre - City Hall",279038.124507262
"734","DUNDALK SOUTH","Cork Vaccination Centre - City Hall",268652.484295955
"735","DUNDRUM","Cork Vaccination Centre - City Hall",215922.009832007
"736","DUNGARVAN","Cork Vaccination Centre - City Hall",55815.1547784736
"737","EDENDERRY","Cork Vaccination Centre - City Hall",175835.706315724
"738","ENNIS","Cork Vaccination Centre - City Hall",111569.3769879
"739","ENNISCORTHY","Cork Vaccination Centre - City Hall",146143.78141219
"740","ENNISTIMON","Cork Vaccination Centre - City Hall",131279.988717045
"741","FERMOY","Cork Vaccination Centre - City Hall",31060.2558239157
"742","FIRHOUSE-BOHERNABREENA","Cork Vaccination Centre - City Hall",207774.369400122
"743","GALWAY CITY CENTRAL","Cork Vaccination Centre - City Hall",160387.428487062
"744","GALWAY CITY EAST","Cork Vaccination Centre - City Hall",158700.342364599
"745","GALWAY CITY WEST","Cork Vaccination Centre - City Hall",158661.824859767
"746","GLENCULLEN-SANDYFORD","Cork Vaccination Centre - City Hall",212813.942268377
"747","GLENTIES","Cork Vaccination Centre - City Hall",340165.435589125
"748","GOREY","Cork Vaccination Centre - City Hall",170059.200896035
"749","GORT-KINVARA","Cork Vaccination Centre - City Hall",138622.935976544
"750","GRAIGUECULLEN-PORTARLINGTON","Cork Vaccination Centre - City Hall",151588.743628904
"751","GRANARD","Cork Vaccination Centre - City Hall",220225.149467143
"752","GREYSTONES","Cork Vaccination Centre - City Hall",210498.605325006
"753","HOWTH-MALAHIDE","Cork Vaccination Centre - City Hall",230509.917331951
"754","KANTURK","Cork Vaccination Centre - City Hall",50474.6352011712
"755","KELLS","Cork Vaccination Centre - City Hall",232187.218276818
"756","KENMARE","Cork Vaccination Centre - City Hall",95544.8772106355
"757","KILDARE","Cork Vaccination Centre - City Hall",175803.581521081
"758","KILKENNY","Cork Vaccination Centre - City Hall",118317.323073409
"759","KILLALOE","Cork Vaccination Centre - City Hall",110538.631346891
"760","KILLARNEY","Cork Vaccination Centre - City Hall",68567.4211046349
"761","KILLINEY-SHANKILL","Cork Vaccination Centre - City Hall",216708.763914758
"762","KILMUCKRIDGE","Cork Vaccination Centre - City Hall",157714.8625451
"763","KILRUSH","Cork Vaccination Centre - City Hall",108391.144241144
"764","KIMMAGE-RATHMINES","Cork Vaccination Centre - City Hall",216349.275931583
"765","KINNEGAD","Cork Vaccination Centre - City Hall",207634.318855335
"766","LAYTOWN-BETTYSTOWN","Cork Vaccination Centre - City Hall",242599.867972625
"767","LEIXLIP","Cork Vaccination Centre - City Hall",211468.695559964
"768","LETTERKENNY","Cork Vaccination Centre - City Hall",342833.383600374
"769","LIFFORD-STRANORLAR","Cork Vaccination Centre - City Hall",329504.162844276
"770","LIMERICK CITY EAST","Cork Vaccination Centre - City Hall",84229.1008844358
"771","LIMERICK CITY NORTH","Cork Vaccination Centre - City Hall",87169.7359485461
"772","LIMERICK CITY WEST","Cork Vaccination Centre - City Hall",83603.1945347702
"773","LISMORE","Cork Vaccination Centre - City Hall",48106.7346705255
"774","LISTOWEL","Cork Vaccination Centre - City Hall",97223.4211269143
"775","LONGFORD","Cork Vaccination Centre - City Hall",211124.296414137
"776","LOUGHREA","Cork Vaccination Centre - City Hall",140131.755152687
"777","LUCAN","Cork Vaccination Centre - City Hall",211350.150867249
"778","MACROOM","Cork Vaccination Centre - City Hall",34173.1195454365
"779","MALLOW","Cork Vaccination Centre - City Hall",31480.6881015438
"780","MANORHAMILTON","Cork Vaccination Centre - City Hall",267837.334231206
"781","MAYNOOTH","Cork Vaccination Centre - City Hall",203446.433560913
"782","MIDLETON","Cork Vaccination Centre - City Hall",26694.2607583865
"783","MILFORD","Cork Vaccination Centre - City Hall",360855.219575495
"784","MOATE","Cork Vaccination Centre - City Hall",186660.783054031
"785","MONAGHAN","Cork Vaccination Centre - City Hall",284151.344258102
"786","MUINEBEAG","Cork Vaccination Centre - City Hall",135584.549307419
"787","MULLINGAR","Cork Vaccination Centre - City Hall",197127.259882612
"788","NAAS","Cork Vaccination Centre - City Hall",193817.457678125
"789","NAVAN","Cork Vaccination Centre - City Hall",227726.95293407
"790","NENAGH","Cork Vaccination Centre - City Hall",124605.864437876
"791","NEW ROSS","Cork Vaccination Centre - City Hall",123846.371579497
"792","NEWBRIDGE","Cork Vaccination Centre - City Hall",183363.008789643
"793","NEWCASTLE WEST","Cork Vaccination Centre - City Hall",72904.7208833341
"794","NEWPORT","Cork Vaccination Centre - City Hall",99039.9869630282
"795","NORTH INNER CITY","Cork Vaccination Centre - City Hall",221018.070209214
"796","ONGAR","Cork Vaccination Centre - City Hall",216375.548256172
"797","PALMERSTOWN-FONTHILL","Cork Vaccination Centre - City Hall",214322.779422258
"798","PEMBROKE","Cork Vaccination Centre - City Hall",219207.741744084
"799","PILTOWN","Cork Vaccination Centre - City Hall",102210.569883973
"800","PORTLAOISE","Cork Vaccination Centre - City Hall",143173.27861501
"801","PORTLAW-KILMACTHOMAS","Cork Vaccination Centre - City Hall",78057.7656858015
"802","RATHFARNHAM-TEMPLEOGUE","Cork Vaccination Centre - City Hall",213552.625238401
"803","RATOATH","Cork Vaccination Centre - City Hall",217449.178088475
"804","ROSCOMMON","Cork Vaccination Centre - City Hall",204049.908321555
"805","ROSCREA-TEMPLEMORE","Cork Vaccination Centre - City Hall",111924.540684973
"806","ROSSLARE","Cork Vaccination Centre - City Hall",136244.601463689
"807","RUSH-LUSK","Cork Vaccination Centre - City Hall",235932.93795933
"808","SHANNON","Cork Vaccination Centre - City Hall",93975.854675543
"809","SKIBBEREEN-WEST CORK","Cork Vaccination Centre - City Hall",50703.6883188624
"810","SLIGO-DRUMCLIFF","Cork Vaccination Centre - City Hall",268024.242168788
"811","SLIGO-STRANDHILL","Cork Vaccination Centre - City Hall",263946.385275623
"812","SOUTH EAST INNER CITY","Cork Vaccination Centre - City Hall",220312.215901094
"813","SOUTH WEST INNER CITY","Cork Vaccination Centre - City Hall",217664.042942621
"814","STILLORGAN","Cork Vaccination Centre - City Hall",217734.750459643
"815","SWINFORD","Cork Vaccination Centre - City Hall",226413.814933603
"816","SWORDS","Cork Vaccination Centre - City Hall",229172.74229854
"817","TALLAGHT CENTRAL","Cork Vaccination Centre - City Hall",210964.530751083
"818","TALLAGHT SOUTH","Cork Vaccination Centre - City Hall",205991.788124632
"819","THURLES","Cork Vaccination Centre - City Hall",97353.2124102422
"820","TRALEE","Cork Vaccination Centre - City Hall",97777.0194872945
"821","TRAMORE-WATERFORD CITY WEST","Cork Vaccination Centre - City Hall",94255.2133080051
"822","TRIM","Cork Vaccination Centre - City Hall",207969.756201397
"823","TUAM","Cork Vaccination Centre - City Hall",182892.573524591
"824","TULLAMORE","Cork Vaccination Centre - City Hall",165717.848902077
"825","TULLOW","Cork Vaccination Centre - City Hall",154752.752490287
"826","WATERFORD CITY EAST","Cork Vaccination Centre - City Hall",103874.681727527
"827","WATERFORD CITY SOUTH","Cork Vaccination Centre - City Hall",98722.2450427148
"828","WESTPORT","Cork Vaccination Centre - City Hall",220991.512832734
"829","WEXFORD","Cork Vaccination Centre - City Hall",143829.492836028
"830","WICKLOW","Cork Vaccination Centre - City Hall",198467.604942221
"831","ADARE-RATHKEALE","Bantry Vaccination Centre",105710.823052119
"832","ARDEE","Bantry Vaccination Centre",315666.284391402
"833","ARKLOW","Bantry Vaccination Centre",255167.005860793
"834","ARTANE-WHITEHALL","Bantry Vaccination Centre",290554.416556806
"835","ASHBOURNE","Bantry Vaccination Centre",293143.930486665
"836","ATHENRY-ORANMORE","Bantry Vaccination Centre",190417.173829233
"837","ATHLONE","Bantry Vaccination Centre",224275.813712173
"838","ATHLONE","Bantry Vaccination Centre",217956.780841245
"839","ATHY","Bantry Vaccination Centre",228561.726321062
"840","BAILIEBOROUGH-COOTEHILL","Bantry Vaccination Centre",302109.965119188
"841","BALBRIGGAN","Bantry Vaccination Centre",306701.308888015
"842","BALLINA","Bantry Vaccination Centre",275054.755358435
"843","BALLINAMORE","Bantry Vaccination Centre",283938.453438157
"844","BALLINASLOE","Bantry Vaccination Centre",209951.132964658
"845","BALLYBAY-CLONES","Bantry Vaccination Centre",318556.162534943
"846","BALLYFERMOT-DRIMNAGH","Bantry Vaccination Centre",280071.281680701
"847","BALLYJAMESDUFF","Bantry Vaccination Centre",283974.932011767
"848","BALLYMAHON","Bantry Vaccination Centre",243754.514920391
"849","BALLYMOTE-TOBERCURRY","Bantry Vaccination Centre",276363.666721008
"850","BALLYMUN-FINGLAS","Bantry Vaccination Centre",286964.573642421
"851","BALTINGLASS","Bantry Vaccination Centre",244647.553507028
"852","BANDON-KINSALE","Bantry Vaccination Centre",53793.4010772285
"853","BANTRY-WEST CORK","Bantry Vaccination Centre",7479.87533320235
"854","BELMULLET","Bantry Vaccination Centre",270897.743751613
"855","BIRR","Bantry Vaccination Centre",195866.687830158
"856","BLACKROCK","Bantry Vaccination Centre",285542.268138659
"857","BLANCHARDSTOWN-MULHUDDART","Bantry Vaccination Centre",286180.524180922
"858","BORRIS-IN-OSSORY-MOUNTMELLICK","Bantry Vaccination Centre",197035.019545448
"859","BOYLE","Bantry Vaccination Centre",260663.704703384
"860","BRAY EAST","Bantry Vaccination Centre",283435.821267193
"861","BRAY WEST","Bantry Vaccination Centre",275851.502427083
"862","BUNCRANA","Bantry Vaccination Centre",404230.105139702
"863","CABRA-GLASNEVIN","Bantry Vaccination Centre",284188.016977438
"864","CAHIR","Bantry Vaccination Centre",124330.566362723
"865","CALLAN-THOMASTOWN","Bantry Vaccination Centre",181316.2645443
"866","CAPPAMORE-KILMALLOCK","Bantry Vaccination Centre",112215.906232815
"867","CARLOW","Bantry Vaccination Centre",216697.086453803
"868","CARNDONAGH","Bantry Vaccination Centre",424231.851169
"869","CARRICK-ON-SHANNON","Bantry Vaccination Centre",270330.748743186
"870","CARRICK-ON-SUIR","Bantry Vaccination Centre",157072.93698022
"871","CARRICKMACROSS-CASTLEBLAYNEY","Bantry Vaccination Centre",320734.61594558
"872","CARRIGALINE","Bantry Vaccination Centre",72410.0959473929
"873","CASHEL-TIPPERARY","Bantry Vaccination Centre",131512.398812388
"874","CASTLEBAR","Bantry Vaccination Centre",238508.588235558
"875","CASTLECOMER","Bantry Vaccination Centre",187849.918205471
"876","CASTLEISLAND","Bantry Vaccination Centre",61631.5688097164
"877","CASTLEKNOCK","Bantry Vaccination Centre",279942.385683481
"878","CAVAN-BELTURBET","Bantry Vaccination Centre",297316.116137151
"879","CELBRIDGE","Bantry Vaccination Centre",269222.687862517
"880","CLANE","Bantry Vaccination Centre",253510.86819012
"881","CLAREMORRIS","Bantry Vaccination Centre",223215.028050763
"882","CLONDALKIN","Bantry Vaccination Centre",270726.333454219
"883","CLONMEL","Bantry Vaccination Centre",145531.538181272
"884","CLONTARF","Bantry Vaccination Centre",289908.359301088
"885","COBH","Bantry Vaccination Centre",80515.3159378539
"886","CONAMARA NORTH","Bantry Vaccination Centre",200223.032155894
"887","CONAMARA SOUTH","Bantry Vaccination Centre",178799.472957406
"888","CORCA DHUIBHNE","Bantry Vaccination Centre",72253.8011567241
"889","CORK CITY NORTH EAST","Bantry Vaccination Centre",75869.1162720679
"890","CORK CITY NORTH WEST","Bantry Vaccination Centre",67119.9292269619
"891","CORK CITY SOUTH CENTRAL","Bantry Vaccination Centre",71113.4458857937
"892","CORK CITY SOUTH EAST","Bantry Vaccination Centre",74957.2827684002
"893","CORK CITY SOUTH WEST","Bantry Vaccination Centre",66574.9907270391
"894","DONAGHMEDE","Bantry Vaccination Centre",293354.938956188
"895","DONEGAL","Bantry Vaccination Centre",340202.562033225
"896","DROGHEDA RURAL","Bantry Vaccination Centre",312904.526119035
"897","DROGHEDA URBAN","Bantry Vaccination Centre",308685.968343807
"898","DÚN LAOGHAIRE","Bantry Vaccination Centre",287400.302975795
"899","DUNDALK-CARLINGFORD","Bantry Vaccination Centre",337497.848611974
"900","DUNDALK SOUTH","Bantry Vaccination Centre",326386.362437808
"901","DUNDRUM","Bantry Vaccination Centre",281906.54807977
"902","DUNGARVAN","Bantry Vaccination Centre",127907.774767789
"903","EDENDERRY","Bantry Vaccination Centre",234428.045307529
"904","ENNIS","Bantry Vaccination Centre",134485.478258879
"905","ENNISCORTHY","Bantry Vaccination Centre",217274.314182952
"906","ENNISTIMON","Bantry Vaccination Centre",147958.245315271
"907","FERMOY","Bantry Vaccination Centre",94171.4333033065
"908","FIRHOUSE-BOHERNABREENA","Bantry Vaccination Centre",273880.561561251
"909","GALWAY CITY CENTRAL","Bantry Vaccination Centre",181572.525482493
"910","GALWAY CITY EAST","Bantry Vaccination Centre",181610.248775489
"911","GALWAY CITY WEST","Bantry Vaccination Centre",178677.936827519
"912","GLENCULLEN-SANDYFORD","Bantry Vaccination Centre",279344.793451041
"913","GLENTIES","Bantry Vaccination Centre",373373.799978397
"914","GOREY","Bantry Vaccination Centre",240903.307929309
"915","GORT-KINVARA","Bantry Vaccination Centre",167263.365070125
"916","GRAIGUECULLEN-PORTARLINGTON","Bantry Vaccination Centre",215496.530344156
"917","GRANARD","Bantry Vaccination Centre",267840.544556645
"918","GREYSTONES","Bantry Vaccination Centre",278969.721580886
"919","HOWTH-MALAHIDE","Bantry Vaccination Centre",295809.040747455
"920","KANTURK","Bantry Vaccination Centre",68371.00623001
"921","KELLS","Bantry Vaccination Centre",288438.86647178
"922","KENMARE","Bantry Vaccination Centre",38455.4421249154
"923","KILDARE","Bantry Vaccination Centre",238376.764233675
"924","KILKENNY","Bantry Vaccination Centre",185356.597876856
"925","KILLALOE","Bantry Vaccination Centre",145257.237088211
"926","KILLARNEY","Bantry Vaccination Centre",40361.4988076541
"927","KILLINEY-SHANKILL","Bantry Vaccination Centre",283780.313702478
"928","KILMUCKRIDGE","Bantry Vaccination Centre",229440.278171381
"929","KILRUSH","Bantry Vaccination Centre",114967.729074577
"930","KIMMAGE-RATHMINES","Bantry Vaccination Centre",281894.460818991
"931","KINNEGAD","Bantry Vaccination Centre",261970.314982212
"932","LAYTOWN-BETTYSTOWN","Bantry Vaccination Centre",302885.096132731
"933","LEIXLIP","Bantry Vaccination Centre",275179.384574655
"934","LETTERKENNY","Bantry Vaccination Centre",380624.706427151
"935","LIFFORD-STRANORLAR","Bantry Vaccination Centre",368344.028832799
"936","LIMERICK CITY EAST","Bantry Vaccination Centre",124975.592645652
"937","LIMERICK CITY NORTH","Bantry Vaccination Centre",123499.70140186
"938","LIMERICK CITY WEST","Bantry Vaccination Centre",117583.381856724
"939","LISMORE","Bantry Vaccination Centre",119083.561235766
"940","LISTOWEL","Bantry Vaccination Centre",87293.6410589009
"941","LONGFORD","Bantry Vaccination Centre",256257.387016422
"942","LOUGHREA","Bantry Vaccination Centre",178988.495483351
"943","LUCAN","Bantry Vaccination Centre",275623.79546726
"944","MACROOM","Bantry Vaccination Centre",43630.1554139023
"945","MALLOW","Bantry Vaccination Centre",72830.7818878519
"946","MANORHAMILTON","Bantry Vaccination Centre",303731.646394955
"947","MAYNOOTH","Bantry Vaccination Centre",265930.302449332
"948","MIDLETON","Bantry Vaccination Centre",98372.7496973056
"949","MILFORD","Bantry Vaccination Centre",398678.526004761
"950","MOATE","Bantry Vaccination Centre",238317.606167191
"951","MONAGHAN","Bantry Vaccination Centre",334666.815605643
"952","MUINEBEAG","Bantry Vaccination Centre",204873.804737936
"953","MULLINGAR","Bantry Vaccination Centre",251355.575386507
"954","NAAS","Bantry Vaccination Centre",258520.470617235
"955","NAVAN","Bantry Vaccination Centre",286893.292955468
"956","NENAGH","Bantry Vaccination Centre",172510.611085508
"957","NEW ROSS","Bantry Vaccination Centre",195680.400469236
"958","NEWBRIDGE","Bantry Vaccination Centre",247823.404789082
"959","NEWCASTLE WEST","Bantry Vaccination Centre",86735.7745572538
"960","NEWPORT","Bantry Vaccination Centre",146795.651954899
"961","NORTH INNER CITY","Bantry Vaccination Centre",286449.671177559
"962","ONGAR","Bantry Vaccination Centre",280310.362257868
"963","PALMERSTOWN-FONTHILL","Bantry Vaccination Centre",278995.437235825
"964","PEMBROKE","Bantry Vaccination Centre",285004.418448505
"965","PILTOWN","Bantry Vaccination Centre",173576.080101701
"966","PORTLAOISE","Bantry Vaccination Centre",205080.343669975
"967","PORTLAW-KILMACTHOMAS","Bantry Vaccination Centre",149464.988794398
"968","RATHFARNHAM-TEMPLEOGUE","Bantry Vaccination Centre",279132.73452117
"969","RATOATH","Bantry Vaccination Centre",279626.637290462
"970","ROSCOMMON","Bantry Vaccination Centre",239978.61605259
"971","ROSCREA-TEMPLEMORE","Bantry Vaccination Centre",168485.706151274
"972","ROSSLARE","Bantry Vaccination Centre",208311.891764277
"973","RUSH-LUSK","Bantry Vaccination Centre",299472.925277142
"974","SHANNON","Bantry Vaccination Centre",124333.652075148
"975","SKIBBEREEN-WEST CORK","Bantry Vaccination Centre",25757.5108098582
"976","SLIGO-DRUMCLIFF","Bantry Vaccination Centre",299885.344372488
"977","SLIGO-STRANDHILL","Bantry Vaccination Centre",294971.922321003
"978","SOUTH EAST INNER CITY","Bantry Vaccination Centre",285920.475110129
"979","SOUTH WEST INNER CITY","Bantry Vaccination Centre",282943.991298647
"980","STILLORGAN","Bantry Vaccination Centre",284058.717828292
"981","SWINFORD","Bantry Vaccination Centre",252121.766689944
"982","SWORDS","Bantry Vaccination Centre",293367.243429875
"983","TALLAGHT CENTRAL","Bantry Vaccination Centre",276262.467181277
"984","TALLAGHT SOUTH","Bantry Vaccination Centre",271516.53792174
"985","THURLES","Bantry Vaccination Centre",157727.391551808
"986","TRALEE","Bantry Vaccination Centre",70721.5875930525
"987","TRAMORE-WATERFORD CITY WEST","Bantry Vaccination Centre",166331.209673927
"988","TRIM","Bantry Vaccination Centre",267140.378699501
"989","TUAM","Bantry Vaccination Centre",208812.654128356
"990","TULLAMORE","Bantry Vaccination Centre",219627.112325004
"991","TULLOW","Bantry Vaccination Centre",223604.039491293
"992","WATERFORD CITY EAST","Bantry Vaccination Centre",175967.693067665
"993","WATERFORD CITY SOUTH","Bantry Vaccination Centre",170790.43818753
"994","WESTPORT","Bantry Vaccination Centre",231369.590848725
"995","WEXFORD","Bantry Vaccination Centre",215879.485560193
"996","WICKLOW","Bantry Vaccination Centre",267029.253172455
"997","ADARE-RATHKEALE","Letterkenny Vaccination Centre",278182.415901523
"998","ARDEE","Letterkenny Vaccination Centre",145632.760196642
"999","ARKLOW","Letterkenny Vaccination Centre",249772.586236094
"1000","ARTANE-WHITEHALL","Letterkenny Vaccination Centre",199818.485839108
"1001","ASHBOURNE","Letterkenny Vaccination Centre",173381.551205311
"1002","ATHENRY-ORANMORE","Letterkenny Vaccination Centre",193991.159808629
"1003","ATHLONE","Letterkenny Vaccination Centre",168938.46121304
"1004","ATHLONE","Letterkenny Vaccination Centre",168988.282506595
"1005","ATHY","Letterkenny Vaccination Centre",224557.293603897
"1006","BAILIEBOROUGH-COOTEHILL","Letterkenny Vaccination Centre",116042.037851955
"1007","BALBRIGGAN","Letterkenny Vaccination Centre",184436.603767377
"1008","BALLINA","Letterkenny Vaccination Centre",136626.199793191
"1009","BALLINAMORE","Letterkenny Vaccination Centre",103643.238343321
"1010","BALLINASLOE","Letterkenny Vaccination Centre",173888.564306451
"1011","BALLYBAY-CLONES","Letterkenny Vaccination Centre",102593.339182631
"1012","BALLYFERMOT-DRIMNAGH","Letterkenny Vaccination Centre",201823.058763056
"1013","BALLYJAMESDUFF","Letterkenny Vaccination Centre",124364.468211882
"1014","BALLYMAHON","Letterkenny Vaccination Centre",148896.736977001
"1015","BALLYMOTE-TOBERCURRY","Letterkenny Vaccination Centre",112786.753206065
"1016","BALLYMUN-FINGLAS","Letterkenny Vaccination Centre",197976.067213084
"1017","BALTINGLASS","Letterkenny Vaccination Centre",234943.608924753
"1018","BANDON-KINSALE","Letterkenny Vaccination Centre",366246.706655804
"1019","BANTRY-WEST CORK","Letterkenny Vaccination Centre",387414.44236808
"1020","BELMULLET","Letterkenny Vaccination Centre",164237.980134261
"1021","BIRR","Letterkenny Vaccination Centre",203309.667845831
"1022","BLACKROCK","Letterkenny Vaccination Centre",210950.089854603
"1023","BLANCHARDSTOWN-MULHUDDART","Letterkenny Vaccination Centre",193598.837746995
"1024","BORRIS-IN-OSSORY-MOUNTMELLICK","Letterkenny Vaccination Centre",219533.608797369
"1025","BOYLE","Letterkenny Vaccination Centre",122975.343572951
"1026","BRAY EAST","Letterkenny Vaccination Centre",222597.220509783
"1027","BRAY WEST","Letterkenny Vaccination Centre",221912.859455958
"1028","BUNCRANA","Letterkenny Vaccination Centre",25002.6000229615
"1029","CABRA-GLASNEVIN","Letterkenny Vaccination Centre",200151.697733289
"1030","CAHIR","Letterkenny Vaccination Centre",294864.947425877
"1031","CALLAN-THOMASTOWN","Letterkenny Vaccination Centre",273823.549542221
"1032","CAPPAMORE-KILMALLOCK","Letterkenny Vaccination Centre",281706.880996581
"1033","CARLOW","Letterkenny Vaccination Centre",243073.035709788
"1034","CARNDONAGH","Letterkenny Vaccination Centre",44526.3887649693
"1035","CARRICK-ON-SHANNON","Letterkenny Vaccination Centre",116265.357980256
"1036","CARRICK-ON-SUIR","Letterkenny Vaccination Centre",272376.261259318
"1037","CARRICKMACROSS-CASTLEBLAYNEY","Letterkenny Vaccination Centre",121780.389684478
"1038","CARRIGALINE","Letterkenny Vaccination Centre",354404.496290718
"1039","CASHEL-TIPPERARY","Letterkenny Vaccination Centre",273586.732295897
"1040","CASTLEBAR","Letterkenny Vaccination Centre",164119.689085457
"1041","CASTLECOMER","Letterkenny Vaccination Centre",249057.795127365
"1042","CASTLEISLAND","Letterkenny Vaccination Centre",324636.304287267
"1043","CASTLEKNOCK","Letterkenny Vaccination Centre",196130.823079042
"1044","CAVAN-BELTURBET","Letterkenny Vaccination Centre",94243.9361673073
"1045","CELBRIDGE","Letterkenny Vaccination Centre",197214.762427579
"1046","CLANE","Letterkenny Vaccination Centre",189209.638242771
"1047","CLAREMORRIS","Letterkenny Vaccination Centre",168336.83781564
"1048","CLONDALKIN","Letterkenny Vaccination Centre",203077.069352833
"1049","CLONMEL","Letterkenny Vaccination Centre",284267.073368569
"1050","CLONTARF","Letterkenny Vaccination Centre",202677.009511012
"1051","COBH","Letterkenny Vaccination Centre",336497.871225429
"1052","CONAMARA NORTH","Letterkenny Vaccination Centre",209819.026439876
"1053","CONAMARA SOUTH","Letterkenny Vaccination Centre",216796.791430224
"1054","CORCA DHUIBHNE","Letterkenny Vaccination Centre",347180.914479679
"1055","CORK CITY NORTH EAST","Letterkenny Vaccination Centre",340674.363947047
"1056","CORK CITY NORTH WEST","Letterkenny Vaccination Centre",343151.51385086
"1057","CORK CITY SOUTH CENTRAL","Letterkenny Vaccination Centre",347599.045900229
"1058","CORK CITY SOUTH EAST","Letterkenny Vaccination Centre",346775.092365953
"1059","CORK CITY SOUTH WEST","Letterkenny Vaccination Centre",348016.229797539
"1060","DONAGHMEDE","Letterkenny Vaccination Centre",202101.079062394
"1061","DONEGAL","Letterkenny Vaccination Centre",48145.3650576069
"1062","DROGHEDA RURAL","Letterkenny Vaccination Centre",160475.28574273
"1063","DROGHEDA URBAN","Letterkenny Vaccination Centre",164716.001916736
"1064","DÚN LAOGHAIRE","Letterkenny Vaccination Centre",213714.349214946
"1065","DUNDALK-CARLINGFORD","Letterkenny Vaccination Centre",137516.276220023
"1066","DUNDALK SOUTH","Letterkenny Vaccination Centre",135505.502357468
"1067","DUNDRUM","Letterkenny Vaccination Centre",208781.618355785
"1068","DUNGARVAN","Letterkenny Vaccination Centre",323004.485524765
"1069","EDENDERRY","Letterkenny Vaccination Centre",190102.141658356
"1070","ENNIS","Letterkenny Vaccination Centre",249321.414150643
"1071","ENNISCORTHY","Letterkenny Vaccination Centre",277002.392585058
"1072","ENNISTIMON","Letterkenny Vaccination Centre",238916.674104191
"1073","FERMOY","Letterkenny Vaccination Centre",314157.724146429
"1074","FIRHOUSE-BOHERNABREENA","Letterkenny Vaccination Centre",212004.427418137
"1075","GALWAY CITY CENTRAL","Letterkenny Vaccination Centre",205927.473237029
"1076","GALWAY CITY EAST","Letterkenny Vaccination Centre",204743.200799889
"1077","GALWAY CITY WEST","Letterkenny Vaccination Centre",209378.245785178
"1078","GLENCULLEN-SANDYFORD","Letterkenny Vaccination Centre",214066.641893361
"1079","GLENTIES","Letterkenny Vaccination Centre",32724.7258908649
"1080","GOREY","Letterkenny Vaccination Centre",268093.764666345
"1081","GORT-KINVARA","Letterkenny Vaccination Centre",216369.026221734
"1082","GRAIGUECULLEN-PORTARLINGTON","Letterkenny Vaccination Centre",224681.003039751
"1083","GRANARD","Letterkenny Vaccination Centre",129027.07755461
"1084","GREYSTONES","Letterkenny Vaccination Centre",232663.51721771
"1085","HOWTH-MALAHIDE","Letterkenny Vaccination Centre",199646.788051203
"1086","KANTURK","Letterkenny Vaccination Centre",316587.681423944
"1087","KELLS","Letterkenny Vaccination Centre",144479.02815154
"1088","KENMARE","Letterkenny Vaccination Centre",367888.886792141
"1089","KILDARE","Letterkenny Vaccination Centre",204872.525702222
"1090","KILKENNY","Letterkenny Vaccination Centre",257128.509156091
"1091","KILLALOE","Letterkenny Vaccination Centre",239138.067119463
"1092","KILLARNEY","Letterkenny Vaccination Centre",344813.392270385
"1093","KILLINEY-SHANKILL","Letterkenny Vaccination Centre",217889.364706552
"1094","KILMUCKRIDGE","Letterkenny Vaccination Centre",286347.378776125
"1095","KILRUSH","Letterkenny Vaccination Centre",272987.506498979
"1096","KIMMAGE-RATHMINES","Letterkenny Vaccination Centre",205190.896427589
"1097","KINNEGAD","Letterkenny Vaccination Centre",154192.323352849
"1098","LAYTOWN-BETTYSTOWN","Letterkenny Vaccination Centre",160556.38749989
"1099","LEIXLIP","Letterkenny Vaccination Centre",193867.362432799
"1100","LETTERKENNY","Letterkenny Vaccination Centre",6128.79590977753
"1101","LIFFORD-STRANORLAR","Letterkenny Vaccination Centre",15255.3555425102
"1102","LIMERICK CITY EAST","Letterkenny Vaccination Centre",262813.105951671
"1103","LIMERICK CITY NORTH","Letterkenny Vaccination Centre",262228.413540124
"1104","LIMERICK CITY WEST","Letterkenny Vaccination Centre",267565.188265431
"1105","LISMORE","Letterkenny Vaccination Centre",313545.751816969
"1106","LISTOWEL","Letterkenny Vaccination Centre",304067.441393283
"1107","LONGFORD","Letterkenny Vaccination Centre",134869.355684059
"1108","LOUGHREA","Letterkenny Vaccination Centre",206216.689217368
"1109","LUCAN","Letterkenny Vaccination Centre",197606.90474146
"1110","MACROOM","Letterkenny Vaccination Centre",347896.897182153
"1111","MALLOW","Letterkenny Vaccination Centre",320821.421898228
"1112","MANORHAMILTON","Letterkenny Vaccination Centre",80082.7983522366
"1113","MAYNOOTH","Letterkenny Vaccination Centre",190006.088043092
"1114","MIDLETON","Letterkenny Vaccination Centre",338467.368067123
"1115","MILFORD","Letterkenny Vaccination Centre",16671.4210051808
"1116","MOATE","Letterkenny Vaccination Centre",165280.599582413
"1117","MONAGHAN","Letterkenny Vaccination Centre",88833.5870418013
"1118","MUINEBEAG","Letterkenny Vaccination Centre",261558.785501375
"1119","MULLINGAR","Letterkenny Vaccination Centre",161971.970566916
"1120","NAAS","Letterkenny Vaccination Centre",207179.123017286
"1121","NAVAN","Letterkenny Vaccination Centre",160704.878695358
"1122","NENAGH","Letterkenny Vaccination Centre",220337.661699408
"1123","NEW ROSS","Letterkenny Vaccination Centre",294613.558671475
"1124","NEWBRIDGE","Letterkenny Vaccination Centre",210360.609526401
"1125","NEWCASTLE WEST","Letterkenny Vaccination Centre",296761.649340485
"1126","NEWPORT","Letterkenny Vaccination Centre",245703.841661011
"1127","NORTH INNER CITY","Letterkenny Vaccination Centre",203033.125221754
"1128","ONGAR","Letterkenny Vaccination Centre",193540.538090496
"1129","PALMERSTOWN-FONTHILL","Letterkenny Vaccination Centre",199338.773128332
"1130","PEMBROKE","Letterkenny Vaccination Centre",206415.645874277
"1131","PILTOWN","Letterkenny Vaccination Centre",292719.595149753
"1132","PORTLAOISE","Letterkenny Vaccination Centre",223069.246348981
"1133","PORTLAW-KILMACTHOMAS","Letterkenny Vaccination Centre",302312.585929993
"1134","RATHFARNHAM-TEMPLEOGUE","Letterkenny Vaccination Centre",206258.546396986
"1135","RATOATH","Letterkenny Vaccination Centre",182020.043986748
"1136","ROSCOMMON","Letterkenny Vaccination Centre",143531.303238244
"1137","ROSCREA-TEMPLEMORE","Letterkenny Vaccination Centre",237530.339267542
"1138","ROSSLARE","Letterkenny Vaccination Centre",310917.826940166
"1139","RUSH-LUSK","Letterkenny Vaccination Centre",184628.459626357
"1140","SHANNON","Letterkenny Vaccination Centre",259620.868468758
"1141","SKIBBEREEN-WEST CORK","Letterkenny Vaccination Centre",380069.809567478
"1142","SLIGO-DRUMCLIFF","Letterkenny Vaccination Centre",87880.7142542755
"1143","SLIGO-STRANDHILL","Letterkenny Vaccination Centre",93570.4881588842
"1144","SOUTH EAST INNER CITY","Letterkenny Vaccination Centre",204619.13014066
"1145","SOUTH WEST INNER CITY","Letterkenny Vaccination Centre",202778.553150244
"1146","STILLORGAN","Letterkenny Vaccination Centre",211127.33191014
"1147","SWINFORD","Letterkenny Vaccination Centre",139024.827165127
"1148","SWORDS","Letterkenny Vaccination Centre",191345.828124976
"1149","TALLAGHT CENTRAL","Letterkenny Vaccination Centre",204928.185181828
"1150","TALLAGHT SOUTH","Letterkenny Vaccination Centre",208182.575586995
"1151","THURLES","Letterkenny Vaccination Centre",254697.426502673
"1152","TRALEE","Letterkenny Vaccination Centre",326911.819084934
"1153","TRAMORE-WATERFORD CITY WEST","Letterkenny Vaccination Centre",309793.475586906
"1154","TRIM","Letterkenny Vaccination Centre",171393.509238005
"1155","TUAM","Letterkenny Vaccination Centre",177609.9161894
"1156","TULLAMORE","Letterkenny Vaccination Centre",187137.446477605
"1157","TULLOW","Letterkenny Vaccination Centre",250911.744834889
"1158","WATERFORD CITY EAST","Letterkenny Vaccination Centre",310338.148089888
"1159","WATERFORD CITY SOUTH","Letterkenny Vaccination Centre",308211.834205345
"1160","WESTPORT","Letterkenny Vaccination Centre",183722.375650897
"1161","WEXFORD","Letterkenny Vaccination Centre",299848.403659817
"1162","WICKLOW","Letterkenny Vaccination Centre",235825.125558002
"1163","ADARE-RATHKEALE","Citywest Vaccination Centre",182846.893828334
"1164","ARDEE","Citywest Vaccination Centre",64843.8737481773
"1165","ARKLOW","Citywest Vaccination Centre",46186.5102142175
"1166","ARTANE-WHITEHALL","Citywest Vaccination Centre",19119.5031589919
"1167","ASHBOURNE","Citywest Vaccination Centre",33334.4428579769
"1168","ATHENRY-ORANMORE","Citywest Vaccination Centre",157815.054070086
"1169","ATHLONE","Citywest Vaccination Centre",96282.27797138
"1170","ATHLONE","Citywest Vaccination Centre",114037.683805211
"1171","ATHY","Citywest Vaccination Centre",43208.8740568697
"1172","BAILIEBOROUGH-COOTEHILL","Citywest Vaccination Centre",88553.8453388341
"1173","BALBRIGGAN","Citywest Vaccination Centre",37170.7384179265
"1174","BALLINA","Citywest Vaccination Centre",210706.646604561
"1175","BALLINAMORE","Citywest Vaccination Centre",123791.084280229
"1176","BALLINASLOE","Citywest Vaccination Centre",132291.382309412
"1177","BALLYBAY-CLONES","Citywest Vaccination Centre",101518.770162652
"1178","BALLYFERMOT-DRIMNAGH","Citywest Vaccination Centre",8632.04068561684
"1179","BALLYJAMESDUFF","Citywest Vaccination Centre",86163.039956134
"1180","BALLYMAHON","Citywest Vaccination Centre",97721.9269052602
"1181","BALLYMOTE-TOBERCURRY","Citywest Vaccination Centre",173248.436974881
"1182","BALLYMUN-FINGLAS","Citywest Vaccination Centre",15669.0855872822
"1183","BALTINGLASS","Citywest Vaccination Centre",36169.4589099841
"1184","BANDON-KINSALE","Citywest Vaccination Centre",230632.642500138
"1185","BANTRY-WEST CORK","Citywest Vaccination Centre",278058.943436935
"1186","BELMULLET","Citywest Vaccination Centre",237864.089224986
"1187","BIRR","Citywest Vaccination Centre",94693.1549211555
"1188","BLACKROCK","Citywest Vaccination Centre",17568.4848408198
"1189","BLANCHARDSTOWN-MULHUDDART","Citywest Vaccination Centre",16187.5113457944
"1190","BORRIS-IN-OSSORY-MOUNTMELLICK","Citywest Vaccination Centre",78631.94388709
"1191","BOYLE","Citywest Vaccination Centre",135998.862559538
"1192","BRAY EAST","Citywest Vaccination Centre",24713.9203815428
"1193","BRAY WEST","Citywest Vaccination Centre",19953.4552842815
"1194","BUNCRANA","Citywest Vaccination Centre",210769.880952916
"1195","CABRA-GLASNEVIN","Citywest Vaccination Centre",12760.7397746381
"1196","CAHIR","Citywest Vaccination Centre",148776.816358348
"1197","CALLAN-THOMASTOWN","Citywest Vaccination Centre",98616.0742789423
"1198","CAPPAMORE-KILMALLOCK","Citywest Vaccination Centre",161850.844246311
"1199","CARLOW","Citywest Vaccination Centre",58809.5766297169
"1200","CARNDONAGH","Citywest Vaccination Centre",224653.02687457
"1201","CARRICK-ON-SHANNON","Citywest Vaccination Centre",121356.839861103
"1202","CARRICK-ON-SUIR","Citywest Vaccination Centre",115943.664952153
"1203","CARRICKMACROSS-CASTLEBLAYNEY","Citywest Vaccination Centre",85196.4739746319
"1204","CARRIGALINE","Citywest Vaccination Centre",212349.004501141
"1205","CASHEL-TIPPERARY","Citywest Vaccination Centre",140323.017874052
"1206","CASTLEBAR","Citywest Vaccination Centre",198556.825006408
"1207","CASTLECOMER","Citywest Vaccination Centre",84279.2773758786
"1208","CASTLEISLAND","Citywest Vaccination Centre",233347.787246046
"1209","CASTLEKNOCK","Citywest Vaccination Centre",10244.9973551874
"1210","CAVAN-BELTURBET","Citywest Vaccination Centre",121694.599964531
"1211","CELBRIDGE","Citywest Vaccination Centre",8183.23535440636
"1212","CLANE","Citywest Vaccination Centre",29666.776342173
"1213","CLAREMORRIS","Citywest Vaccination Centre",178026.514248313
"1214","CLONDALKIN","Citywest Vaccination Centre",1388.8968111676
"1215","CLONMEL","Citywest Vaccination Centre",128771.005135175
"1216","CLONTARF","Citywest Vaccination Centre",18733.1478592428
"1217","COBH","Citywest Vaccination Centre",196811.795461088
"1218","CONAMARA NORTH","Citywest Vaccination Centre",216088.365843177
"1219","CONAMARA SOUTH","Citywest Vaccination Centre",196532.70760342
"1220","CORCA DHUIBHNE","Citywest Vaccination Centre",275610.053310951
"1221","CORK CITY NORTH EAST","Citywest Vaccination Centre",201929.363837369
"1222","CORK CITY NORTH WEST","Citywest Vaccination Centre",208777.652006154
"1223","CORK CITY SOUTH CENTRAL","Citywest Vaccination Centre",208715.638420933
"1224","CORK CITY SOUTH EAST","Citywest Vaccination Centre",205968.270116085
"1225","CORK CITY SOUTH WEST","Citywest Vaccination Centre",211670.493867883
"1226","DONAGHMEDE","Citywest Vaccination Centre",22146.7496672477
"1227","DONEGAL","Citywest Vaccination Centre",190474.447839858
"1228","DROGHEDA RURAL","Citywest Vaccination Centre",53420.1646574226
"1229","DROGHEDA URBAN","Citywest Vaccination Centre",48048.070127698
"1230","DÚN LAOGHAIRE","Citywest Vaccination Centre",20932.6012900776
"1231","DUNDALK-CARLINGFORD","Citywest Vaccination Centre",84162.6450435771
"1232","DUNDALK SOUTH","Citywest Vaccination Centre",77864.2848487253
"1233","DUNDRUM","Citywest Vaccination Centre",12919.4361138542
"1234","DUNGARVAN","Citywest Vaccination Centre",160632.147457176
"1235","EDENDERRY","Citywest Vaccination Centre",50914.8985074346
"1236","ENNIS","Citywest Vaccination Centre",176432.641993785
"1237","ENNISCORTHY","Citywest Vaccination Centre",81804.1162139831
"1238","ENNISTIMON","Citywest Vaccination Centre",185249.077843008
"1239","FERMOY","Citywest Vaccination Centre",178322.050539607
"1240","FIRHOUSE-BOHERNABREENA","Citywest Vaccination Centre",9266.09942027981
"1241","GALWAY CITY CENTRAL","Citywest Vaccination Centre",174714.47100047
"1242","GALWAY CITY EAST","Citywest Vaccination Centre",170416.159827179
"1243","GALWAY CITY WEST","Citywest Vaccination Centre",177477.638425511
"1244","GLENCULLEN-SANDYFORD","Citywest Vaccination Centre",14637.7622867547
"1245","GLENTIES","Citywest Vaccination Centre",218568.514581519
"1246","GOREY","Citywest Vaccination Centre",66319.3505395978
"1247","GORT-KINVARA","Citywest Vaccination Centre",158225.694052057
"1248","GRAIGUECULLEN-PORTARLINGTON","Citywest Vaccination Centre",55993.6319717225
"1249","GRANARD","Citywest Vaccination Centre",95557.1648275405
"1250","GREYSTONES","Citywest Vaccination Centre",31706.5281789173
"1251","HOWTH-MALAHIDE","Citywest Vaccination Centre",24399.3747559787
"1252","KANTURK","Citywest Vaccination Centre",208421.324057908
"1253","KELLS","Citywest Vaccination Centre",60029.2439561695
"1254","KENMARE","Citywest Vaccination Centre",276841.72710814
"1255","KILDARE","Citywest Vaccination Centre",35589.2796595301
"1256","KILKENNY","Citywest Vaccination Centre",88417.4784486965
"1257","KILLALOE","Citywest Vaccination Centre",153798.668068382
"1258","KILLARNEY","Citywest Vaccination Centre",245355.946566889
"1259","KILLINEY-SHANKILL","Citywest Vaccination Centre",21019.7478883691
"1260","KILMUCKRIDGE","Citywest Vaccination Centre",86304.4294732782
"1261","KILRUSH","Citywest Vaccination Centre",205137.109110359
"1262","KIMMAGE-RATHMINES","Citywest Vaccination Centre",11181.2460146145
"1263","KINNEGAD","Citywest Vaccination Centre",63024.6900635461
"1264","LAYTOWN-BETTYSTOWN","Citywest Vaccination Centre",47542.6756765938
"1265","LEIXLIP","Citywest Vaccination Centre",10166.2210427402
"1266","LETTERKENNY","Citywest Vaccination Centre",205627.241179984
"1267","LIFFORD-STRANORLAR","Citywest Vaccination Centre",191846.44578875
"1268","LIMERICK CITY EAST","Citywest Vaccination Centre",157656.962657969
"1269","LIMERICK CITY NORTH","Citywest Vaccination Centre",163114.131338512
"1270","LIMERICK CITY WEST","Citywest Vaccination Centre",169041.018707384
"1271","LISMORE","Citywest Vaccination Centre",160172.720036919
"1272","LISTOWEL","Citywest Vaccination Centre",228751.89010536
"1273","LONGFORD","Citywest Vaccination Centre",103823.915054559
"1274","LOUGHREA","Citywest Vaccination Centre",132400.78295799
"1275","LUCAN","Citywest Vaccination Centre",6846.44617237929
"1276","MACROOM","Citywest Vaccination Centre",227870.445707432
"1277","MALLOW","Citywest Vaccination Centre",198737.471520764
"1278","MANORHAMILTON","Citywest Vaccination Centre",160895.216247454
"1279","MAYNOOTH","Citywest Vaccination Centre",17789.3830292989
"1280","MIDLETON","Citywest Vaccination Centre",187350.758701354
"1281","MILFORD","Citywest Vaccination Centre",219933.191878949
"1282","MOATE","Citywest Vaccination Centre",76663.2287141881
"1283","MONAGHAN","Citywest Vaccination Centre",116780.239249275
"1284","MUINEBEAG","Citywest Vaccination Centre",76592.5663353876
"1285","MULLINGAR","Citywest Vaccination Centre",63686.3691820482
"1286","NAAS","Citywest Vaccination Centre",12957.4552794279
"1287","NAVAN","Citywest Vaccination Centre",43303.8132354784
"1288","NENAGH","Citywest Vaccination Centre",116712.331790643
"1289","NEW ROSS","Citywest Vaccination Centre",105442.37865591
"1290","NEWBRIDGE","Citywest Vaccination Centre",23689.9575765533
"1291","NEWCASTLE WEST","Citywest Vaccination Centre",202631.05157797
"1292","NEWPORT","Citywest Vaccination Centre",134663.293043494
"1293","NORTH INNER CITY","Citywest Vaccination Centre",15269.1493319622
"1294","ONGAR","Citywest Vaccination Centre",12128.123372602
"1295","PALMERSTOWN-FONTHILL","Citywest Vaccination Centre",8018.92350045255
"1296","PEMBROKE","Citywest Vaccination Centre",14779.5723788151
"1297","PILTOWN","Citywest Vaccination Centre",114885.235385885
"1298","PORTLAOISE","Citywest Vaccination Centre",67512.8357156273
"1299","PORTLAW-KILMACTHOMAS","Citywest Vaccination Centre",134939.25992858
"1300","RATHFARNHAM-TEMPLEOGUE","Citywest Vaccination Centre",8858.69590320491
"1301","RATOATH","Citywest Vaccination Centre",22022.5667294287
"1302","ROSCOMMON","Citywest Vaccination Centre",136381.403256933
"1303","ROSCREA-TEMPLEMORE","Citywest Vaccination Centre",106916.952514954
"1304","ROSSLARE","Citywest Vaccination Centre",115309.931727431
"1305","RUSH-LUSK","Citywest Vaccination Centre",30795.7941598486
"1306","SHANNON","Citywest Vaccination Centre",169584.373630217
"1307","SKIBBEREEN-WEST CORK","Citywest Vaccination Centre",255579.683045193
"1308","SLIGO-DRUMCLIFF","Citywest Vaccination Centre",174972.560137648
"1309","SLIGO-STRANDHILL","Citywest Vaccination Centre",175595.942308784
"1310","SOUTH EAST INNER CITY","Citywest Vaccination Centre",15097.1045288858
"1311","SOUTH WEST INNER CITY","Citywest Vaccination Centre",11640.8327788467
"1312","STILLORGAN","Citywest Vaccination Centre",16329.0640478371
"1313","SWINFORD","Citywest Vaccination Centre",175886.014914433
"1314","SWORDS","Citywest Vaccination Centre",23125.2759026144
"1315","TALLAGHT CENTRAL","Citywest Vaccination Centre",5347.17859359807
"1316","TALLAGHT SOUTH","Citywest Vaccination Centre",4365.56357224287
"1317","THURLES","Citywest Vaccination Centre",114195.324024395
"1318","TRALEE","Citywest Vaccination Centre",248975.37845143
"1319","TRAMORE-WATERFORD CITY WEST","Citywest Vaccination Centre",131064.724946524
"1320","TRIM","Citywest Vaccination Centre",37643.497099097
"1321","TUAM","Citywest Vaccination Centre",164147.006644142
"1322","TULLAMORE","Citywest Vaccination Centre",74917.7462882502
"1323","TULLOW","Citywest Vaccination Centre",58700.7706873533
"1324","WATERFORD CITY EAST","Citywest Vaccination Centre",127001.767617267
"1325","WATERFORD CITY SOUTH","Citywest Vaccination Centre",127690.713620278
"1326","WESTPORT","Citywest Vaccination Centre",217779.722232345
"1327","WEXFORD","Citywest Vaccination Centre",102704.301481871
"1328","WICKLOW","Citywest Vaccination Centre",31938.4524729254
"1329","ADARE-RATHKEALE","UCD Vaccination Centre (No walk-in clinics)",197455.464151079
"1330","ARDEE","UCD Vaccination Centre (No walk-in clinics)",64953.9332697437
"1331","ARKLOW","UCD Vaccination Centre (No walk-in clinics)",46940.1437743581
"1332","ARTANE-WHITEHALL","UCD Vaccination Centre (No walk-in clinics)",9778.20403374623
"1333","ASHBOURNE","UCD Vaccination Centre (No walk-in clinics)",35132.4275651162
"1334","ATHENRY-ORANMORE","UCD Vaccination Centre (No walk-in clinics)",172760.074800565
"1335","ATHLONE","UCD Vaccination Centre (No walk-in clinics)",110749.305462209
"1336","ATHLONE","UCD Vaccination Centre (No walk-in clinics)",128535.369114331
"1337","ATHY","UCD Vaccination Centre (No walk-in clinics)",55947.8362108622
"1338","BAILIEBOROUGH-COOTEHILL","UCD Vaccination Centre (No walk-in clinics)",94881.4611553955
"1339","BALBRIGGAN","UCD Vaccination Centre (No walk-in clinics)",30150.5802057138
"1340","BALLINA","UCD Vaccination Centre (No walk-in clinics)",223144.657493571
"1341","BALLINAMORE","UCD Vaccination Centre (No walk-in clinics)",133898.2434182
"1342","BALLINASLOE","UCD Vaccination Centre (No walk-in clinics)",146904.808393245
"1343","BALLYBAY-CLONES","UCD Vaccination Centre (No walk-in clinics)",106072.80408474
"1344","BALLYFERMOT-DRIMNAGH","UCD Vaccination Centre (No walk-in clinics)",9001.88001130844
"1345","BALLYJAMESDUFF","UCD Vaccination Centre (No walk-in clinics)",95195.8206644875
"1346","BALLYMAHON","UCD Vaccination Centre (No walk-in clinics)",110989.919691284
"1347","BALLYMOTE-TOBERCURRY","UCD Vaccination Centre (No walk-in clinics)",184963.510153072
"1348","BALLYMUN-FINGLAS","UCD Vaccination Centre (No walk-in clinics)",10541.9255557177
"1349","BALTINGLASS","UCD Vaccination Centre (No walk-in clinics)",43480.2207100486
"1350","BANDON-KINSALE","UCD Vaccination Centre (No walk-in clinics)",242507.924693416
"1351","BANTRY-WEST CORK","UCD Vaccination Centre (No walk-in clinics)",291194.985298069
"1352","BELMULLET","UCD Vaccination Centre (No walk-in clinics)",250900.411408814
"1353","BIRR","UCD Vaccination Centre (No walk-in clinics)",109912.086086158
"1354","BLACKROCK","UCD Vaccination Centre (No walk-in clinics)",2877.63479506709
"1355","BLANCHARDSTOWN-MULHUDDART","UCD Vaccination Centre (No walk-in clinics)",15004.1539801742
"1356","BORRIS-IN-OSSORY-MOUNTMELLICK","UCD Vaccination Centre (No walk-in clinics)",93365.8968660652
"1357","BOYLE","UCD Vaccination Centre (No walk-in clinics)",148140.828449512
"1358","BRAY EAST","UCD Vaccination Centre (No walk-in clinics)",14141.2232741465
"1359","BRAY WEST","UCD Vaccination Centre (No walk-in clinics)",14790.3162790182
"1360","BUNCRANA","UCD Vaccination Centre (No walk-in clinics)",213558.418631811
"1361","CABRA-GLASNEVIN","UCD Vaccination Centre (No walk-in clinics)",8623.30398986933
"1362","CAHIR","UCD Vaccination Centre (No walk-in clinics)",161097.697949748
"1363","CALLAN-THOMASTOWN","UCD Vaccination Centre (No walk-in clinics)",108810.747119126
"1364","CAPPAMORE-KILMALLOCK","UCD Vaccination Centre (No walk-in clinics)",175737.943226539
"1365","CARLOW","UCD Vaccination Centre (No walk-in clinics)",69422.732350585
"1366","CARNDONAGH","UCD Vaccination Centre (No walk-in clinics)",226385.022840575
"1367","CARRICK-ON-SHANNON","UCD Vaccination Centre (No walk-in clinics)",132611.340502994
"1368","CARRICK-ON-SUIR","UCD Vaccination Centre (No walk-in clinics)",128126.776013486
"1369","CARRICKMACROSS-CASTLEBLAYNEY","UCD Vaccination Centre (No walk-in clinics)",87468.5286864279
"1370","CARRIGALINE","UCD Vaccination Centre (No walk-in clinics)",223916.07388749
"1371","CASHEL-TIPPERARY","UCD Vaccination Centre (No walk-in clinics)",153829.29426581
"1372","CASTLEBAR","UCD Vaccination Centre (No walk-in clinics)",212264.865822102
"1373","CASTLECOMER","UCD Vaccination Centre (No walk-in clinics)",96736.2665969932
"1374","CASTLEISLAND","UCD Vaccination Centre (No walk-in clinics)",247636.092451922
"1375","CASTLEKNOCK","UCD Vaccination Centre (No walk-in clinics)",14548.9993782879
"1376","CAVAN-BELTURBET","UCD Vaccination Centre (No walk-in clinics)",130387.95468737
"1377","CELBRIDGE","UCD Vaccination Centre (No walk-in clinics)",22023.6846293904
"1378","CLANE","UCD Vaccination Centre (No walk-in clinics)",44370.8810104661
"1379","CLAREMORRIS","UCD Vaccination Centre (No walk-in clinics)",192124.685186204
"1380","CLONDALKIN","UCD Vaccination Centre (No walk-in clinics)",16471.1973042466
"1381","CLONMEL","UCD Vaccination Centre (No walk-in clinics)",140666.476751566
"1382","CLONTARF","UCD Vaccination Centre (No walk-in clinics)",7310.32359194713
"1383","COBH","UCD Vaccination Centre (No walk-in clinics)",208804.625341776
"1384","CONAMARA NORTH","UCD Vaccination Centre (No walk-in clinics)",230828.259685239
"1385","CONAMARA SOUTH","UCD Vaccination Centre (No walk-in clinics)",211569.430149266
"1386","CORCA DHUIBHNE","UCD Vaccination Centre (No walk-in clinics)",290223.24169781
"1387","CORK CITY NORTH EAST","UCD Vaccination Centre (No walk-in clinics)",213924.959963061
"1388","CORK CITY NORTH WEST","UCD Vaccination Centre (No walk-in clinics)",221025.076807753
"1389","CORK CITY SOUTH CENTRAL","UCD Vaccination Centre (No walk-in clinics)",220604.076507091
"1390","CORK CITY SOUTH EAST","UCD Vaccination Centre (No walk-in clinics)",217732.568398144
"1391","CORK CITY SOUTH WEST","UCD Vaccination Centre (No walk-in clinics)",223725.176246691
"1392","DONAGHMEDE","UCD Vaccination Centre (No walk-in clinics)",10129.9547803404
"1393","DONEGAL","UCD Vaccination Centre (No walk-in clinics)",198222.78497485
"1394","DROGHEDA RURAL","UCD Vaccination Centre (No walk-in clinics)",51453.1524297203
"1395","DROGHEDA URBAN","UCD Vaccination Centre (No walk-in clinics)",46266.4105371793
"1396","DÚN LAOGHAIRE","UCD Vaccination Centre (No walk-in clinics)",6482.97027267634
"1397","DUNDALK-CARLINGFORD","UCD Vaccination Centre (No walk-in clinics)",81654.341323033
"1398","DUNDALK SOUTH","UCD Vaccination Centre (No walk-in clinics)",77373.549648539
"1399","DUNDRUM","UCD Vaccination Centre (No walk-in clinics)",2587.57701093332
"1400","DUNGARVAN","UCD Vaccination Centre (No walk-in clinics)",170917.357305103
"1401","EDENDERRY","UCD Vaccination Centre (No walk-in clinics)",66032.1423057011
"1402","ENNIS","UCD Vaccination Centre (No walk-in clinics)",191558.379005645
"1403","ENNISCORTHY","UCD Vaccination Centre (No walk-in clinics)",87342.383377984
"1404","ENNISTIMON","UCD Vaccination Centre (No walk-in clinics)",200470.370473632
"1405","FERMOY","UCD Vaccination Centre (No walk-in clinics)",190916.583026419
"1406","FIRHOUSE-BOHERNABREENA","UCD Vaccination Centre (No walk-in clinics)",10677.1403198545
"1407","GALWAY CITY CENTRAL","UCD Vaccination Centre (No walk-in clinics)",189746.267504831
"1408","GALWAY CITY EAST","UCD Vaccination Centre (No walk-in clinics)",185457.865536908
"1409","GALWAY CITY WEST","UCD Vaccination Centre (No walk-in clinics)",192540.342056925
"1410","GLENCULLEN-SANDYFORD","UCD Vaccination Centre (No walk-in clinics)",6929.11228358778
"1411","GLENTIES","UCD Vaccination Centre (No walk-in clinics)",224987.327952511
"1412","GOREY","UCD Vaccination Centre (No walk-in clinics)",68550.346143072
"1413","GORT-KINVARA","UCD Vaccination Centre (No walk-in clinics)",173432.702785147
"1414","GRAIGUECULLEN-PORTARLINGTON","UCD Vaccination Centre (No walk-in clinics)",69625.6758853065
"1415","GRANARD","UCD Vaccination Centre (No walk-in clinics)",106725.677353444
"1416","GREYSTONES","UCD Vaccination Centre (No walk-in clinics)",24217.2413483409
"1417","HOWTH-MALAHIDE","UCD Vaccination Centre (No walk-in clinics)",13287.3328284354
"1418","KANTURK","UCD Vaccination Centre (No walk-in clinics)",222260.835384212
"1419","KELLS","UCD Vaccination Centre (No walk-in clinics)",67098.1403039519
"1420","KENMARE","UCD Vaccination Centre (No walk-in clinics)",290824.813663141
"1421","KILDARE","UCD Vaccination Centre (No walk-in clinics)",50594.2941913946
"1422","KILKENNY","UCD Vaccination Centre (No walk-in clinics)",100134.447043908
"1423","KILLALOE","UCD Vaccination Centre (No walk-in clinics)",168893.356223396
"1424","KILLARNEY","UCD Vaccination Centre (No walk-in clinics)",259230.127691205
"1425","KILLINEY-SHANKILL","UCD Vaccination Centre (No walk-in clinics)",9421.71051478366
"1426","KILMUCKRIDGE","UCD Vaccination Centre (No walk-in clinics)",89081.5007859935
"1427","KILRUSH","UCD Vaccination Centre (No walk-in clinics)",220188.975455984
"1428","KIMMAGE-RATHMINES","UCD Vaccination Centre (No walk-in clinics)",4713.96703925757
"1429","KINNEGAD","UCD Vaccination Centre (No walk-in clinics)",74903.5974855623
"1430","LAYTOWN-BETTYSTOWN","UCD Vaccination Centre (No walk-in clinics)",48410.9238070528
"1431","LEIXLIP","UCD Vaccination Centre (No walk-in clinics)",19889.4515108781
"1432","LETTERKENNY","UCD Vaccination Centre (No walk-in clinics)",210541.307302446
"1433","LIFFORD-STRANORLAR","UCD Vaccination Centre (No walk-in clinics)",197046.339866496
"1434","LIMERICK CITY EAST","UCD Vaccination Centre (No walk-in clinics)",172235.42634731
"1435","LIMERICK CITY NORTH","UCD Vaccination Centre (No walk-in clinics)",177819.352635055
"1436","LIMERICK CITY WEST","UCD Vaccination Centre (No walk-in clinics)",183697.699928363
"1437","LISMORE","UCD Vaccination Centre (No walk-in clinics)",171527.538153963
"1438","LISTOWEL","UCD Vaccination Centre (No walk-in clinics)",243532.935699737
"1439","LONGFORD","UCD Vaccination Centre (No walk-in clinics)",116099.290842768
"1440","LOUGHREA","UCD Vaccination Centre (No walk-in clinics)",147607.7500273
"1441","LUCAN","UCD Vaccination Centre (No walk-in clinics)",16111.3952532616
"1442","MACROOM","UCD Vaccination Centre (No walk-in clinics)",240862.521632456
"1443","MALLOW","UCD Vaccination Centre (No walk-in clinics)",211956.766244961
"1444","MANORHAMILTON","UCD Vaccination Centre (No walk-in clinics)",170420.993047006
"1445","MAYNOOTH","UCD Vaccination Centre (No walk-in clinics)",31196.2762717427
"1446","MIDLETON","UCD Vaccination Centre (No walk-in clinics)",198431.076605406
"1447","MILFORD","UCD Vaccination Centre (No walk-in clinics)",224064.794763072
"1448","MOATE","UCD Vaccination Centre (No walk-in clinics)",90689.1707496146
"1449","MONAGHAN","UCD Vaccination Centre (No walk-in clinics)",120090.998268028
"1450","MUINEBEAG","UCD Vaccination Centre (No walk-in clinics)",85792.8995285868
"1451","MULLINGAR","UCD Vaccination Centre (No walk-in clinics)",76871.9606117101
"1452","NAAS","UCD Vaccination Centre (No walk-in clinics)",27372.4175434228
"1453","NAVAN","UCD Vaccination Centre (No walk-in clinics)",49516.1925539695
"1454","NENAGH","UCD Vaccination Centre (No walk-in clinics)",131831.208664154
"1455","NEW ROSS","UCD Vaccination Centre (No walk-in clinics)",112146.214597752
"1456","NEWBRIDGE","UCD Vaccination Centre (No walk-in clinics)",37846.5081452706
"1457","NEWCASTLE WEST","UCD Vaccination Centre (No walk-in clinics)",217086.325780591
"1458","NEWPORT","UCD Vaccination Centre (No walk-in clinics)",149365.951798062
"1459","NORTH INNER CITY","UCD Vaccination Centre (No walk-in clinics)",5554.12022016081
"1460","ONGAR","UCD Vaccination Centre (No walk-in clinics)",16963.8162668385
"1461","PALMERSTOWN-FONTHILL","UCD Vaccination Centre (No walk-in clinics)",12032.8283350546
"1462","PEMBROKE","UCD Vaccination Centre (No walk-in clinics)",2101.40994371062
"1463","PILTOWN","UCD Vaccination Centre (No walk-in clinics)",123964.876266747
"1464","PORTLAOISE","UCD Vaccination Centre (No walk-in clinics)",81770.8426297727
"1465","PORTLAW-KILMACTHOMAS","UCD Vaccination Centre (No walk-in clinics)",145160.749768149
"1466","RATHFARNHAM-TEMPLEOGUE","UCD Vaccination Centre (No walk-in clinics)",6372.79959496395
"1467","RATOATH","UCD Vaccination Centre (No walk-in clinics)",29294.679871056
"1468","ROSCOMMON","UCD Vaccination Centre (No walk-in clinics)",149732.91811178
"1469","ROSCREA-TEMPLEMORE","UCD Vaccination Centre (No walk-in clinics)",121363.319991008
"1470","ROSSLARE","UCD Vaccination Centre (No walk-in clinics)",119471.089944986
"1471","RUSH-LUSK","UCD Vaccination Centre (No walk-in clinics)",26040.9819437643
"1472","SHANNON","UCD Vaccination Centre (No walk-in clinics)",184463.294688004
"1473","SKIBBEREEN-WEST CORK","UCD Vaccination Centre (No walk-in clinics)",268002.544388818
"1474","SLIGO-DRUMCLIFF","UCD Vaccination Centre (No walk-in clinics)",185229.940248982
"1475","SLIGO-STRANDHILL","UCD Vaccination Centre (No walk-in clinics)",186206.015922376
"1476","SOUTH EAST INNER CITY","UCD Vaccination Centre (No walk-in clinics)",3955.09135419521
"1477","SOUTH WEST INNER CITY","UCD Vaccination Centre (No walk-in clinics)",6380.23360612659
"1478","STILLORGAN","UCD Vaccination Centre (No walk-in clinics)",2614.30966965409
"1479","SWINFORD","UCD Vaccination Centre (No walk-in clinics)",188876.817804415
"1480","SWORDS","UCD Vaccination Centre (No walk-in clinics)",18022.9616615466
"1481","TALLAGHT CENTRAL","UCD Vaccination Centre (No walk-in clinics)",9920.67780771446
"1482","TALLAGHT SOUTH","UCD Vaccination Centre (No walk-in clinics)",13399.9003250942
"1483","THURLES","UCD Vaccination Centre (No walk-in clinics)",127852.739740456
"1484","TRALEE","UCD Vaccination Centre (No walk-in clinics)",263567.567399279
"1485","TRAMORE-WATERFORD CITY WEST","UCD Vaccination Centre (No walk-in clinics)",139467.416309316
"1486","TRIM","UCD Vaccination Centre (No walk-in clinics)",49206.7986454825
"1487","TUAM","UCD Vaccination Centre (No walk-in clinics)",178658.707339532
"1488","TULLAMORE","UCD Vaccination Centre (No walk-in clinics)",90005.7181927453
"1489","TULLOW","UCD Vaccination Centre (No walk-in clinics)",66891.2005514967
"1490","WATERFORD CITY EAST","UCD Vaccination Centre (No walk-in clinics)",134536.379809425
"1491","WATERFORD CITY SOUTH","UCD Vaccination Centre (No walk-in clinics)",135823.988997674
"1492","WESTPORT","UCD Vaccination Centre (No walk-in clinics)",231839.951243222
"1493","WEXFORD","UCD Vaccination Centre (No walk-in clinics)",106552.985001543
"1494","WICKLOW","UCD Vaccination Centre (No walk-in clinics)",30168.2196193638
"1495","ADARE-RATHKEALE","Croke Park Vaccination Centre",198081.443912801
"1496","ARDEE","Croke Park Vaccination Centre",58400.7952261755
"1497","ARKLOW","Croke Park Vaccination Centre",53036.2625635338
"1498","ARTANE-WHITEHALL","Croke Park Vaccination Centre",4118.62918520154
"1499","ASHBOURNE","Croke Park Vaccination Centre",28643.6796507493
"1500","ATHENRY-ORANMORE","Croke Park Vaccination Centre",170445.979592856
"1501","ATHLONE","Croke Park Vaccination Centre",107816.855907771
"1502","ATHLONE","Croke Park Vaccination Centre",125598.645629099
"1503","ATHY","Croke Park Vaccination Centre",58258.3967661942
"1504","BAILIEBOROUGH-COOTEHILL","Croke Park Vaccination Centre",88641.6472173761
"1505","BALBRIGGAN","Croke Park Vaccination Centre",24439.3298352142
"1506","BALLINA","Croke Park Vaccination Centre",218527.618437724
"1507","BALLINAMORE","Croke Park Vaccination Centre",128431.156882806
"1508","BALLINASLOE","Croke Park Vaccination Centre",144083.780758695
"1509","BALLYBAY-CLONES","Croke Park Vaccination Centre",99612.2317971825
"1510","BALLYFERMOT-DRIMNAGH","Croke Park Vaccination Centre",6849.41182334491
"1511","BALLYJAMESDUFF","Croke Park Vaccination Centre",89505.3763066066
"1512","BALLYMAHON","Croke Park Vaccination Centre",107018.826152988
"1513","BALLYMOTE-TOBERCURRY","Croke Park Vaccination Centre",180030.358259198
"1514","BALLYMUN-FINGLAS","Croke Park Vaccination Centre",4080.57245934128
"1515","BALTINGLASS","Croke Park Vaccination Centre",48038.2509460328
"1516","BANDON-KINSALE","Croke Park Vaccination Centre",245501.635527056
"1517","BANTRY-WEST CORK","Croke Park Vaccination Centre",293336.548040705
"1518","BELMULLET","Croke Park Vaccination Centre",246608.019589785
"1519","BIRR","Croke Park Vaccination Centre",108960.268136894
"1520","BLACKROCK","Croke Park Vaccination Centre",8958.67778899952
"1521","BLANCHARDSTOWN-MULHUDDART","Croke Park Vaccination Centre",8776.55900298582
"1522","BORRIS-IN-OSSORY-MOUNTMELLICK","Croke Park Vaccination Centre",93842.9094174271
"1523","BOYLE","Croke Park Vaccination Centre",143448.949903955
"1524","BRAY EAST","Croke Park Vaccination Centre",20589.8886960405
"1525","BRAY WEST","Croke Park Vaccination Centre",21141.3548672673
"1526","BUNCRANA","Croke Park Vaccination Centre",206989.203894934
"1527","CABRA-GLASNEVIN","Croke Park Vaccination Centre",3518.97158634253
"1528","CAHIR","Croke Park Vaccination Centre",163794.226375704
"1529","CALLAN-THOMASTOWN","Croke Park Vaccination Centre",112592.118190322
"1530","CAPPAMORE-KILMALLOCK","Croke Park Vaccination Centre",177216.810934386
"1531","CARLOW","Croke Park Vaccination Centre",72923.6197233048
"1532","CARNDONAGH","Croke Park Vaccination Centre",219821.465985447
"1533","CARRICK-ON-SHANNON","Croke Park Vaccination Centre",127553.751493152
"1534","CARRICK-ON-SUIR","Croke Park Vaccination Centre",130892.963896283
"1535","CARRICKMACROSS-CASTLEBLAYNEY","Croke Park Vaccination Centre",80903.4172964203
"1536","CARRIGALINE","Croke Park Vaccination Centre",227084.007717083
"1537","CASHEL-TIPPERARY","Croke Park Vaccination Centre",155654.575949893
"1538","CASTLEBAR","Croke Park Vaccination Centre",208466.100360634
"1539","CASTLECOMER","Croke Park Vaccination Centre",99304.2887245583
"1540","CASTLEISLAND","Croke Park Vaccination Centre",248679.198320399
"1541","CASTLEKNOCK","Croke Park Vaccination Centre",10272.222196391
"1542","CAVAN-BELTURBET","Croke Park Vaccination Centre",124538.613899152
"1543","CELBRIDGE","Croke Park Vaccination Centre",20095.4073868316
"1544","CLANE","Croke Park Vaccination Centre",42197.3531849875
"1545","CLAREMORRIS","Croke Park Vaccination Centre",188678.974883847
"1546","CLONDALKIN","Croke Park Vaccination Centre",16260.3435881139
"1547","CLONMEL","Croke Park Vaccination Centre",143613.239854593
"1548","CLONTARF","Croke Park Vaccination Centre",3475.65943185215
"1549","COBH","Croke Park Vaccination Centre",211720.208399522
"1550","CONAMARA NORTH","Croke Park Vaccination Centre",228111.749515274
"1551","CONAMARA SOUTH","Croke Park Vaccination Centre",209433.664281417
"1552","CORCA DHUIBHNE","Croke Park Vaccination Centre",290831.149217231
"1553","CORK CITY NORTH EAST","Croke Park Vaccination Centre",216840.142014779
"1554","CORK CITY NORTH WEST","Croke Park Vaccination Centre",223785.310234106
"1555","CORK CITY SOUTH CENTRAL","Croke Park Vaccination Centre",223585.24371339
"1556","CORK CITY SOUTH EAST","Croke Park Vaccination Centre",220786.0866887
"1557","CORK CITY SOUTH WEST","Croke Park Vaccination Centre",226606.544266026
"1558","DONAGHMEDE","Croke Park Vaccination Centre",6799.2268238742
"1559","DONEGAL","Croke Park Vaccination Centre",192116.700045311
"1560","DROGHEDA RURAL","Croke Park Vaccination Centre",45001.916113214
"1561","DROGHEDA URBAN","Croke Park Vaccination Centre",39780.9223599138
"1562","DÚN LAOGHAIRE","Croke Park Vaccination Centre",12050.2334366269
"1563","DUNDALK-CARLINGFORD","Croke Park Vaccination Centre",75340.1332303033
"1564","DUNDALK SOUTH","Croke Park Vaccination Centre",70861.9700896129
"1565","DUNDRUM","Croke Park Vaccination Centre",7608.68605115641
"1566","DUNGARVAN","Croke Park Vaccination Centre",174714.747504343
"1567","EDENDERRY","Croke Park Vaccination Centre",64407.7560253762
"1568","ENNIS","Croke Park Vaccination Centre",191100.672343718
"1569","ENNISCORTHY","Croke Park Vaccination Centre",92658.8960623228
"1570","ENNISTIMON","Croke Park Vaccination Centre",199379.114598505
"1571","FERMOY","Croke Park Vaccination Centre",193441.5602107
"1572","FIRHOUSE-BOHERNABREENA","Croke Park Vaccination Centre",14769.6110395524
"1573","GALWAY CITY CENTRAL","Croke Park Vaccination Centre",187612.929515209
"1574","GALWAY CITY EAST","Croke Park Vaccination Centre",183352.931796211
"1575","GALWAY CITY WEST","Croke Park Vaccination Centre",190485.670070955
"1576","GLENCULLEN-SANDYFORD","Croke Park Vaccination Centre",13062.9942582311
"1577","GLENTIES","Croke Park Vaccination Centre",218663.196351026
"1578","GOREY","Croke Park Vaccination Centre",74513.9678801799
"1579","GORT-KINVARA","Croke Park Vaccination Centre",172001.091581117
"1580","GRAIGUECULLEN-PORTARLINGTON","Croke Park Vaccination Centre",71315.9785074786
"1581","GRANARD","Croke Park Vaccination Centre",101693.438107981
"1582","GREYSTONES","Croke Park Vaccination Centre",30778.6813756725
"1583","HOWTH-MALAHIDE","Croke Park Vaccination Centre",9136.9425236219
"1584","KANTURK","Croke Park Vaccination Centre",223786.769624391
"1585","KELLS","Croke Park Vaccination Centre",61075.064151446
"1586","KENMARE","Croke Park Vaccination Centre",292206.300616733
"1587","KILDARE","Croke Park Vaccination Centre",50670.2538107697
"1588","KILKENNY","Croke Park Vaccination Centre",103146.898627786
"1589","KILLALOE","Croke Park Vaccination Centre",168552.293176068
"1590","KILLARNEY","Croke Park Vaccination Centre",260722.254584705
"1591","KILLINEY-SHANKILL","Croke Park Vaccination Centre",15880.0078660005
"1592","KILMUCKRIDGE","Croke Park Vaccination Centre",95005.3981617547
"1593","KILRUSH","Croke Park Vaccination Centre",219955.456235293
"1594","KIMMAGE-RATHMINES","Croke Park Vaccination Centre",5283.34116280733
"1595","KINNEGAD","Croke Park Vaccination Centre",70317.9112850201
"1596","LAYTOWN-BETTYSTOWN","Croke Park Vaccination Centre",41841.2792731789
"1597","LEIXLIP","Croke Park Vaccination Centre",16321.2684522256
"1598","LETTERKENNY","Croke Park Vaccination Centre",204065.615918082
"1599","LIFFORD-STRANORLAR","Croke Park Vaccination Centre",190597.525896034
"1600","LIMERICK CITY EAST","Croke Park Vaccination Centre",172909.827028173
"1601","LIMERICK CITY NORTH","Croke Park Vaccination Centre",178301.772934461
"1602","LIMERICK CITY WEST","Croke Park Vaccination Centre",184254.380706472
"1603","LISMORE","Croke Park Vaccination Centre",174794.286330562
"1604","LISTOWEL","Croke Park Vaccination Centre",243875.951127286
"1605","LONGFORD","Croke Park Vaccination Centre",111537.118483622
"1606","LOUGHREA","Croke Park Vaccination Centre",146199.067990521
"1607","LUCAN","Croke Park Vaccination Centre",13329.1685170262
"1608","MACROOM","Croke Park Vaccination Centre",243110.81184018
"1609","MALLOW","Croke Park Vaccination Centre",214025.94095727
"1610","MANORHAMILTON","Croke Park Vaccination Centre",164738.548783148
"1611","MAYNOOTH","Croke Park Vaccination Centre",28282.2684050788
"1612","MIDLETON","Croke Park Vaccination Centre",201853.894504428
"1613","MILFORD","Croke Park Vaccination Centre",217536.468514724
"1614","MOATE","Croke Park Vaccination Centre",87374.9233917557
"1615","MONAGHAN","Croke Park Vaccination Centre",113545.770486274
"1616","MUINEBEAG","Croke Park Vaccination Centre",89941.8300600265
"1617","MULLINGAR","Croke Park Vaccination Centre",72992.2859131385
"1618","NAAS","Croke Park Vaccination Centre",28315.5562284027
"1619","NAVAN","Croke Park Vaccination Centre",43457.0645270108
"1620","NENAGH","Croke Park Vaccination Centre",131434.805094983
"1621","NEW ROSS","Croke Park Vaccination Centre",117195.5088662
"1622","NEWBRIDGE","Croke Park Vaccination Centre",39045.6169074222
"1623","NEWCASTLE WEST","Croke Park Vaccination Centre",217922.456429188
"1624","NEWPORT","Croke Park Vaccination Centre",149860.889075858
"1625","NORTH INNER CITY","Croke Park Vaccination Centre",1024.36321635709
"1626","ONGAR","Croke Park Vaccination Centre",12175.7682669551
"1627","PALMERSTOWN-FONTHILL","Croke Park Vaccination Centre",8982.44601293414
"1628","PEMBROKE","Croke Park Vaccination Centre",4481.03021946609
"1629","PILTOWN","Croke Park Vaccination Centre",128230.239985136
"1630","PORTLAOISE","Croke Park Vaccination Centre",82870.4742615841
"1631","PORTLAW-KILMACTHOMAS","Croke Park Vaccination Centre",148969.694224999
"1632","RATHFARNHAM-TEMPLEOGUE","Croke Park Vaccination Centre",8015.07729863651
"1633","RATOATH","Croke Park Vaccination Centre",23941.4827155116
"1634","ROSCOMMON","Croke Park Vaccination Centre",145737.451686402
"1635","ROSCREA-TEMPLEMORE","Croke Park Vaccination Centre",122228.374610039
"1636","ROSSLARE","Croke Park Vaccination Centre",125172.755261292
"1637","RUSH-LUSK","Croke Park Vaccination Centre",19727.7153376706
"1638","SHANNON","Croke Park Vaccination Centre",184638.678876784
"1639","SKIBBEREEN-WEST CORK","Croke Park Vaccination Centre",270656.226105316
"1640","SLIGO-DRUMCLIFF","Croke Park Vaccination Centre",179751.322858331
"1641","SLIGO-STRANDHILL","Croke Park Vaccination Centre",180843.154691562
"1642","SOUTH EAST INNER CITY","Croke Park Vaccination Centre",2621.4888698425
"1643","SOUTH WEST INNER CITY","Croke Park Vaccination Centre",3752.62084427132
"1644","STILLORGAN","Croke Park Vaccination Centre",9159.94104598909
"1645","SWINFORD","Croke Park Vaccination Centre",184599.729817587
"1646","SWORDS","Croke Park Vaccination Centre",11575.6633375183
"1647","TALLAGHT CENTRAL","Croke Park Vaccination Centre",10446.8655587277
"1648","TALLAGHT SOUTH","Croke Park Vaccination Centre",15409.1185365471
"1649","THURLES","Croke Park Vaccination Centre",129542.624727336
"1650","TRALEE","Croke Park Vaccination Centre",264208.945116183
"1651","TRAMORE-WATERFORD CITY WEST","Croke Park Vaccination Centre",144002.388984997
"1652","TRIM","Croke Park Vaccination Centre",44750.1011159769
"1653","TUAM","Croke Park Vaccination Centre",175669.320431099
"1654","TULLAMORE","Croke Park Vaccination Centre",88182.646713466
"1655","TULLOW","Croke Park Vaccination Centre",71341.2916618133
"1656","WATERFORD CITY EAST","Croke Park Vaccination Centre",139360.956524305
"1657","WATERFORD CITY SOUTH","Croke Park Vaccination Centre",140449.963175939
"1658","WESTPORT","Croke Park Vaccination Centre",228329.522480052
"1659","WEXFORD","Croke Park Vaccination Centre",112301.630178175
"1660","WICKLOW","Croke Park Vaccination Centre",36450.5521866928
"1661","ADARE-RATHKEALE","Swords Vaccination Centre",203512.926600578
"1662","ARDEE","Swords Vaccination Centre",50892.6319161701
"1663","ARKLOW","Swords Vaccination Centre",61511.5910284844
"1664","ARTANE-WHITEHALL","Swords Vaccination Centre",4842.60646079774
"1665","ASHBOURNE","Swords Vaccination Centre",22948.6519975844
"1666","ATHENRY-ORANMORE","Swords Vaccination Centre",172460.609656118
"1667","ATHLONE","Swords Vaccination Centre",109166.308451707
"1668","ATHLONE","Swords Vaccination Centre",126862.504088223
"1669","ATHY","Swords Vaccination Centre",65529.3318014101
"1670","BAILIEBOROUGH-COOTEHILL","Swords Vaccination Centre",83443.7673886124
"1671","BALBRIGGAN","Swords Vaccination Centre",15828.6934730072
"1672","BALLINA","Swords Vaccination Centre",216852.84129219
"1673","BALLINAMORE","Swords Vaccination Centre",125204.390313562
"1674","BALLINASLOE","Swords Vaccination Centre",145453.362043657
"1675","BALLYBAY-CLONES","Swords Vaccination Centre",93450.1118189227
"1676","BALLYFERMOT-DRIMNAGH","Swords Vaccination Centre",13891.1982940731
"1677","BALLYJAMESDUFF","Swords Vaccination Centre",85902.8827435086
"1678","BALLYMAHON","Swords Vaccination Centre",106751.953148449
"1679","BALLYMOTE-TOBERCURRY","Swords Vaccination Centre",177810.74149274
"1680","BALLYMUN-FINGLAS","Swords Vaccination Centre",6665.52560347497
"1681","BALTINGLASS","Swords Vaccination Centre",56507.4338456238
"1682","BANDON-KINSALE","Swords Vaccination Centre",252962.417457261
"1683","BANTRY-WEST CORK","Swords Vaccination Centre",300111.982458759
"1684","BELMULLET","Swords Vaccination Centre",245482.408391329
"1685","BIRR","Swords Vaccination Centre",112883.050289673
"1686","BLACKROCK","Swords Vaccination Centre",16310.5872266733
"1687","BLANCHARDSTOWN-MULHUDDART","Swords Vaccination Centre",8201.31703213768
"1688","BORRIS-IN-OSSORY-MOUNTMELLICK","Swords Vaccination Centre",99365.300624033
"1689","BOYLE","Swords Vaccination Centre",141768.28676037
"1690","BRAY EAST","Swords Vaccination Centre",27684.9989472265
"1691","BRAY WEST","Swords Vaccination Centre",29409.9208701394
"1692","BUNCRANA","Swords Vaccination Centre",199831.108412448
"1693","CABRA-GLASNEVIN","Swords Vaccination Centre",9734.5832847514
"1694","CAHIR","Swords Vaccination Centre",171083.192176469
"1695","CALLAN-THOMASTOWN","Swords Vaccination Centre",120634.870112794
"1696","CAPPAMORE-KILMALLOCK","Swords Vaccination Centre",183486.756624531
"1697","CARLOW","Swords Vaccination Centre",80876.4181514358
"1698","CARNDONAGH","Swords Vaccination Centre",212319.814192053
"1699","CARRICK-ON-SHANNON","Swords Vaccination Centre",125206.362026406
"1700","CARRICK-ON-SUIR","Swords Vaccination Centre",138268.27793178
"1701","CARRICKMACROSS-CASTLEBLAYNEY","Swords Vaccination Centre",73943.6227370342
"1702","CARRIGALINE","Swords Vaccination Centre",234674.667256208
"1703","CASHEL-TIPPERARY","Swords Vaccination Centre",162255.315106301
"1704","CASTLEBAR","Swords Vaccination Centre",208211.883838587
"1705","CASTLECOMER","Swords Vaccination Centre",106592.363732989
"1706","CASTLEISLAND","Swords Vaccination Centre",254479.701756391
"1707","CASTLEKNOCK","Swords Vaccination Centre",13848.9981184376
"1708","CAVAN-BELTURBET","Swords Vaccination Centre",120394.714572701
"1709","CELBRIDGE","Swords Vaccination Centre",24813.81597166
"1710","CLANE","Swords Vaccination Centre",45409.374665934
"1711","CLAREMORRIS","Swords Vaccination Centre",189014.985433254
"1712","CLONDALKIN","Swords Vaccination Centre",22895.7802073805
"1713","CLONMEL","Swords Vaccination Centre",151102.012784507
"1714","CLONTARF","Swords Vaccination Centre",7542.15840880175
"1715","COBH","Swords Vaccination Centre",219138.602729514
"1716","CONAMARA NORTH","Swords Vaccination Centre",229475.217722149
"1717","CONAMARA SOUTH","Swords Vaccination Centre",211623.724717516
"1718","CORCA DHUIBHNE","Swords Vaccination Centre",296173.624396408
"1719","CORK CITY NORTH EAST","Swords Vaccination Centre",224255.783443048
"1720","CORK CITY NORTH WEST","Swords Vaccination Centre",231083.128072914
"1721","CORK CITY SOUTH CENTRAL","Swords Vaccination Centre",231045.577005251
"1722","CORK CITY SOUTH EAST","Swords Vaccination Centre",228299.234224245
"1723","CORK CITY SOUTH WEST","Swords Vaccination Centre",233993.041393484
"1724","DONAGHMEDE","Swords Vaccination Centre",6695.11457845766
"1725","DONEGAL","Swords Vaccination Centre",187151.873585172
"1726","DROGHEDA RURAL","Swords Vaccination Centre",37021.8450261046
"1727","DROGHEDA URBAN","Swords Vaccination Centre",31936.0075751024
"1728","DÚN LAOGHAIRE","Swords Vaccination Centre",18466.0487431395
"1729","DUNDALK-CARLINGFORD","Swords Vaccination Centre",67053.2738792871
"1730","DUNDALK SOUTH","Swords Vaccination Centre",63063.7997528551
"1731","DUNDRUM","Swords Vaccination Centre",16129.4845143225
"1732","DUNGARVAN","Swords Vaccination Centre",182725.681218029
"1733","EDENDERRY","Swords Vaccination Centre",67867.7119709751
"1734","ENNIS","Swords Vaccination Centre",195383.743977805
"1735","ENNISCORTHY","Swords Vaccination Centre",101263.019426653
"1736","ENNISTIMON","Swords Vaccination Centre",202911.213252735
"1737","FERMOY","Swords Vaccination Centre",200576.993064006
"1738","FIRHOUSE-BOHERNABREENA","Swords Vaccination Centre",23319.2067880685
"1739","GALWAY CITY CENTRAL","Swords Vaccination Centre",189839.510484524
"1740","GALWAY CITY EAST","Swords Vaccination Centre",185624.872634712
"1741","GALWAY CITY WEST","Swords Vaccination Centre",192812.333966041
"1742","GLENCULLEN-SANDYFORD","Swords Vaccination Centre",21458.8192794506
"1743","GLENTIES","Swords Vaccination Centre",212960.515774299
"1744","GOREY","Swords Vaccination Centre",83055.0186288658
"1745","GORT-KINVARA","Swords Vaccination Centre",175161.446008442
"1746","GRAIGUECULLEN-PORTARLINGTON","Swords Vaccination Centre",78039.4799520377
"1747","GRANARD","Swords Vaccination Centre",99502.4142201785
"1748","GREYSTONES","Swords Vaccination Centre",38193.2461143925
"1749","HOWTH-MALAHIDE","Swords Vaccination Centre",5176.34943407705
"1750","KANTURK","Swords Vaccination Centre",230057.538889086
"1751","KELLS","Swords Vaccination Centre",56773.6040468573
"1752","KENMARE","Swords Vaccination Centre",298305.593006417
"1753","KILDARE","Swords Vaccination Centre",56178.3122784352
"1754","KILKENNY","Swords Vaccination Centre",110735.593475232
"1755","KILLALOE","Swords Vaccination Centre",173001.682924344
"1756","KILLARNEY","Swords Vaccination Centre",266939.355848715
"1757","KILLINEY-SHANKILL","Swords Vaccination Centre",23160.3527025904
"1758","KILMUCKRIDGE","Swords Vaccination Centre",103563.064821591
"1759","KILRUSH","Swords Vaccination Centre",224454.319554447
"1760","KIMMAGE-RATHMINES","Swords Vaccination Centre",13807.3078348437
"1761","KINNEGAD","Swords Vaccination Centre",69244.080888214
"1762","LAYTOWN-BETTYSTOWN","Swords Vaccination Centre",34937.9183012444
"1763","LEIXLIP","Swords Vaccination Centre",19495.2740704428
"1764","LETTERKENNY","Swords Vaccination Centre",197710.424779157
"1765","LIFFORD-STRANORLAR","Swords Vaccination Centre",184387.321842255
"1766","LIMERICK CITY EAST","Swords Vaccination Centre",178421.390397686
"1767","LIMERICK CITY NORTH","Swords Vaccination Centre",183612.403822184
"1768","LIMERICK CITY WEST","Swords Vaccination Centre",189632.425085104
"1769","LISMORE","Swords Vaccination Centre",182476.855736069
"1770","LISTOWEL","Swords Vaccination Centre",248974.36600257
"1771","LONGFORD","Swords Vaccination Centre",110209.543693778
"1772","LOUGHREA","Swords Vaccination Centre",149445.96063
"1773","LUCAN","Swords Vaccination Centre",18067.230307832
"1774","MACROOM","Swords Vaccination Centre",249996.043268404
"1775","MALLOW","Swords Vaccination Centre",220778.726874211
"1776","MANORHAMILTON","Swords Vaccination Centre",160931.462549961
"1777","MAYNOOTH","Swords Vaccination Centre",31126.9189921483
"1778","MIDLETON","Swords Vaccination Centre",209625.049244468
"1779","MILFORD","Swords Vaccination Centre",210848.295042828
"1780","MOATE","Swords Vaccination Centre",88285.3520983409
"1781","MONAGHAN","Swords Vaccination Centre",106786.412525893
"1782","MUINEBEAG","Swords Vaccination Centre",98192.8661833389
"1783","MULLINGAR","Swords Vaccination Centre",73136.5033900847
"1784","NAAS","Swords Vaccination Centre",35079.3399904908
"1785","NAVAN","Swords Vaccination Centre",39307.7598667255
"1786","NENAGH","Swords Vaccination Centre",135906.921822709
"1787","NEW ROSS","Swords Vaccination Centre",125750.430983837
"1788","NEWBRIDGE","Swords Vaccination Centre",45726.175341921
"1789","NEWCASTLE WEST","Swords Vaccination Centre",223543.885572781
"1790","NEWPORT","Swords Vaccination Centre",155231.004984231
"1791","NORTH INNER CITY","Swords Vaccination Centre",9443.92566814208
"1792","ONGAR","Swords Vaccination Centre",14250.0825392537
"1793","PALMERSTOWN-FONTHILL","Swords Vaccination Centre",14547.6911899752
"1794","PEMBROKE","Swords Vaccination Centre",12710.7158255009
"1795","PILTOWN","Swords Vaccination Centre",136505.134150774
"1796","PORTLAOISE","Swords Vaccination Centre",89029.6862660394
"1797","PORTLAW-KILMACTHOMAS","Swords Vaccination Centre",157000.068644497
"1798","RATHFARNHAM-TEMPLEOGUE","Swords Vaccination Centre",16404.5109524333
"1799","RATOATH","Swords Vaccination Centre",22725.7444393531
"1800","ROSCOMMON","Swords Vaccination Centre",145282.480618533
"1801","ROSCREA-TEMPLEMORE","Swords Vaccination Centre",128024.41849336
"1802","ROSSLARE","Swords Vaccination Centre",133779.581353288
"1803","RUSH-LUSK","Swords Vaccination Centre",11505.5770752151
"1804","SHANNON","Swords Vaccination Centre",189622.14662644
"1805","SKIBBEREEN-WEST CORK","Swords Vaccination Centre",277853.963786393
"1806","SLIGO-DRUMCLIFF","Swords Vaccination Centre",176394.563023943
"1807","SLIGO-STRANDHILL","Swords Vaccination Centre",177739.737700753
"1808","SOUTH EAST INNER CITY","Swords Vaccination Centre",10876.6717856284
"1809","SOUTH WEST INNER CITY","Swords Vaccination Centre",11780.8546753945
"1810","STILLORGAN","Swords Vaccination Centre",16981.0698519508
"1811","SWINFORD","Swords Vaccination Centre",183579.540794021
"1812","SWORDS","Swords Vaccination Centre",4274.94547697007
"1813","TALLAGHT CENTRAL","Swords Vaccination Centre",18179.6250762213
"1814","TALLAGHT SOUTH","Swords Vaccination Centre",23352.2483981725
"1815","THURLES","Swords Vaccination Centre",136069.207872252
"1816","TRALEE","Swords Vaccination Centre",269600.835937348
"1817","TRAMORE-WATERFORD CITY WEST","Swords Vaccination Centre",152386.489146092
"1818","TRIM","Swords Vaccination Centre",44382.4243941875
"1819","TUAM","Swords Vaccination Centre",176717.982889571
"1820","TULLAMORE","Swords Vaccination Centre",91164.2431273663
"1821","TULLOW","Swords Vaccination Centre",79738.0125859098
"1822","WATERFORD CITY EAST","Swords Vaccination Centre",147849.976729264
"1823","WATERFORD CITY SOUTH","Swords Vaccination Centre",148870.289351252
"1824","WESTPORT","Swords Vaccination Centre",228508.810540128
"1825","WEXFORD","Swords Vaccination Centre",120901.703495991
"1826","WICKLOW","Swords Vaccination Centre",44787.0172232618
"1827","ADARE-RATHKEALE","Richmond Barracks Vaccination Centre",193188.446369701
"1828","ARDEE","Richmond Barracks Vaccination Centre",59946.2596447284
"1829","ARKLOW","Richmond Barracks Vaccination Centre",50594.3961778836
"1830","ARTANE-WHITEHALL","Richmond Barracks Vaccination Centre",8739.45370881892
"1831","ASHBOURNE","Richmond Barracks Vaccination Centre",29188.8528880276
"1832","ATHENRY-ORANMORE","Richmond Barracks Vaccination Centre",166261.086670401
"1833","ATHLONE","Richmond Barracks Vaccination Centre",103909.715711401
"1834","ATHLONE","Richmond Barracks Vaccination Centre",121699.266411374
"1835","ATHY","Richmond Barracks Vaccination Centre",53463.4056628188
"1836","BAILIEBOROUGH-COOTEHILL","Richmond Barracks Vaccination Centre",88147.6185509915
"1837","BALBRIGGAN","Richmond Barracks Vaccination Centre",28120.0687377144
"1838","BALLINA","Richmond Barracks Vaccination Centre",215790.007829866
"1839","BALLINAMORE","Richmond Barracks Vaccination Centre",126598.000607098
"1840","BALLINASLOE","Richmond Barracks Vaccination Centre",140129.421756027
"1841","BALLYBAY-CLONES","Richmond Barracks Vaccination Centre",99793.8455184879
"1842","BALLYFERMOT-DRIMNAGH","Richmond Barracks Vaccination Centre",2022.96311353767
"1843","BALLYJAMESDUFF","Richmond Barracks Vaccination Centre",87989.9509160198
"1844","BALLYMAHON","Richmond Barracks Vaccination Centre",103753.920459711
"1845","BALLYMOTE-TOBERCURRY","Richmond Barracks Vaccination Centre",177590.257168936
"1846","BALLYMUN-FINGLAS","Richmond Barracks Vaccination Centre",6086.08008823954
"1847","BALTINGLASS","Richmond Barracks Vaccination Centre",44116.274679138
"1848","BANDON-KINSALE","Richmond Barracks Vaccination Centre",240787.45635488
"1849","BANTRY-WEST CORK","Richmond Barracks Vaccination Centre",288472.367816173
"1850","BELMULLET","Richmond Barracks Vaccination Centre",243599.053210384
"1851","BIRR","Richmond Barracks Vaccination Centre",104303.881596203
"1852","BLACKROCK","Richmond Barracks Vaccination Centre",10250.8587252517
"1853","BLANCHARDSTOWN-MULHUDDART","Richmond Barracks Vaccination Centre",9044.47565171499
"1854","BORRIS-IN-OSSORY-MOUNTMELLICK","Richmond Barracks Vaccination Centre",88952.5594380336
"1855","BOYLE","Richmond Barracks Vaccination Centre",140776.7387719
"1856","BRAY EAST","Richmond Barracks Vaccination Centre",20965.635387918
"1857","BRAY WEST","Richmond Barracks Vaccination Centre",19665.5084654647
"1858","BUNCRANA","Richmond Barracks Vaccination Centre",207910.404735799
"1859","CABRA-GLASNEVIN","Richmond Barracks Vaccination Centre",2897.02088715227
"1860","CAHIR","Richmond Barracks Vaccination Centre",159024.912391367
"1861","CALLAN-THOMASTOWN","Richmond Barracks Vaccination Centre",108156.480099437
"1862","CAPPAMORE-KILMALLOCK","Richmond Barracks Vaccination Centre",172308.05734955
"1863","CARLOW","Richmond Barracks Vaccination Centre",68421.6049384231
"1864","CARNDONAGH","Richmond Barracks Vaccination Centre",221093.236520068
"1865","CARRICK-ON-SHANNON","Richmond Barracks Vaccination Centre",125242.80499032
"1866","CARRICK-ON-SUIR","Richmond Barracks Vaccination Centre",126144.951631459
"1867","CARRICKMACROSS-CASTLEBLAYNEY","Richmond Barracks Vaccination Centre",81816.7125967961
"1868","CARRIGALINE","Richmond Barracks Vaccination Centre",222415.553415362
"1869","CASHEL-TIPPERARY","Richmond Barracks Vaccination Centre",150766.36663219
"1870","CASTLEBAR","Richmond Barracks Vaccination Centre",205093.366244035
"1871","CASTLECOMER","Richmond Barracks Vaccination Centre",94527.0180322476
"1872","CASTLEISLAND","Richmond Barracks Vaccination Centre",243767.951781778
"1873","CASTLEKNOCK","Richmond Barracks Vaccination Centre",7185.85032735164
"1874","CAVAN-BELTURBET","Richmond Barracks Vaccination Centre",123257.018561729
"1875","CELBRIDGE","Richmond Barracks Vaccination Centre",15563.827390673
"1876","CLANE","Richmond Barracks Vaccination Centre",37873.5272408411
"1877","CLAREMORRIS","Richmond Barracks Vaccination Centre",185077.659608267
"1878","CLONDALKIN","Richmond Barracks Vaccination Centre",11350.3854562873
"1879","CLONMEL","Richmond Barracks Vaccination Centre",138902.77760072
"1880","CLONTARF","Richmond Barracks Vaccination Centre",8329.61925094685
"1881","COBH","Richmond Barracks Vaccination Centre",206991.115760298
"1882","CONAMARA NORTH","Richmond Barracks Vaccination Centre",224116.921975965
"1883","CONAMARA SOUTH","Richmond Barracks Vaccination Centre",205179.910535992
"1884","CORCA DHUIBHNE","Richmond Barracks Vaccination Centre",285941.761729658
"1885","CORK CITY NORTH EAST","Richmond Barracks Vaccination Centre",212110.411446899
"1886","CORK CITY NORTH WEST","Richmond Barracks Vaccination Centre",219021.627943339
"1887","CORK CITY SOUTH CENTRAL","Richmond Barracks Vaccination Centre",218870.122741201
"1888","CORK CITY SOUTH EAST","Richmond Barracks Vaccination Centre",216088.826875964
"1889","CORK CITY SOUTH WEST","Richmond Barracks Vaccination Centre",221868.277102712
"1890","DONAGHMEDE","Richmond Barracks Vaccination Centre",11708.5509258696
"1891","DONEGAL","Richmond Barracks Vaccination Centre",191284.810787201
"1892","DROGHEDA RURAL","Richmond Barracks Vaccination Centre",47162.5886347113
"1893","DROGHEDA URBAN","Richmond Barracks Vaccination Centre",41837.8638072464
"1894","DÚN LAOGHAIRE","Richmond Barracks Vaccination Centre",13845.6853372338
"1895","DUNDALK-CARLINGFORD","Richmond Barracks Vaccination Centre",77792.1991327764
"1896","DUNDALK SOUTH","Richmond Barracks Vaccination Centre",72661.7202036759
"1897","DUNDRUM","Richmond Barracks Vaccination Centre",6607.93359327495
"1898","DUNGARVAN","Richmond Barracks Vaccination Centre",170259.92042018
"1899","EDENDERRY","Richmond Barracks Vaccination Centre",59918.2748294838
"1900","ENNIS","Richmond Barracks Vaccination Centre",186349.741887483
"1901","ENNISCORTHY","Richmond Barracks Vaccination Centre",89167.5936047158
"1902","ENNISTIMON","Richmond Barracks Vaccination Centre",194775.438142748
"1903","FERMOY","Richmond Barracks Vaccination Centre",188636.844926412
"1904","FIRHOUSE-BOHERNABREENA","Richmond Barracks Vaccination Centre",11295.8442110809
"1905","GALWAY CITY CENTRAL","Richmond Barracks Vaccination Centre",183355.649201553
"1906","GALWAY CITY EAST","Richmond Barracks Vaccination Centre",179083.732570627
"1907","GALWAY CITY WEST","Richmond Barracks Vaccination Centre",186197.592620686
"1908","GLENCULLEN-SANDYFORD","Richmond Barracks Vaccination Centre",11717.6575022225
"1909","GLENTIES","Richmond Barracks Vaccination Centre",218339.626706421
"1910","GOREY","Richmond Barracks Vaccination Centre",71784.9345519091
"1911","GORT-KINVARA","Richmond Barracks Vaccination Centre",167492.469793204
"1912","GRAIGUECULLEN-PORTARLINGTON","Richmond Barracks Vaccination Centre",66430.4577113813
"1913","GRANARD","Richmond Barracks Vaccination Centre",99356.6867289679
"1914","GREYSTONES","Richmond Barracks Vaccination Centre",30416.7603916422
"1915","HOWTH-MALAHIDE","Richmond Barracks Vaccination Centre",13968.5972582326
"1916","KANTURK","Richmond Barracks Vaccination Centre",218878.789681769
"1917","KELLS","Richmond Barracks Vaccination Centre",60143.9520388654
"1918","KENMARE","Richmond Barracks Vaccination Centre",287293.941347151
"1919","KILDARE","Richmond Barracks Vaccination Centre",45799.6353411055
"1920","KILKENNY","Richmond Barracks Vaccination Centre",98467.7650306421
"1921","KILLALOE","Richmond Barracks Vaccination Centre",163777.320340118
"1922","KILLARNEY","Richmond Barracks Vaccination Centre",255812.686728309
"1923","KILLINEY-SHANKILL","Richmond Barracks Vaccination Centre",16341.0388970847
"1924","KILMUCKRIDGE","Richmond Barracks Vaccination Centre",92178.1332313056
"1925","KILRUSH","Richmond Barracks Vaccination Centre",215166.049409787
"1926","KIMMAGE-RATHMINES","Richmond Barracks Vaccination Centre",2931.34535578857
"1927","KINNEGAD","Richmond Barracks Vaccination Centre",67542.7815106205
"1928","LAYTOWN-BETTYSTOWN","Richmond Barracks Vaccination Centre",42986.5120722766
"1929","LEIXLIP","Richmond Barracks Vaccination Centre",12629.2444829829
"1930","LETTERKENNY","Richmond Barracks Vaccination Centre",204265.177105624
"1931","LIFFORD-STRANORLAR","Richmond Barracks Vaccination Centre",190687.535724375
"1932","LIMERICK CITY EAST","Richmond Barracks Vaccination Centre",168012.687428362
"1933","LIMERICK CITY NORTH","Richmond Barracks Vaccination Centre",173418.9638618
"1934","LIMERICK CITY WEST","Richmond Barracks Vaccination Centre",179365.879536299
"1935","LISMORE","Richmond Barracks Vaccination Centre",170161.046669039
"1936","LISTOWEL","Richmond Barracks Vaccination Centre",239009.055302723
"1937","LONGFORD","Richmond Barracks Vaccination Centre",108746.148706269
"1938","LOUGHREA","Richmond Barracks Vaccination Centre",141678.916606859
"1939","LUCAN","Richmond Barracks Vaccination Centre",9081.57997331452
"1940","MACROOM","Richmond Barracks Vaccination Centre",238261.324016908
"1941","MALLOW","Richmond Barracks Vaccination Centre",209156.844250003
"1942","MANORHAMILTON","Richmond Barracks Vaccination Centre",163193.620617506
"1943","MAYNOOTH","Richmond Barracks Vaccination Centre",24259.3379572604
"1944","MIDLETON","Richmond Barracks Vaccination Centre",197262.654613523
"1945","MILFORD","Richmond Barracks Vaccination Centre",218013.493492004
"1946","MOATE","Richmond Barracks Vaccination Centre",83671.8596853058
"1947","MONAGHAN","Richmond Barracks Vaccination Centre",114192.221217038
"1948","MUINEBEAG","Richmond Barracks Vaccination Centre",85687.1304199515
"1949","MULLINGAR","Richmond Barracks Vaccination Centre",69649.9095326513
"1950","NAAS","Richmond Barracks Vaccination Centre",23412.1327916535
"1951","NAVAN","Richmond Barracks Vaccination Centre",42637.2326458798
"1952","NENAGH","Richmond Barracks Vaccination Centre",126664.522224653
"1953","NEW ROSS","Richmond Barracks Vaccination Centre",113457.027131985
"1954","NEWBRIDGE","Richmond Barracks Vaccination Centre",34144.0280462356
"1955","NEWCASTLE WEST","Richmond Barracks Vaccination Centre",213017.909167546
"1956","NEWPORT","Richmond Barracks Vaccination Centre",144975.302335344
"1957","NORTH INNER CITY","Richmond Barracks Vaccination Centre",4925.57358868887
"1958","ONGAR","Richmond Barracks Vaccination Centre",9656.85036345104
"1959","PALMERSTOWN-FONTHILL","Richmond Barracks Vaccination Centre",4781.29226606087
"1960","PEMBROKE","Richmond Barracks Vaccination Centre",5802.45591876972
"1961","PILTOWN","Richmond Barracks Vaccination Centre",124000.478012857
"1962","PORTLAOISE","Richmond Barracks Vaccination Centre",77957.1104532002
"1963","PORTLAW-KILMACTHOMAS","Richmond Barracks Vaccination Centre",144527.264516628
"1964","RATHFARNHAM-TEMPLEOGUE","Richmond Barracks Vaccination Centre",4324.73665361518
"1965","RATOATH","Richmond Barracks Vaccination Centre",22048.504205626
"1966","ROSCOMMON","Richmond Barracks Vaccination Centre",142496.774744334
"1967","ROSCREA-TEMPLEMORE","Richmond Barracks Vaccination Centre",117319.73825289
"1968","ROSSLARE","Richmond Barracks Vaccination Centre",122030.232299461
"1969","RUSH-LUSK","Richmond Barracks Vaccination Centre",22598.3826046787
"1970","SHANNON","Richmond Barracks Vaccination Centre",179787.751116422
"1971","SKIBBEREEN-WEST CORK","Richmond Barracks Vaccination Centre",265868.665944769
"1972","SLIGO-DRUMCLIFF","Richmond Barracks Vaccination Centre",177927.791889544
"1973","SLIGO-STRANDHILL","Richmond Barracks Vaccination Centre",178875.388374355
"1974","SOUTH EAST INNER CITY","Richmond Barracks Vaccination Centre",5206.02915910494
"1975","SOUTH WEST INNER CITY","Richmond Barracks Vaccination Centre",1307.60996973373
"1976","STILLORGAN","Richmond Barracks Vaccination Centre",9703.08145796802
"1977","SWINFORD","Richmond Barracks Vaccination Centre",181575.911512929
"1978","SWORDS","Richmond Barracks Vaccination Centre",14392.4396736355
"1979","TALLAGHT CENTRAL","Richmond Barracks Vaccination Centre",5717.82175033879
"1980","TALLAGHT SOUTH","Richmond Barracks Vaccination Centre",10856.7283134157
"1981","THURLES","Richmond Barracks Vaccination Centre",124646.615556047
"1982","TRALEE","Richmond Barracks Vaccination Centre",259316.632389484
"1983","TRAMORE-WATERFORD CITY WEST","Richmond Barracks Vaccination Centre",139908.084087908
"1984","TRIM","Richmond Barracks Vaccination Centre",41851.2312964409
"1985","TUAM","Richmond Barracks Vaccination Centre",171807.188350702
"1986","TULLAMORE","Richmond Barracks Vaccination Centre",83780.0916746405
"1987","TULLOW","Richmond Barracks Vaccination Centre",67274.9358136509
"1988","WATERFORD CITY EAST","Richmond Barracks Vaccination Centre",135447.454575386
"1989","WATERFORD CITY SOUTH","Richmond Barracks Vaccination Centre",136410.680300289
"1990","WESTPORT","Richmond Barracks Vaccination Centre",224771.285040727
"1991","WEXFORD","Richmond Barracks Vaccination Centre",109226.538330024
"1992","WICKLOW","Richmond Barracks Vaccination Centre",34495.4312985064
"1993","ADARE-RATHKEALE","Galway Racecourse Vaccination Centre",82448.8199677142
"1994","ARDEE","Galway Racecourse Vaccination Centre",178369.146424518
"1995","ARKLOW","Galway Racecourse Vaccination Centre",188328.511264951
"1996","ARTANE-WHITEHALL","Galway Racecourse Vaccination Centre",185074.628261999
"1997","ASHBOURNE","Galway Racecourse Vaccination Centre",171240.135804671
"1998","ATHENRY-ORANMORE","Galway Racecourse Vaccination Centre",13221.7864942695
"1999","ATHLONE","Galway Racecourse Vaccination Centre",76923.2807956349
"2000","ATHLONE","Galway Racecourse Vaccination Centre",60272.9048651799
"2001","ATHY","Galway Racecourse Vaccination Centre",144812.548225287
"2002","BAILIEBOROUGH-COOTEHILL","Galway Racecourse Vaccination Centre",147497.602937182
"2003","BALBRIGGAN","Galway Racecourse Vaccination Centre",190750.353165465
"2004","BALLINA","Galway Racecourse Vaccination Centre",96269.0607561253
"2005","BALLINAMORE","Galway Racecourse Vaccination Centre",112207.119650963
"2006","BALLINASLOE","Galway Racecourse Vaccination Centre",42483.5137235424
"2007","BALLYBAY-CLONES","Galway Racecourse Vaccination Centre",160285.044925562
"2008","BALLYFERMOT-DRIMNAGH","Galway Racecourse Vaccination Centre",176688.820589055
"2009","BALLYJAMESDUFF","Galway Racecourse Vaccination Centre",129144.386539883
"2010","BALLYMAHON","Galway Racecourse Vaccination Centre",87167.5797025429
"2011","BALLYMOTE-TOBERCURRY","Galway Racecourse Vaccination Centre",93340.4848906554
"2012","BALLYMUN-FINGLAS","Galway Racecourse Vaccination Centre",180610.039917762
"2013","BALTINGLASS","Galway Racecourse Vaccination Centre",168338.488475886
"2014","BANDON-KINSALE","Galway Racecourse Vaccination Centre",176879.533425781
"2015","BANTRY-WEST CORK","Galway Racecourse Vaccination Centre",186284.928982138
"2016","BELMULLET","Galway Racecourse Vaccination Centre",103169.525891279
"2017","BIRR","Galway Racecourse Vaccination Centre",79234.7588653503
"2018","BLACKROCK","Galway Racecourse Vaccination Centre",187591.685965832
"2019","BLANCHARDSTOWN-MULHUDDART","Galway Racecourse Vaccination Centre",177089.2157774
"2020","BORRIS-IN-OSSORY-MOUNTMELLICK","Galway Racecourse Vaccination Centre",104818.564360551
"2021","BOYLE","Galway Racecourse Vaccination Centre",84036.8235691531
"2022","BRAY EAST","Galway Racecourse Vaccination Centre",193248.072978501
"2023","BRAY WEST","Galway Racecourse Vaccination Centre",186250.265117879
"2024","BUNCRANA","Galway Racecourse Vaccination Centre",225569.310785136
"2025","CABRA-GLASNEVIN","Galway Racecourse Vaccination Centre",179426.071948525
"2026","CAHIR","Galway Racecourse Vaccination Centre",129556.929808189
"2027","CALLAN-THOMASTOWN","Galway Racecourse Vaccination Centre",149410.237204949
"2028","CAPPAMORE-KILMALLOCK","Galway Racecourse Vaccination Centre",100058.779729428
"2029","CARLOW","Galway Racecourse Vaccination Centre",150220.392148995
"2030","CARNDONAGH","Galway Racecourse Vaccination Centre",245890.301276325
"2031","CARRICK-ON-SHANNON","Galway Racecourse Vaccination Centre",99105.2555047883
"2032","CARRICK-ON-SUIR","Galway Racecourse Vaccination Centre",127930.648904911
"2033","CARRICKMACROSS-CASTLEBLAYNEY","Galway Racecourse Vaccination Centre",171824.392134559
"2034","CARRIGALINE","Galway Racecourse Vaccination Centre",170684.771971635
"2035","CASHEL-TIPPERARY","Galway Racecourse Vaccination Centre",106333.689293398
"2036","CASTLEBAR","Galway Racecourse Vaccination Centre",61304.6004796902
"2037","CASTLECOMER","Galway Racecourse Vaccination Centre",129316.810202001
"2038","CASTLEISLAND","Galway Racecourse Vaccination Centre",122513.762180306
"2039","CASTLEKNOCK","Galway Racecourse Vaccination Centre",172807.765377157
"2040","CAVAN-BELTURBET","Galway Racecourse Vaccination Centre",127341.13679001
"2041","CELBRIDGE","Galway Racecourse Vaccination Centre",163166.488214003
"2042","CLANE","Galway Racecourse Vaccination Centre",140805.333062772
"2043","CLAREMORRIS","Galway Racecourse Vaccination Centre",41193.9794070605
"2044","CLONDALKIN","Galway Racecourse Vaccination Centre",168734.659913302
"2045","CLONMEL","Galway Racecourse Vaccination Centre",132595.364592605
"2046","CLONTARF","Galway Racecourse Vaccination Centre",186271.917183856
"2047","COBH","Galway Racecourse Vaccination Centre",154300.695213983
"2048","CONAMARA NORTH","Galway Racecourse Vaccination Centre",49247.3605346535
"2049","CONAMARA SOUTH","Galway Racecourse Vaccination Centre",26507.6804763505
"2050","CORCA DHUIBHNE","Galway Racecourse Vaccination Centre",144683.323236542
"2051","CORK CITY NORTH EAST","Galway Racecourse Vaccination Centre",157044.106042699
"2052","CORK CITY NORTH WEST","Galway Racecourse Vaccination Centre",156266.778283375
"2053","CORK CITY SOUTH CENTRAL","Galway Racecourse Vaccination Centre",162865.333624687
"2054","CORK CITY SOUTH EAST","Galway Racecourse Vaccination Centre",163468.888019669
"2055","CORK CITY SOUTH WEST","Galway Racecourse Vaccination Centre",161586.520007614
"2056","DONAGHMEDE","Galway Racecourse Vaccination Centre",189027.019531858
"2057","DONEGAL","Galway Racecourse Vaccination Centre",158051.921326912
"2058","DROGHEDA RURAL","Galway Racecourse Vaccination Centre",183413.921061229
"2059","DROGHEDA URBAN","Galway Racecourse Vaccination Centre",181589.74652134
"2060","DÚN LAOGHAIRE","Galway Racecourse Vaccination Centre",190992.314086025
"2061","DUNDALK-CARLINGFORD","Galway Racecourse Vaccination Centre",196099.279872099
"2062","DUNDALK SOUTH","Galway Racecourse Vaccination Centre",184218.67491008
"2063","DUNDRUM","Galway Racecourse Vaccination Centre",182935.249404557
"2064","DUNGARVAN","Galway Racecourse Vaccination Centre",163508.36554133
"2065","EDENDERRY","Galway Racecourse Vaccination Centre",119191.057351494
"2066","ENNIS","Galway Racecourse Vaccination Centre",49994.0078551049
"2067","ENNISCORTHY","Galway Racecourse Vaccination Centre",179873.764055134
"2068","ENNISTIMON","Galway Racecourse Vaccination Centre",35775.0212739749
"2069","FERMOY","Galway Racecourse Vaccination Centre",134212.381818346
"2070","FIRHOUSE-BOHERNABREENA","Galway Racecourse Vaccination Centre",177809.926287555
"2071","GALWAY CITY CENTRAL","Galway Racecourse Vaccination Centre",4720.19158075189
"2072","GALWAY CITY EAST","Galway Racecourse Vaccination Centre",1529.91489682457
"2073","GALWAY CITY WEST","Galway Racecourse Vaccination Centre",8093.71180511466
"2074","GLENCULLEN-SANDYFORD","Galway Racecourse Vaccination Centre",184106.364836292
"2075","GLENTIES","Galway Racecourse Vaccination Centre",190628.542776767
"2076","GOREY","Galway Racecourse Vaccination Centre",190692.65717772
"2077","GORT-KINVARA","Galway Racecourse Vaccination Centre",23308.3897284628
"2078","GRAIGUECULLEN-PORTARLINGTON","Galway Racecourse Vaccination Centre",131700.100263283
"2079","GRANARD","Galway Racecourse Vaccination Centre",108576.661706944
"2080","GREYSTONES","Galway Racecourse Vaccination Centre",196047.393239674
"2081","HOWTH-MALAHIDE","Galway Racecourse Vaccination Centre",189740.4947069
"2082","KANTURK","Galway Racecourse Vaccination Centre",120108.210970493
"2083","KELLS","Galway Racecourse Vaccination Centre",148218.341894068
"2084","KENMARE","Galway Racecourse Vaccination Centre",164762.688480093
"2085","KILDARE","Galway Racecourse Vaccination Centre",137511.637126506
"2086","KILKENNY","Galway Racecourse Vaccination Centre",135677.182058988
"2087","KILLALOE","Galway Racecourse Vaccination Centre",51849.1834388038
"2088","KILLARNEY","Galway Racecourse Vaccination Centre",143325.249935264
"2089","KILLINEY-SHANKILL","Galway Racecourse Vaccination Centre",190503.91546402
"2090","KILMUCKRIDGE","Galway Racecourse Vaccination Centre",196189.022785765
"2091","KILRUSH","Galway Racecourse Vaccination Centre",69875.2178804698
"2092","KIMMAGE-RATHMINES","Galway Racecourse Vaccination Centre",180581.91043379
"2093","KINNEGAD","Galway Racecourse Vaccination Centre",122230.102987231
"2094","LAYTOWN-BETTYSTOWN","Galway Racecourse Vaccination Centre",173485.658963307
"2095","LEIXLIP","Galway Racecourse Vaccination Centre",166686.963566335
"2096","LETTERKENNY","Galway Racecourse Vaccination Centre",199800.20846373
"2097","LIFFORD-STRANORLAR","Galway Racecourse Vaccination Centre",188445.538215816
"2098","LIMERICK CITY EAST","Galway Racecourse Vaccination Centre",78068.4422315556
"2099","LIMERICK CITY NORTH","Galway Racecourse Vaccination Centre",73494.9936189673
"2100","LIMERICK CITY WEST","Galway Racecourse Vaccination Centre",76501.9595221789
"2101","LISMORE","Galway Racecourse Vaccination Centre",148291.041145673
"2102","LISTOWEL","Galway Racecourse Vaccination Centre",100856.251197732
"2103","LONGFORD","Galway Racecourse Vaccination Centre",93795.8346836361
"2104","LOUGHREA","Galway Racecourse Vaccination Centre",41869.6904750752
"2105","LUCAN","Galway Racecourse Vaccination Centre",169661.239708237
"2106","MACROOM","Galway Racecourse Vaccination Centre",152801.883339937
"2107","MALLOW","Galway Racecourse Vaccination Centre",130498.229738171
"2108","MANORHAMILTON","Galway Racecourse Vaccination Centre",123242.881325049
"2109","MAYNOOTH","Galway Racecourse Vaccination Centre",154671.818868888
"2110","MIDLETON","Galway Racecourse Vaccination Centre",164593.784710965
"2111","MILFORD","Galway Racecourse Vaccination Centre",217634.855836073
"2112","MOATE","Galway Racecourse Vaccination Centre",98196.1033975827
"2113","MONAGHAN","Galway Racecourse Vaccination Centre",172752.903312228
"2114","MUINEBEAG","Galway Racecourse Vaccination Centre",156800.148288748
"2115","MULLINGAR","Galway Racecourse Vaccination Centre",114518.720320228
"2116","NAAS","Galway Racecourse Vaccination Centre",159947.412932984
"2117","NAVAN","Galway Racecourse Vaccination Centre",156831.552340322
"2118","NENAGH","Galway Racecourse Vaccination Centre",67431.5054304465
"2119","NEW ROSS","Galway Racecourse Vaccination Centre",179230.074740948
"2120","NEWBRIDGE","Galway Racecourse Vaccination Centre",151889.454961489
"2121","NEWCASTLE WEST","Galway Racecourse Vaccination Centre",97467.6112042091
"2122","NEWPORT","Galway Racecourse Vaccination Centre",75722.9968708815
"2123","NORTH INNER CITY","Galway Racecourse Vaccination Centre",183352.941321237
"2124","ONGAR","Galway Racecourse Vaccination Centre",171448.599005869
"2125","PALMERSTOWN-FONTHILL","Galway Racecourse Vaccination Centre",174035.244754164
"2126","PEMBROKE","Galway Racecourse Vaccination Centre",184203.337996739
"2127","PILTOWN","Galway Racecourse Vaccination Centre",162123.30363252
"2128","PORTLAOISE","Galway Racecourse Vaccination Centre",118688.003970672
"2129","PORTLAW-KILMACTHOMAS","Galway Racecourse Vaccination Centre",155258.771290319
"2130","RATHFARNHAM-TEMPLEOGUE","Galway Racecourse Vaccination Centre",178752.388950304
"2131","RATOATH","Galway Racecourse Vaccination Centre",163128.30675436
"2132","ROSCOMMON","Galway Racecourse Vaccination Centre",63765.7340696543
"2133","ROSCREA-TEMPLEMORE","Galway Racecourse Vaccination Centre",93017.8239795717
"2134","ROSSLARE","Galway Racecourse Vaccination Centre",201199.078711744
"2135","RUSH-LUSK","Galway Racecourse Vaccination Centre",184123.483266274
"2136","SHANNON","Galway Racecourse Vaccination Centre",66117.185849376
"2137","SKIBBEREEN-WEST CORK","Galway Racecourse Vaccination Centre",183989.893959637
"2138","SLIGO-DRUMCLIFF","Galway Racecourse Vaccination Centre",117313.975468466
"2139","SLIGO-STRANDHILL","Galway Racecourse Vaccination Centre",112196.941860221
"2140","SOUTH EAST INNER CITY","Galway Racecourse Vaccination Centre",183883.017938463
"2141","SOUTH WEST INNER CITY","Galway Racecourse Vaccination Centre",179975.637388924
"2142","STILLORGAN","Galway Racecourse Vaccination Centre",186386.04295791
"2143","SWINFORD","Galway Racecourse Vaccination Centre",69085.1786514221
"2144","SWORDS","Galway Racecourse Vaccination Centre",182438.237863848
"2145","TALLAGHT CENTRAL","Galway Racecourse Vaccination Centre",175212.303038144
"2146","TALLAGHT SOUTH","Galway Racecourse Vaccination Centre",173018.484562135
"2147","THURLES","Galway Racecourse Vaccination Centre",105716.471330189
"2148","TRALEE","Galway Racecourse Vaccination Centre",123673.178559666
"2149","TRAMORE-WATERFORD CITY WEST","Galway Racecourse Vaccination Centre",173451.109366061
"2150","TRIM","Galway Racecourse Vaccination Centre",142243.30315569
"2151","TUAM","Galway Racecourse Vaccination Centre",25849.0544545686
"2152","TULLAMORE","Galway Racecourse Vaccination Centre",95180.0284343712
"2153","TULLOW","Galway Racecourse Vaccination Centre",163122.000324899
"2154","WATERFORD CITY EAST","Galway Racecourse Vaccination Centre",180044.648549176
"2155","WATERFORD CITY SOUTH","Galway Racecourse Vaccination Centre",174818.604162417
"2156","WESTPORT","Galway Racecourse Vaccination Centre",65900.3038958229
"2157","WEXFORD","Galway Racecourse Vaccination Centre",197356.67886262
"2158","WICKLOW","Galway Racecourse Vaccination Centre",188202.561712437
"2159","ADARE-RATHKEALE","Kerry Vaccination Centre",63905.3887718309
"2160","ARDEE","Kerry Vaccination Centre",279136.281815574
"2161","ARKLOW","Kerry Vaccination Centre",242428.737018963
"2162","ARTANE-WHITEHALL","Kerry Vaccination Centre",265393.490252156
"2163","ASHBOURNE","Kerry Vaccination Centre",261804.412930766
"2164","ATHENRY-ORANMORE","Kerry Vaccination Centre",132406.60688489
"2165","ATHLONE","Kerry Vaccination Centre",179185.366196192
"2166","ATHLONE","Kerry Vaccination Centre",168739.998315697
"2167","ATHY","Kerry Vaccination Centre",206995.456187085
"2168","BAILIEBOROUGH-COOTEHILL","Kerry Vaccination Centre",257986.246319539
"2169","BALBRIGGAN","Kerry Vaccination Centre",278272.063320319
"2170","BALLINA","Kerry Vaccination Centre",209070.65969563
"2171","BALLINAMORE","Kerry Vaccination Centre",231543.040671816
"2172","BALLINASLOE","Kerry Vaccination Centre",156734.652826338
"2173","BALLYBAY-CLONES","Kerry Vaccination Centre",273222.241748407
"2174","BALLYFERMOT-DRIMNAGH","Kerry Vaccination Centre",255134.593117616
"2175","BALLYJAMESDUFF","Kerry Vaccination Centre",239214.657672806
"2176","BALLYMAHON","Kerry Vaccination Centre",196618.62785273
"2177","BALLYMOTE-TOBERCURRY","Kerry Vaccination Centre",215224.481140862
"2178","BALLYMUN-FINGLAS","Kerry Vaccination Centre",261280.039939156
"2179","BALTINGLASS","Kerry Vaccination Centre",227433.935278603
"2180","BANDON-KINSALE","Kerry Vaccination Centre",94745.7766480624
"2181","BANTRY-WEST CORK","Kerry Vaccination Centre",70339.2818834247
"2182","BELMULLET","Kerry Vaccination Centre",202395.083017931
"2183","BIRR","Kerry Vaccination Centre",157876.764516107
"2184","BLACKROCK","Kerry Vaccination Centre",262983.327976713
"2185","BLANCHARDSTOWN-MULHUDDART","Kerry Vaccination Centre",259409.715008662
"2186","BORRIS-IN-OSSORY-MOUNTMELLICK","Kerry Vaccination Centre",168144.24181419
"2187","BOYLE","Kerry Vaccination Centre",205283.884536371
"2188","BRAY EAST","Kerry Vaccination Centre",263712.624005812
"2189","BRAY WEST","Kerry Vaccination Centre",255894.321077167
"2190","BUNCRANA","Kerry Vaccination Centre",348111.654191033
"2191","CABRA-GLASNEVIN","Kerry Vaccination Centre",258959.423236406
"2192","CAHIR","Kerry Vaccination Centre",119033.721780618
"2193","CALLAN-THOMASTOWN","Kerry Vaccination Centre",173732.020231838
"2194","CAPPAMORE-KILMALLOCK","Kerry Vaccination Centre",89282.0904635354
"2195","CARLOW","Kerry Vaccination Centre",200399.683012958
"2196","CARNDONAGH","Kerry Vaccination Centre",368403.408580951
"2197","CARRICK-ON-SHANNON","Kerry Vaccination Centre",217941.753626846
"2198","CARRICK-ON-SUIR","Kerry Vaccination Centre",145490.364619712
"2199","CARRICKMACROSS-CASTLEBLAYNEY","Kerry Vaccination Centre",279542.037982777
"2200","CARRIGALINE","Kerry Vaccination Centre",103185.146430305
"2201","CASHEL-TIPPERARY","Kerry Vaccination Centre",112810.423498019
"2202","CASTLEBAR","Kerry Vaccination Centre",172779.773369481
"2203","CASTLECOMER","Kerry Vaccination Centre",170473.04506873
"2204","CASTLEISLAND","Kerry Vaccination Centre",19822.5094128116
"2205","CASTLEKNOCK","Kerry Vaccination Centre",253572.567066545
"2206","CAVAN-BELTURBET","Kerry Vaccination Centre",246032.477346554
"2207","CELBRIDGE","Kerry Vaccination Centre",242614.920643584
"2208","CLANE","Kerry Vaccination Centre",223333.291604089
"2209","CLAREMORRIS","Kerry Vaccination Centre",160157.376107321
"2210","CLONDALKIN","Kerry Vaccination Centre",245749.873159165
"2211","CLONMEL","Kerry Vaccination Centre",138279.294102558
"2212","CLONTARF","Kerry Vaccination Centre",265417.988048312
"2213","COBH","Kerry Vaccination Centre",97915.2066391333
"2214","CONAMARA NORTH","Kerry Vaccination Centre",131968.604122977
"2215","CONAMARA SOUTH","Kerry Vaccination Centre",113126.845789039
"2216","CORCA DHUIBHNE","Kerry Vaccination Centre",29006.5328667875
"2217","CORK CITY NORTH EAST","Kerry Vaccination Centre",96196.2050502127
"2218","CORK CITY NORTH WEST","Kerry Vaccination Centre",88649.5257412276
"2219","CORK CITY SOUTH CENTRAL","Kerry Vaccination Centre",96759.7556868923
"2220","CORK CITY SOUTH EAST","Kerry Vaccination Centre",100077.591158702
"2221","CORK CITY SOUTH WEST","Kerry Vaccination Centre",92372.3312963845
"2222","DONAGHMEDE","Kerry Vaccination Centre",268778.830411263
"2223","DONEGAL","Kerry Vaccination Centre",280506.727726766
"2224","DROGHEDA RURAL","Kerry Vaccination Centre",279409.330824405
"2225","DROGHEDA URBAN","Kerry Vaccination Centre",275979.723923823
"2226","DÚN LAOGHAIRE","Kerry Vaccination Centre",265532.470348168
"2227","DUNDALK-CARLINGFORD","Kerry Vaccination Centre",299910.926639152
"2228","DUNDALK SOUTH","Kerry Vaccination Centre",288180.976197291
"2229","DUNDRUM","Kerry Vaccination Centre",258752.641731039
"2230","DUNGARVAN","Kerry Vaccination Centre",139863.905929208
"2231","EDENDERRY","Kerry Vaccination Centre",201746.863614984
"2232","ENNIS","Kerry Vaccination Centre",80151.1351337383
"2233","ENNISCORTHY","Kerry Vaccination Centre",212445.844489455
"2234","ENNISTIMON","Kerry Vaccination Centre",87050.4781352824
"2235","FERMOY","Kerry Vaccination Centre",95299.4420538701
"2236","FIRHOUSE-BOHERNABREENA","Kerry Vaccination Centre",251345.074679919
"2237","GALWAY CITY CENTRAL","Kerry Vaccination Centre",120147.660659573
"2238","GALWAY CITY EAST","Kerry Vaccination Centre",121191.682125462
"2239","GALWAY CITY WEST","Kerry Vaccination Centre",116803.187012136
"2240","GLENCULLEN-SANDYFORD","Kerry Vaccination Centre",257459.505367621
"2241","GLENTIES","Kerry Vaccination Centre",312547.11295244
"2242","GOREY","Kerry Vaccination Centre",233385.216579153
"2243","GORT-KINVARA","Kerry Vaccination Centre",112046.884334106
"2244","GRAIGUECULLEN-PORTARLINGTON","Kerry Vaccination Centre",192423.924855549
"2245","GRANARD","Kerry Vaccination Centre",220688.7386705
"2246","GREYSTONES","Kerry Vaccination Centre",261745.40164361
"2247","HOWTH-MALAHIDE","Kerry Vaccination Centre",270689.379407674
"2248","KANTURK","Kerry Vaccination Centre",50062.2866406117
"2249","KELLS","Kerry Vaccination Centre",249747.188067089
"2250","KENMARE","Kerry Vaccination Centre",42472.8560121034
"2251","KILDARE","Kerry Vaccination Centre",211359.368670022
"2252","KILKENNY","Kerry Vaccination Centre",171125.638133774
"2253","KILLALOE","Kerry Vaccination Centre",98417.2117603479
"2254","KILLARNEY","Kerry Vaccination Centre",33048.9082930968
"2255","KILLINEY-SHANKILL","Kerry Vaccination Centre",262901.21792763
"2256","KILMUCKRIDGE","Kerry Vaccination Centre",227497.172226734
"2257","KILRUSH","Kerry Vaccination Centre",53124.1341404551
"2258","KIMMAGE-RATHMINES","Kerry Vaccination Centre",257849.490041316
"2259","KINNEGAD","Kerry Vaccination Centre",222219.000278624
"2260","LAYTOWN-BETTYSTOWN","Kerry Vaccination Centre",269043.975588443
"2261","LEIXLIP","Kerry Vaccination Centre",248016.951034753
"2262","LETTERKENNY","Kerry Vaccination Centre",322485.448231163
"2263","LIFFORD-STRANORLAR","Kerry Vaccination Centre",311110.464161626
"2264","LIMERICK CITY EAST","Kerry Vaccination Centre",89085.4321163772
"2265","LIMERICK CITY NORTH","Kerry Vaccination Centre",83829.0519442992
"2266","LIMERICK CITY WEST","Kerry Vaccination Centre",77775.7007899978
"2267","LISMORE","Kerry Vaccination Centre",125005.121467307
"2268","LISTOWEL","Kerry Vaccination Centre",21963.3992638025
"2269","LONGFORD","Kerry Vaccination Centre",207362.072402867
"2270","LOUGHREA","Kerry Vaccination Centre",130512.4502015
"2271","LUCAN","Kerry Vaccination Centre",249446.521939061
"2272","MACROOM","Kerry Vaccination Centre",64974.4341060065
"2273","MALLOW","Kerry Vaccination Centre",70733.2576514001
"2274","MANORHAMILTON","Kerry Vaccination Centre",245905.270888246
"2275","MAYNOOTH","Kerry Vaccination Centre",237150.273017416
"2276","MIDLETON","Kerry Vaccination Centre",118326.17602807
"2277","MILFORD","Kerry Vaccination Centre",340292.716670101
"2278","MOATE","Kerry Vaccination Centre",196922.810771529
"2279","MONAGHAN","Kerry Vaccination Centre",287942.438384156
"2280","MUINEBEAG","Kerry Vaccination Centre",194298.240515581
"2281","MULLINGAR","Kerry Vaccination Centre",212066.014359631
"2282","NAAS","Kerry Vaccination Centre",234001.668736325
"2283","NAVAN","Kerry Vaccination Centre",252108.02880311
"2284","NENAGH","Kerry Vaccination Centre",133488.14310315
"2285","NEW ROSS","Kerry Vaccination Centre",196708.237864133
"2286","NEWBRIDGE","Kerry Vaccination Centre",223466.844788299
"2287","NEWCASTLE WEST","Kerry Vaccination Centre",44554.2133048728
"2288","NEWPORT","Kerry Vaccination Centre",112176.641068492
"2289","NORTH INNER CITY","Kerry Vaccination Centre",261979.836606894
"2290","ONGAR","Kerry Vaccination Centre",253304.949263992
"2291","PALMERSTOWN-FONTHILL","Kerry Vaccination Centre",253397.105228811
"2292","PEMBROKE","Kerry Vaccination Centre",261329.706980692
"2293","PILTOWN","Kerry Vaccination Centre",173349.157694409
"2294","PORTLAOISE","Kerry Vaccination Centre",179630.051405135
"2295","PORTLAW-KILMACTHOMAS","Kerry Vaccination Centre",152134.007507328
"2296","RATHFARNHAM-TEMPLEOGUE","Kerry Vaccination Centre",255281.63574557
"2297","RATOATH","Kerry Vaccination Centre",249678.218273729
"2298","ROSCOMMON","Kerry Vaccination Centre",184474.71505377
"2299","ROSCREA-TEMPLEMORE","Kerry Vaccination Centre",139974.951461139
"2300","ROSSLARE","Kerry Vaccination Centre",214673.771404824
"2301","RUSH-LUSK","Kerry Vaccination Centre",270957.108426076
"2302","SHANNON","Kerry Vaccination Centre",78877.5469035553
"2303","SKIBBEREEN-WEST CORK","Kerry Vaccination Centre",83163.6019057841
"2304","SLIGO-DRUMCLIFF","Kerry Vaccination Centre",239645.766089182
"2305","SLIGO-STRANDHILL","Kerry Vaccination Centre",234367.537806192
"2306","SOUTH EAST INNER CITY","Kerry Vaccination Centre",261825.425241224
"2307","SOUTH WEST INNER CITY","Kerry Vaccination Centre",258328.739422221
"2308","STILLORGAN","Kerry Vaccination Centre",261522.027793709
"2309","SWINFORD","Kerry Vaccination Centre",189800.303870443
"2310","SWORDS","Kerry Vaccination Centre",266262.419147261
"2311","TALLAGHT CENTRAL","Kerry Vaccination Centre",251985.863583434
"2312","TALLAGHT SOUTH","Kerry Vaccination Centre",247912.01472672
"2313","THURLES","Kerry Vaccination Centre",136075.295000338
"2314","TRALEE","Kerry Vaccination Centre",2550.28660407084
"2315","TRAMORE-WATERFORD CITY WEST","Kerry Vaccination Centre",172973.845147094
"2316","TRIM","Kerry Vaccination Centre",233297.79863459
"2317","TUAM","Kerry Vaccination Centre",148410.63263723
"2318","TULLAMORE","Kerry Vaccination Centre",182137.538937778
"2319","TULLOW","Kerry Vaccination Centre",210415.25160745
"2320","WATERFORD CITY EAST","Kerry Vaccination Centre",182846.812010347
"2321","WATERFORD CITY SOUTH","Kerry Vaccination Centre",176825.319218429
"2322","WESTPORT","Kerry Vaccination Centre",163440.00214676
"2323","WEXFORD","Kerry Vaccination Centre",218437.289093455
"2324","WICKLOW","Kerry Vaccination Centre",250587.284724934
"2325","ADARE-RATHKEALE","Kildare Vaccination Centre - Punchestown Racecourse",167180.24408339
"2326","ARDEE","Kildare Vaccination Centre - Punchestown Racecourse",76511.1989733956
"2327","ARKLOW","Kildare Vaccination Centre - Punchestown Racecourse",41303.3231162232
"2328","ARTANE-WHITEHALL","Kildare Vaccination Centre - Punchestown Racecourse",35553.3954344192
"2329","ASHBOURNE","Kildare Vaccination Centre - Punchestown Racecourse",45693.3773323016
"2330","ATHENRY-ORANMORE","Kildare Vaccination Centre - Punchestown Racecourse",146733.669580513
"2331","ATHLONE","Kildare Vaccination Centre - Punchestown Racecourse",87482.2331740806
"2332","ATHLONE","Kildare Vaccination Centre - Punchestown Racecourse",104917.721364635
"2333","ATHY","Kildare Vaccination Centre - Punchestown Racecourse",26838.1678500099
"2334","BAILIEBOROUGH-COOTEHILL","Kildare Vaccination Centre - Punchestown Racecourse",93841.6121933618
"2335","BALBRIGGAN","Kildare Vaccination Centre - Punchestown Racecourse",53085.7772475155
"2336","BALLINA","Kildare Vaccination Centre - Punchestown Racecourse",205749.538897113
"2337","BALLINAMORE","Kildare Vaccination Centre - Punchestown Racecourse",123425.326716193
"2338","BALLINASLOE","Kildare Vaccination Centre - Punchestown Racecourse",122630.357421223
"2339","BALLYBAY-CLONES","Kildare Vaccination Centre - Punchestown Racecourse",108401.627958476
"2340","BALLYFERMOT-DRIMNAGH","Kildare Vaccination Centre - Punchestown Racecourse",25074.7403104546
"2341","BALLYJAMESDUFF","Kildare Vaccination Centre - Punchestown Racecourse",88144.5755422983
"2342","BALLYMAHON","Kildare Vaccination Centre - Punchestown Racecourse",92098.6584636475
"2343","BALLYMOTE-TOBERCURRY","Kildare Vaccination Centre - Punchestown Racecourse",169792.192246719
"2344","BALLYMUN-FINGLAS","Kildare Vaccination Centre - Punchestown Racecourse",32075.9695867479
"2345","BALTINGLASS","Kildare Vaccination Centre - Punchestown Racecourse",25194.7797507741
"2346","BANDON-KINSALE","Kildare Vaccination Centre - Punchestown Racecourse",214278.442183902
"2347","BANTRY-WEST CORK","Kildare Vaccination Centre - Punchestown Racecourse",261629.819834519
"2348","BELMULLET","Kildare Vaccination Centre - Punchestown Racecourse",231648.872497973
"2349","BIRR","Kildare Vaccination Centre - Punchestown Racecourse",81319.1957246609
"2350","BLACKROCK","Kildare Vaccination Centre - Punchestown Racecourse",31991.8832108714
"2351","BLANCHARDSTOWN-MULHUDDART","Kildare Vaccination Centre - Punchestown Racecourse",31980.3592563948
"2352","BORRIS-IN-OSSORY-MOUNTMELLICK","Kildare Vaccination Centre - Punchestown Racecourse",63196.8947279701
"2353","BOYLE","Kildare Vaccination Centre - Punchestown Racecourse",132107.147981576
"2354","BRAY EAST","Kildare Vaccination Centre - Punchestown Racecourse",34946.6401766188
"2355","BRAY WEST","Kildare Vaccination Centre - Punchestown Racecourse",27704.3780636487
"2356","BUNCRANA","Kildare Vaccination Centre - Punchestown Racecourse",218333.511266423
"2357","CABRA-GLASNEVIN","Kildare Vaccination Centre - Punchestown Racecourse",29210.3882380906
"2358","CAHIR","Kildare Vaccination Centre - Punchestown Racecourse",132365.713872357
"2359","CALLAN-THOMASTOWN","Kildare Vaccination Centre - Punchestown Racecourse",83046.8757299898
"2360","CAPPAMORE-KILMALLOCK","Kildare Vaccination Centre - Punchestown Racecourse",145610.209001159
"2361","CARLOW","Kildare Vaccination Centre - Punchestown Racecourse",43341.932162808
"2362","CARNDONAGH","Kildare Vaccination Centre - Punchestown Racecourse",233151.16943401
"2363","CARRICK-ON-SHANNON","Kildare Vaccination Centre - Punchestown Racecourse",119208.510914477
"2364","CARRICK-ON-SUIR","Kildare Vaccination Centre - Punchestown Racecourse",99569.6020192777
"2365","CARRICKMACROSS-CASTLEBLAYNEY","Kildare Vaccination Centre - Punchestown Racecourse",94587.4418430196
"2366","CARRIGALINE","Kildare Vaccination Centre - Punchestown Racecourse",196069.445147558
"2367","CASHEL-TIPPERARY","Kildare Vaccination Centre - Punchestown Racecourse",123945.762654852
"2368","CASTLEBAR","Kildare Vaccination Centre - Punchestown Racecourse",191032.110942342
"2369","CASTLECOMER","Kildare Vaccination Centre - Punchestown Racecourse",67879.5600653155
"2370","CASTLEISLAND","Kildare Vaccination Centre - Punchestown Racecourse",217359.450739531
"2371","CASTLEKNOCK","Kildare Vaccination Centre - Punchestown Racecourse",25691.0969354522
"2372","CAVAN-BELTURBET","Kildare Vaccination Centre - Punchestown Racecourse",123368.938488728
"2373","CELBRIDGE","Kildare Vaccination Centre - Punchestown Racecourse",16438.9654312907
"2374","CLANE","Kildare Vaccination Centre - Punchestown Racecourse",23549.3213704698
"2375","CLAREMORRIS","Kildare Vaccination Centre - Punchestown Racecourse",169628.928694446
"2376","CLONDALKIN","Kildare Vaccination Centre - Punchestown Racecourse",15823.7996636623
"2377","CLONMEL","Kildare Vaccination Centre - Punchestown Racecourse",112451.249830047
"2378","CLONTARF","Kildare Vaccination Centre - Punchestown Racecourse",34989.7543098358
"2379","COBH","Kildare Vaccination Centre - Punchestown Racecourse",180442.212644144
"2380","CONAMARA NORTH","Kildare Vaccination Centre - Punchestown Racecourse",205647.424317112
"2381","CONAMARA SOUTH","Kildare Vaccination Centre - Punchestown Racecourse",184891.416170833
"2382","CORCA DHUIBHNE","Kildare Vaccination Centre - Punchestown Racecourse",259944.088916842
"2383","CORK CITY NORTH EAST","Kildare Vaccination Centre - Punchestown Racecourse",185558.095965715
"2384","CORK CITY NORTH WEST","Kildare Vaccination Centre - Punchestown Racecourse",192365.280285047
"2385","CORK CITY SOUTH CENTRAL","Kildare Vaccination Centre - Punchestown Racecourse",192363.500331309
"2386","CORK CITY SOUTH EAST","Kildare Vaccination Centre - Punchestown Racecourse",189643.33096766
"2387","CORK CITY SOUTH WEST","Kildare Vaccination Centre - Punchestown Racecourse",195286.806965767
"2388","DONAGHMEDE","Kildare Vaccination Centre - Punchestown Racecourse",38432.1840460046
"2389","DONEGAL","Kildare Vaccination Centre - Punchestown Racecourse",192687.718925271
"2390","DROGHEDA RURAL","Kildare Vaccination Centre - Punchestown Racecourse",66797.4508746383
"2391","DROGHEDA URBAN","Kildare Vaccination Centre - Punchestown Racecourse",61534.5703594494
"2392","DÚN LAOGHAIRE","Kildare Vaccination Centre - Punchestown Racecourse",34725.2030025609
"2393","DUNDALK-CARLINGFORD","Kildare Vaccination Centre - Punchestown Racecourse",97109.030879504
"2394","DUNDALK SOUTH","Kildare Vaccination Centre - Punchestown Racecourse",89596.0691628043
"2395","DUNDRUM","Kildare Vaccination Centre - Punchestown Racecourse",27730.4474661422
"2396","DUNGARVAN","Kildare Vaccination Centre - Punchestown Racecourse",144849.737329419
"2397","EDENDERRY","Kildare Vaccination Centre - Punchestown Racecourse",40132.3175774302
"2398","ENNIS","Kildare Vaccination Centre - Punchestown Racecourse",161976.162889795
"2399","ENNISCORTHY","Kildare Vaccination Centre - Punchestown Racecourse",69924.1700543513
"2400","ENNISTIMON","Kildare Vaccination Centre - Punchestown Racecourse",171718.514667676
"2401","FERMOY","Kildare Vaccination Centre - Punchestown Racecourse",161879.006479271
"2402","FIRHOUSE-BOHERNABREENA","Kildare Vaccination Centre - Punchestown Racecourse",20522.6921063722
"2403","GALWAY CITY CENTRAL","Kildare Vaccination Centre - Punchestown Racecourse",163153.92208771
"2404","GALWAY CITY EAST","Kildare Vaccination Centre - Punchestown Racecourse",158815.470092609
"2405","GALWAY CITY WEST","Kildare Vaccination Centre - Punchestown Racecourse",165741.359484546
"2406","GLENCULLEN-SANDYFORD","Kildare Vaccination Centre - Punchestown Racecourse",26845.9403086343
"2407","GLENTIES","Kildare Vaccination Centre - Punchestown Racecourse",222236.245844431
"2408","GOREY","Kildare Vaccination Centre - Punchestown Racecourse",58219.4504533724
"2409","GORT-KINVARA","Kildare Vaccination Centre - Punchestown Racecourse",145358.04357666
"2410","GRAIGUECULLEN-PORTARLINGTON","Kildare Vaccination Centre - Punchestown Racecourse",39607.0712239119
"2411","GRANARD","Kildare Vaccination Centre - Punchestown Racecourse",94035.0260521276
"2412","GREYSTONES","Kildare Vaccination Centre - Punchestown Racecourse",37801.5138780777
"2413","HOWTH-MALAHIDE","Kildare Vaccination Centre - Punchestown Racecourse",40811.0257898244
"2414","KANTURK","Kildare Vaccination Centre - Punchestown Racecourse",192165.814658886
"2415","KELLS","Kildare Vaccination Centre - Punchestown Racecourse",65594.4262768474
"2416","KENMARE","Kildare Vaccination Centre - Punchestown Racecourse",260659.388798825
"2417","KILDARE","Kildare Vaccination Centre - Punchestown Racecourse",21314.5375451591
"2418","KILKENNY","Kildare Vaccination Centre - Punchestown Racecourse",72204.4115459293
"2419","KILLALOE","Kildare Vaccination Centre - Punchestown Racecourse",139220.879828622
"2420","KILLARNEY","Kildare Vaccination Centre - Punchestown Racecourse",229118.948834693
"2421","KILLINEY-SHANKILL","Kildare Vaccination Centre - Punchestown Racecourse",32862.4296974603
"2422","KILMUCKRIDGE","Kildare Vaccination Centre - Punchestown Racecourse",76892.9024020246
"2423","KILRUSH","Kildare Vaccination Centre - Punchestown Racecourse",190360.058419344
"2424","KIMMAGE-RATHMINES","Kildare Vaccination Centre - Punchestown Racecourse",27084.7546907428
"2425","KINNEGAD","Kildare Vaccination Centre - Punchestown Racecourse",61389.7139560098
"2426","LAYTOWN-BETTYSTOWN","Kildare Vaccination Centre - Punchestown Racecourse",59435.2159836814
"2427","LEIXLIP","Kildare Vaccination Centre - Punchestown Racecourse",22423.4325531142
"2428","LETTERKENNY","Kildare Vaccination Centre - Punchestown Racecourse",211049.489895941
"2429","LIFFORD-STRANORLAR","Kildare Vaccination Centre - Punchestown Racecourse",197038.267217722
"2430","LIMERICK CITY EAST","Kildare Vaccination Centre - Punchestown Racecourse",141954.979163571
"2431","LIMERICK CITY NORTH","Kildare Vaccination Centre - Punchestown Racecourse",147584.427442736
"2432","LIMERICK CITY WEST","Kildare Vaccination Centre - Punchestown Racecourse",153439.928555131
"2433","LISMORE","Kildare Vaccination Centre - Punchestown Racecourse",143979.71324758
"2434","LISTOWEL","Kildare Vaccination Centre - Punchestown Racecourse",213331.994715441
"2435","LONGFORD","Kildare Vaccination Centre - Punchestown Racecourse",100143.68572934
"2436","LOUGHREA","Kildare Vaccination Centre - Punchestown Racecourse",119609.896357379
"2437","LUCAN","Kildare Vaccination Centre - Punchestown Racecourse",21441.7508960077
"2438","MACROOM","Kildare Vaccination Centre - Punchestown Racecourse",211426.888985474
"2439","MALLOW","Kildare Vaccination Centre - Punchestown Racecourse",182314.373543638
"2440","MANORHAMILTON","Kildare Vaccination Centre - Punchestown Racecourse",160955.19509405
"2441","MAYNOOTH","Kildare Vaccination Centre - Punchestown Racecourse",20211.4859368217
"2442","MIDLETON","Kildare Vaccination Centre - Punchestown Racecourse",171227.485417864
"2443","MILFORD","Kildare Vaccination Centre - Punchestown Racecourse",226110.629534704
"2444","MOATE","Kildare Vaccination Centre - Punchestown Racecourse",69612.1526171878
"2445","MONAGHAN","Kildare Vaccination Centre - Punchestown Racecourse",124625.759297568
"2446","MUINEBEAG","Kildare Vaccination Centre - Punchestown Racecourse",61826.3030886494
"2447","MULLINGAR","Kildare Vaccination Centre - Punchestown Racecourse",59277.7493275607
"2448","NAAS","Kildare Vaccination Centre - Punchestown Racecourse",3848.203266918
"2449","NAVAN","Kildare Vaccination Centre - Punchestown Racecourse",51031.4360008125
"2450","NENAGH","Kildare Vaccination Centre - Punchestown Racecourse",102302.031985237
"2451","NEW ROSS","Kildare Vaccination Centre - Punchestown Racecourse",92190.3728780253
"2452","NEWBRIDGE","Kildare Vaccination Centre - Punchestown Racecourse",7565.80767849629
"2453","NEWCASTLE WEST","Kildare Vaccination Centre - Punchestown Racecourse",186790.387315983
"2454","NEWPORT","Kildare Vaccination Centre - Punchestown Racecourse",119137.051883097
"2455","NORTH INNER CITY","Kildare Vaccination Centre - Punchestown Racecourse",31517.2454563051
"2456","ONGAR","Kildare Vaccination Centre - Punchestown Racecourse",26743.0865144864
"2457","PALMERSTOWN-FONTHILL","Kildare Vaccination Centre - Punchestown Racecourse",24209.8470438607
"2458","PEMBROKE","Kildare Vaccination Centre - Punchestown Racecourse",30426.4724919088
"2459","PILTOWN","Kildare Vaccination Centre - Punchestown Racecourse",99878.1818244923
"2460","PORTLAOISE","Kildare Vaccination Centre - Punchestown Racecourse",51480.8714613028
"2461","PORTLAW-KILMACTHOMAS","Kildare Vaccination Centre - Punchestown Racecourse",119234.049654763
"2462","RATHFARNHAM-TEMPLEOGUE","Kildare Vaccination Centre - Punchestown Racecourse",24403.4925151358
"2463","RATOATH","Kildare Vaccination Centre - Punchestown Racecourse",32002.0423509905
"2464","ROSCOMMON","Kildare Vaccination Centre - Punchestown Racecourse",130051.687672296
"2465","ROSCREA-TEMPLEMORE","Kildare Vaccination Centre - Punchestown Racecourse",91068.5627392125
"2466","ROSSLARE","Kildare Vaccination Centre - Punchestown Racecourse",104063.638506597
"2467","RUSH-LUSK","Kildare Vaccination Centre - Punchestown Racecourse",46333.0399580418
"2468","SHANNON","Kildare Vaccination Centre - Punchestown Racecourse",154363.066122348
"2469","SKIBBEREEN-WEST CORK","Kildare Vaccination Centre - Punchestown Racecourse",239144.408579213
"2470","SLIGO-DRUMCLIFF","Kildare Vaccination Centre - Punchestown Racecourse",173847.402226747
"2471","SLIGO-STRANDHILL","Kildare Vaccination Centre - Punchestown Racecourse",173927.540471347
"2472","SOUTH EAST INNER CITY","Kildare Vaccination Centre - Punchestown Racecourse",31117.4565712212
"2473","SOUTH WEST INNER CITY","Kildare Vaccination Centre - Punchestown Racecourse",27964.0020799391
"2474","STILLORGAN","Kildare Vaccination Centre - Punchestown Racecourse",30545.141377057
"2475","SWINFORD","Kildare Vaccination Centre - Punchestown Racecourse",170030.023861108
"2476","SWORDS","Kildare Vaccination Centre - Punchestown Racecourse",39142.442869749
"2477","TALLAGHT CENTRAL","Kildare Vaccination Centre - Punchestown Racecourse",21322.5019616336
"2478","TALLAGHT SOUTH","Kildare Vaccination Centre - Punchestown Racecourse",16906.3539506162
"2479","THURLES","Kildare Vaccination Centre - Punchestown Racecourse",97853.599799915
"2480","TRALEE","Kildare Vaccination Centre - Punchestown Racecourse",233284.591315853
"2481","TRAMORE-WATERFORD CITY WEST","Kildare Vaccination Centre - Punchestown Racecourse",116404.143245375
"2482","TRIM","Kildare Vaccination Centre - Punchestown Racecourse",38802.7407612053
"2483","TUAM","Kildare Vaccination Centre - Punchestown Racecourse",154635.46119069
"2484","TULLAMORE","Kildare Vaccination Centre - Punchestown Racecourse",63718.5312271962
"2485","TULLOW","Kildare Vaccination Centre - Punchestown Racecourse",45131.8031064431
"2486","WATERFORD CITY EAST","Kildare Vaccination Centre - Punchestown Racecourse",112949.702461323
"2487","WATERFORD CITY SOUTH","Kildare Vaccination Centre - Punchestown Racecourse",113223.504656227
"2488","WESTPORT","Kildare Vaccination Centre - Punchestown Racecourse",209331.732750275
"2489","WEXFORD","Kildare Vaccination Centre - Punchestown Racecourse",91924.7201003968
"2490","WICKLOW","Kildare Vaccination Centre - Punchestown Racecourse",32369.8750281044
"2491","ADARE-RATHKEALE","Kilkenny Vaccination Centre - Cillin Hill Conference Centre",112418.200657714
"2492","ARDEE","Kilkenny Vaccination Centre - Cillin Hill Conference Centre",144558.893469567
"2493","ARKLOW","Kilkenny Vaccination Centre - Cillin Hill Conference Centre",69988.8584411831
"2494","ARTANE-WHITEHALL","Kilkenny Vaccination Centre - Cillin Hill Conference Centre",106927.11306282
"2495","ASHBOURNE","Kilkenny Vaccination Centre - Cillin Hill Conference Centre",116053.971272297
"2496","ATHENRY-ORANMORE","Kilkenny Vaccination Centre - Cillin Hill Conference Centre",131049.564690442
"2497","ATHLONE","Kilkenny Vaccination Centre - Cillin Hill Conference Centre",98256.1028643554
"2498","ATHLONE","Kilkenny Vaccination Centre - Cillin Hill Conference Centre",108772.446318038
"2499","ATHY","Kilkenny Vaccination Centre - Cillin Hill Conference Centre",45589.0005533906
"2500","BAILIEBOROUGH-COOTEHILL","Kilkenny Vaccination Centre - Cillin Hill Conference Centre",148743.84218195
"2501","BALBRIGGAN","Kilkenny Vaccination Centre - Cillin Hill Conference Centre",125273.188319226
"2502","BALLINA","Kilkenny Vaccination Centre - Cillin Hill Conference Centre",215416.429223619
"2503","BALLINAMORE","Kilkenny Vaccination Centre - Cillin Hill Conference Centre",158969.497406348
"2504","BALLINASLOE","Kilkenny Vaccination Centre - Cillin Hill Conference Centre",119451.272820523
"2505","BALLYBAY-CLONES","Kilkenny Vaccination Centre - Cillin Hill Conference Centre",165587.577625674
"2506","BALLYFERMOT-DRIMNAGH","Kilkenny Vaccination Centre - Cillin Hill Conference Centre",96698.4163155414
"2507","BALLYJAMESDUFF","Kilkenny Vaccination Centre - Cillin Hill Conference Centre",135818.841052891
"2508","BALLYMAHON","Kilkenny Vaccination Centre - Cillin Hill Conference Centre",114942.965829024
"2509","BALLYMOTE-TOBERCURRY","Kilkenny Vaccination Centre - Cillin Hill Conference Centre",188786.037723858
"2510","BALLYMUN-FINGLAS","Kilkenny Vaccination Centre - Cillin Hill Conference Centre",103911.021843114
"2511","BALTINGLASS","Kilkenny Vaccination Centre - Cillin Hill Conference Centre",58314.3080832
"2512","BANDON-KINSALE","Kilkenny Vaccination Centre - Cillin Hill Conference Centre",142839.808406366
"2513","BANTRY-WEST CORK","Kilkenny Vaccination Centre - Cillin Hill Conference Centre",193330.505916512
"2514","BELMULLET","Kilkenny Vaccination Centre - Cillin Hill Conference Centre",233887.779441278
"2515","BIRR","Kilkenny Vaccination Centre - Cillin Hill Conference Centre",67824.8163361444
"2516","BLACKROCK","Kilkenny Vaccination Centre - Cillin Hill Conference Centre",100380.158593036
"2517","BLANCHARDSTOWN-MULHUDDART","Kilkenny Vaccination Centre - Cillin Hill Conference Centre",104161.799558372
"2518","BORRIS-IN-OSSORY-MOUNTMELLICK","Kilkenny Vaccination Centre - Cillin Hill Conference Centre",42528.7832142653
"2519","BOYLE","Kilkenny Vaccination Centre - Cillin Hill Conference Centre",153746.056470943
"2520","BRAY EAST","Kilkenny Vaccination Centre - Cillin Hill Conference Centre",97258.6664886962
"2521","BRAY WEST","Kilkenny Vaccination Centre - Cillin Hill Conference Centre",89804.9740499777
"2522","BUNCRANA","Kilkenny Vaccination Centre - Cillin Hill Conference Centre",272338.893270347
"2523","CABRA-GLASNEVIN","Kilkenny Vaccination Centre - Cillin Hill Conference Centre",100873.682376976
"2524","CAHIR","Kilkenny Vaccination Centre - Cillin Hill Conference Centre",62095.3665842538
"2525","CALLAN-THOMASTOWN","Kilkenny Vaccination Centre - Cillin Hill Conference Centre",14769.5355571378
"2526","CAPPAMORE-KILMALLOCK","Kilkenny Vaccination Centre - Cillin Hill Conference Centre",83881.7245827368
"2527","CARLOW","Kilkenny Vaccination Centre - Cillin Hill Conference Centre",30500.1370497067
"2528","CARNDONAGH","Kilkenny Vaccination Centre - Cillin Hill Conference Centre",289472.563876535
"2529","CARRICK-ON-SHANNON","Kilkenny Vaccination Centre - Cillin Hill Conference Centre",149277.221787121
"2530","CARRICK-ON-SUIR","Kilkenny Vaccination Centre - Cillin Hill Conference Centre",29389.8203027352
"2531","CARRICKMACROSS-CASTLEBLAYNEY","Kilkenny Vaccination Centre - Cillin Hill Conference Centre",157946.182524572
"2532","CARRIGALINE","Kilkenny Vaccination Centre - Cillin Hill Conference Centre",124241.729936123
"2533","CASHEL-TIPPERARY","Kilkenny Vaccination Centre - Cillin Hill Conference Centre",60365.4536213319
"2534","CASTLEBAR","Kilkenny Vaccination Centre - Cillin Hill Conference Centre",189806.248151936
"2535","CASTLECOMER","Kilkenny Vaccination Centre - Cillin Hill Conference Centre",10874.1801383588
"2536","CASTLEISLAND","Kilkenny Vaccination Centre - Cillin Hill Conference Centre",156726.82888655
"2537","CASTLEKNOCK","Kilkenny Vaccination Centre - Cillin Hill Conference Centre",97880.9055865753
"2538","CAVAN-BELTURBET","Kilkenny Vaccination Centre - Cillin Hill Conference Centre",165353.511003782
"2539","CELBRIDGE","Kilkenny Vaccination Centre - Cillin Hill Conference Centre",88133.3346803857
"2540","CLANE","Kilkenny Vaccination Centre - Cillin Hill Conference Centre",79399.1152940752
"2541","CLAREMORRIS","Kilkenny Vaccination Centre - Cillin Hill Conference Centre",166064.463729111
"2542","CLONDALKIN","Kilkenny Vaccination Centre - Cillin Hill Conference Centre",87863.7566487434
"2543","CLONMEL","Kilkenny Vaccination Centre - Cillin Hill Conference Centre",41160.3563312008
"2544","CLONTARF","Kilkenny Vaccination Centre - Cillin Hill Conference Centre",105809.021493844
"2545","COBH","Kilkenny Vaccination Centre - Cillin Hill Conference Centre",109208.663537951
"2546","CONAMARA NORTH","Kilkenny Vaccination Centre - Cillin Hill Conference Centre",187611.418235997
"2547","CONAMARA SOUTH","Kilkenny Vaccination Centre - Cillin Hill Conference Centre",161265.844651099
"2548","CORCA DHUIBHNE","Kilkenny Vaccination Centre - Cillin Hill Conference Centre",201922.781585792
"2549","CORK CITY NORTH EAST","Kilkenny Vaccination Centre - Cillin Hill Conference Centre",114325.433832951
"2550","CORK CITY NORTH WEST","Kilkenny Vaccination Centre - Cillin Hill Conference Centre",121629.718989871
"2551","CORK CITY SOUTH CENTRAL","Kilkenny Vaccination Centre - Cillin Hill Conference Centre",120948.377845099
"2552","CORK CITY SOUTH EAST","Kilkenny Vaccination Centre - Cillin Hill Conference Centre",118047.267689399
"2553","CORK CITY SOUTH WEST","Kilkenny Vaccination Centre - Cillin Hill Conference Centre",124153.642841851
"2554","DONAGHMEDE","Kilkenny Vaccination Centre - Cillin Hill Conference Centre",109203.139870923
"2555","DONEGAL","Kilkenny Vaccination Centre - Cillin Hill Conference Centre",230994.628547794
"2556","DROGHEDA RURAL","Kilkenny Vaccination Centre - Cillin Hill Conference Centre",137265.606024348
"2557","DROGHEDA URBAN","Kilkenny Vaccination Centre - Cillin Hill Conference Centre",132250.003733055
"2558","DÚN LAOGHAIRE","Kilkenny Vaccination Centre - Cillin Hill Conference Centre",101869.713273315
"2559","DUNDALK-CARLINGFORD","Kilkenny Vaccination Centre - Cillin Hill Conference Centre",166307.784419626
"2560","DUNDALK SOUTH","Kilkenny Vaccination Centre - Cillin Hill Conference Centre",157200.390333797
"2561","DUNDRUM","Kilkenny Vaccination Centre - Cillin Hill Conference Centre",97177.911165735
"2562","DUNGARVAN","Kilkenny Vaccination Centre - Cillin Hill Conference Centre",73025.5723201176
"2563","EDENDERRY","Kilkenny Vaccination Centre - Cillin Hill Conference Centre",69971.1155273628
"2564","ENNIS","Kilkenny Vaccination Centre - Cillin Hill Conference Centre",119799.203682058
"2565","ENNISCORTHY","Kilkenny Vaccination Centre - Cillin Hill Conference Centre",42879.3695630242
"2566","ENNISTIMON","Kilkenny Vaccination Centre - Cillin Hill Conference Centre",136203.511404004
"2567","FERMOY","Kilkenny Vaccination Centre - Cillin Hill Conference Centre",92232.2352763123
"2568","FIRHOUSE-BOHERNABREENA","Kilkenny Vaccination Centre - Cillin Hill Conference Centre",89017.3691162192
"2569","GALWAY CITY CENTRAL","Kilkenny Vaccination Centre - Cillin Hill Conference Centre",142284.55097992
"2570","GALWAY CITY EAST","Kilkenny Vaccination Centre - Cillin Hill Conference Centre",138217.225511843
"2571","GALWAY CITY WEST","Kilkenny Vaccination Centre - Cillin Hill Conference Centre",143443.727400896
"2572","GLENCULLEN-SANDYFORD","Kilkenny Vaccination Centre - Cillin Hill Conference Centre",93983.2296226851
"2573","GLENTIES","Kilkenny Vaccination Centre - Cillin Hill Conference Centre",264058.963965053
"2574","GOREY","Kilkenny Vaccination Centre - Cillin Hill Conference Centre",60657.9117536385
"2575","GORT-KINVARA","Kilkenny Vaccination Centre - Cillin Hill Conference Centre",117941.941115696
"2576","GRAIGUECULLEN-PORTARLINGTON","Kilkenny Vaccination Centre - Cillin Hill Conference Centre",37127.7956990227
"2577","GRANARD","Kilkenny Vaccination Centre - Cillin Hill Conference Centre",130654.567647407
"2578","GREYSTONES","Kilkenny Vaccination Centre - Cillin Hill Conference Centre",92602.9802994641
"2579","HOWTH-MALAHIDE","Kilkenny Vaccination Centre - Cillin Hill Conference Centre",111963.364816483
"2580","KANTURK","Kilkenny Vaccination Centre - Cillin Hill Conference Centre",128372.21010793
"2581","KELLS","Kilkenny Vaccination Centre - Cillin Hill Conference Centre",124842.933096119
"2582","KENMARE","Kilkenny Vaccination Centre - Cillin Hill Conference Centre",196801.637030712
"2583","KILDARE","Kilkenny Vaccination Centre - Cillin Hill Conference Centre",61616.5347243232
"2584","KILKENNY","Kilkenny Vaccination Centre - Cillin Hill Conference Centre",3008.08802362119
"2585","KILLALOE","Kilkenny Vaccination Centre - Cillin Hill Conference Centre",98624.6611550392
"2586","KILLARNEY","Kilkenny Vaccination Centre - Cillin Hill Conference Centre",164906.086195388
"2587","KILLINEY-SHANKILL","Kilkenny Vaccination Centre - Cillin Hill Conference Centre",97922.2970801658
"2588","KILMUCKRIDGE","Kilkenny Vaccination Centre - Cillin Hill Conference Centre",59384.4738505678
"2589","KILRUSH","Kilkenny Vaccination Centre - Cillin Hill Conference Centre",143132.715222118
"2590","KIMMAGE-RATHMINES","Kilkenny Vaccination Centre - Cillin Hill Conference Centre",97758.507993252
"2591","KINNEGAD","Kilkenny Vaccination Centre - Cillin Hill Conference Centre",106234.852229218
"2592","LAYTOWN-BETTYSTOWN","Kilkenny Vaccination Centre - Cillin Hill Conference Centre",128601.128741601
"2593","LEIXLIP","Kilkenny Vaccination Centre - Cillin Hill Conference Centre",94267.4268322056
"2594","LETTERKENNY","Kilkenny Vaccination Centre - Cillin Hill Conference Centre",258899.071820734
"2595","LIFFORD-STRANORLAR","Kilkenny Vaccination Centre - Cillin Hill Conference Centre",244709.600448691
"2596","LIMERICK CITY EAST","Kilkenny Vaccination Centre - Cillin Hill Conference Centre",88787.0775580793
"2597","LIMERICK CITY NORTH","Kilkenny Vaccination Centre - Cillin Hill Conference Centre",95989.373018881
"2598","LIMERICK CITY WEST","Kilkenny Vaccination Centre - Cillin Hill Conference Centre",100464.389057509
"2599","LISMORE","Kilkenny Vaccination Centre - Cillin Hill Conference Centre",71922.3019380823
"2600","LISTOWEL","Kilkenny Vaccination Centre - Cillin Hill Conference Centre",158995.905703169
"2601","LONGFORD","Kilkenny Vaccination Centre - Cillin Hill Conference Centre",128250.279081763
"2602","LOUGHREA","Kilkenny Vaccination Centre - Cillin Hill Conference Centre",97473.4523858639
"2603","LUCAN","Kilkenny Vaccination Centre - Cillin Hill Conference Centre",93630.1072283102
"2604","MACROOM","Kilkenny Vaccination Centre - Cillin Hill Conference Centre",142841.94710115
"2605","MALLOW","Kilkenny Vaccination Centre - Cillin Hill Conference Centre",114991.156330647
"2606","MANORHAMILTON","Kilkenny Vaccination Centre - Cillin Hill Conference Centre",194018.548681484
"2607","MAYNOOTH","Kilkenny Vaccination Centre - Cillin Hill Conference Centre",87904.0517785634
"2608","MIDLETON","Kilkenny Vaccination Centre - Cillin Hill Conference Centre",99063.0825643735
"2609","MILFORD","Kilkenny Vaccination Centre - Cillin Hill Conference Centre",275793.582252389
"2610","MOATE","Kilkenny Vaccination Centre - Cillin Hill Conference Centre",94691.3111399055
"2611","MONAGHAN","Kilkenny Vaccination Centre - Cillin Hill Conference Centre",182960.208197082
"2612","MUINEBEAG","Kilkenny Vaccination Centre - Cillin Hill Conference Centre",21450.2282759242
"2613","MULLINGAR","Kilkenny Vaccination Centre - Cillin Hill Conference Centre",97449.4577041012
"2614","NAAS","Kilkenny Vaccination Centre - Cillin Hill Conference Centre",75998.1645072814
"2615","NAVAN","Kilkenny Vaccination Centre - Cillin Hill Conference Centre",115914.100769349
"2616","NENAGH","Kilkenny Vaccination Centre - Cillin Hill Conference Centre",71273.4624604148
"2617","NEW ROSS","Kilkenny Vaccination Centre - Cillin Hill Conference Centre",41905.6342646621
"2618","NEWBRIDGE","Kilkenny Vaccination Centre - Cillin Hill Conference Centre",66017.0846760122
"2619","NEWCASTLE WEST","Kilkenny Vaccination Centre - Cillin Hill Conference Centre",128936.018292645
"2620","NEWPORT","Kilkenny Vaccination Centre - Cillin Hill Conference Centre",71409.936975734
"2621","NORTH INNER CITY","Kilkenny Vaccination Centre - Cillin Hill Conference Centre",102455.523223352
"2622","ONGAR","Kilkenny Vaccination Centre - Cillin Hill Conference Centre",98876.7884006901
"2623","PALMERSTOWN-FONTHILL","Kilkenny Vaccination Centre - Cillin Hill Conference Centre",96251.9423051491
"2624","PEMBROKE","Kilkenny Vaccination Centre - Cillin Hill Conference Centre",100511.016695214
"2625","PILTOWN","Kilkenny Vaccination Centre - Cillin Hill Conference Centre",33598.2730061245
"2626","PORTLAOISE","Kilkenny Vaccination Centre - Cillin Hill Conference Centre",36064.5574954219
"2627","PORTLAW-KILMACTHOMAS","Kilkenny Vaccination Centre - Cillin Hill Conference Centre",47810.9070052518
"2628","RATHFARNHAM-TEMPLEOGUE","Kilkenny Vaccination Centre - Cillin Hill Conference Centre",94959.6616739439
"2629","RATOATH","Kilkenny Vaccination Centre - Cillin Hill Conference Centre",101827.347156531
"2630","ROSCOMMON","Kilkenny Vaccination Centre - Cillin Hill Conference Centre",141816.016984434
"2631","ROSCREA-TEMPLEMORE","Kilkenny Vaccination Centre - Cillin Hill Conference Centre",46076.9641480847
"2632","ROSSLARE","Kilkenny Vaccination Centre - Cillin Hill Conference Centre",63470.1656652348
"2633","RUSH-LUSK","Kilkenny Vaccination Centre - Cillin Hill Conference Centre",118501.638699681
"2634","SHANNON","Kilkenny Vaccination Centre - Cillin Hill Conference Centre",105562.308132575
"2635","SKIBBEREEN-WEST CORK","Kilkenny Vaccination Centre - Cillin Hill Conference Centre",168729.451339738
"2636","SLIGO-DRUMCLIFF","Kilkenny Vaccination Centre - Cillin Hill Conference Centre",201570.045648957
"2637","SLIGO-STRANDHILL","Kilkenny Vaccination Centre - Cillin Hill Conference Centre",199597.049312384
"2638","SOUTH EAST INNER CITY","Kilkenny Vaccination Centre - Cillin Hill Conference Centre",101679.116328221
"2639","SOUTH WEST INNER CITY","Kilkenny Vaccination Centre - Cillin Hill Conference Centre",99191.5380001511
"2640","STILLORGAN","Kilkenny Vaccination Centre - Cillin Hill Conference Centre",98919.7890613711
"2641","SWINFORD","Kilkenny Vaccination Centre - Cillin Hill Conference Centre",178695.840472215
"2642","SWORDS","Kilkenny Vaccination Centre - Cillin Hill Conference Centre",111296.970261003
"2643","TALLAGHT CENTRAL","Kilkenny Vaccination Centre - Cillin Hill Conference Centre",92524.813655864
"2644","TALLAGHT SOUTH","Kilkenny Vaccination Centre - Cillin Hill Conference Centre",87465.0359628856
"2645","THURLES","Kilkenny Vaccination Centre - Cillin Hill Conference Centre",39168.8413932016
"2646","TRALEE","Kilkenny Vaccination Centre - Cillin Hill Conference Centre",175599.007840666
"2647","TRAMORE-WATERFORD CITY WEST","Kilkenny Vaccination Centre - Cillin Hill Conference Centre",50719.9260507147
"2648","TRIM","Kilkenny Vaccination Centre - Cillin Hill Conference Centre",97351.1738382066
"2649","TUAM","Kilkenny Vaccination Centre - Cillin Hill Conference Centre",146953.034200984
"2650","TULLAMORE","Kilkenny Vaccination Centre - Cillin Hill Conference Centre",73837.3584379222
"2651","TULLOW","Kilkenny Vaccination Centre - Cillin Hill Conference Centre",37828.7949713733
"2652","WATERFORD CITY EAST","Kilkenny Vaccination Centre - Cillin Hill Conference Centre",51672.9247419947
"2653","WATERFORD CITY SOUTH","Kilkenny Vaccination Centre - Cillin Hill Conference Centre",49115.3174863992
"2654","WESTPORT","Kilkenny Vaccination Centre - Cillin Hill Conference Centre",201968.87200338
"2655","WEXFORD","Kilkenny Vaccination Centre - Cillin Hill Conference Centre",58677.9151980744
"2656","WICKLOW","Kilkenny Vaccination Centre - Cillin Hill Conference Centre",80696.6878249654
"2657","ADARE-RATHKEALE","Laois Vaccination Centre",120243.466556746
"2658","ARDEE","Laois Vaccination Centre",106990.44396061
"2659","ARKLOW","Laois Vaccination Centre",70195.8241158939
"2660","ARTANE-WHITEHALL","Laois Vaccination Centre",81376.6585388777
"2661","ASHBOURNE","Laois Vaccination Centre",82020.6272693023
"2662","ATHENRY-ORANMORE","Laois Vaccination Centre",107658.321457059
"2663","ATHLONE","Laois Vaccination Centre",60006.8381583127
"2664","ATHLONE","Laois Vaccination Centre",74000.6824251193
"2665","ATHY","Laois Vaccination Centre",26843.5807780485
"2666","BAILIEBOROUGH-COOTEHILL","Laois Vaccination Centre",106352.107586379
"2667","BALBRIGGAN","Laois Vaccination Centre",95788.0495703881
"2668","BALLINA","Laois Vaccination Centre",181340.379644601
"2669","BALLINAMORE","Laois Vaccination Centre",116788.239697871
"2670","BALLINASLOE","Laois Vaccination Centre",88591.2174574196
"2671","BALLYBAY-CLONES","Laois Vaccination Centre",123360.556139693
"2672","BALLYFERMOT-DRIMNAGH","Laois Vaccination Centre",71044.8852063324
"2673","BALLYJAMESDUFF","Laois Vaccination Centre",92869.9934692907
"2674","BALLYMAHON","Laois Vaccination Centre",74089.9971590368
"2675","BALLYMOTE-TOBERCURRY","Laois Vaccination Centre",150961.432269192
"2676","BALLYMUN-FINGLAS","Laois Vaccination Centre",77360.6291287224
"2677","BALTINGLASS","Laois Vaccination Centre",50414.0808555554
"2678","BANDON-KINSALE","Laois Vaccination Centre",174203.577103064
"2679","BANTRY-WEST CORK","Laois Vaccination Centre",217605.10039598
"2680","BELMULLET","Laois Vaccination Centre",203199.811132572
"2681","BIRR","Laois Vaccination Centre",38945.9279935213
"2682","BLACKROCK","Laois Vaccination Centre",79019.9966900774
"2683","BLANCHARDSTOWN-MULHUDDART","Laois Vaccination Centre",75859.2757239117
"2684","BORRIS-IN-OSSORY-MOUNTMELLICK","Laois Vaccination Centre",16192.6560864576
"2685","BOYLE","Laois Vaccination Centre",114426.205237475
"2686","BRAY EAST","Laois Vaccination Centre",80958.6467465429
"2687","BRAY WEST","Laois Vaccination Centre",73248.3997994143
"2688","BUNCRANA","Laois Vaccination Centre",229361.146294824
"2689","CABRA-GLASNEVIN","Laois Vaccination Centre",74927.5972050769
"2690","CAHIR","Laois Vaccination Centre",92349.4153812667
"2691","CALLAN-THOMASTOWN","Laois Vaccination Centre",57688.6194410808
"2692","CAPPAMORE-KILMALLOCK","Laois Vaccination Centre",100091.997448271
"2693","CARLOW","Laois Vaccination Centre",34753.1174358227
"2694","CARNDONAGH","Laois Vaccination Centre",246615.932036634
"2695","CARRICK-ON-SHANNON","Laois Vaccination Centre",107861.123286361
"2696","CARRICK-ON-SUIR","Laois Vaccination Centre",61869.2137923033
"2697","CARRICKMACROSS-CASTLEBLAYNEY","Laois Vaccination Centre",117512.968620001
"2698","CARRIGALINE","Laois Vaccination Centre",157248.326003681
"2699","CASHEL-TIPPERARY","Laois Vaccination Centre",79776.2549824298
"2700","CASTLEBAR","Laois Vaccination Centre",160066.498608752
"2701","CASTLECOMER","Laois Vaccination Centre",33378.2796687249
"2702","CASTLEISLAND","Laois Vaccination Centre",170850.404753236
"2703","CASTLEKNOCK","Laois Vaccination Centre",69819.2635155314
"2704","CAVAN-BELTURBET","Laois Vaccination Centre",122533.387028089
"2705","CELBRIDGE","Laois Vaccination Centre",58871.8993684816
"2706","CLANE","Laois Vaccination Centre",42477.1370389982
"2707","CLAREMORRIS","Laois Vaccination Centre",136966.818344666
"2708","CLONDALKIN","Laois Vaccination Centre",61637.8107753332
"2709","CLONMEL","Laois Vaccination Centre",75114.2847228074
"2710","CLONTARF","Laois Vaccination Centre",81310.5089033733
"2711","COBH","Laois Vaccination Centre",140462.209364571
"2712","CONAMARA NORTH","Laois Vaccination Centre",166927.064856998
"2713","CONAMARA SOUTH","Laois Vaccination Centre",143668.623397861
"2714","CORCA DHUIBHNE","Laois Vaccination Centre",213011.928666731
"2715","CORK CITY NORTH EAST","Laois Vaccination Centre",145484.827929794
"2716","CORK CITY NORTH WEST","Laois Vaccination Centre",151374.043830746
"2717","CORK CITY SOUTH CENTRAL","Laois Vaccination Centre",152538.452061551
"2718","CORK CITY SOUTH EAST","Laois Vaccination Centre",150272.598469721
"2719","CORK CITY SOUTH WEST","Laois Vaccination Centre",154877.657186027
"2720","DONAGHMEDE","Laois Vaccination Centre",84687.5483596903
"2721","DONEGAL","Laois Vaccination Centre",189000.237742832
"2722","DROGHEDA RURAL","Laois Vaccination Centre",102280.459429034
"2723","DROGHEDA URBAN","Laois Vaccination Centre",97806.2293081734
"2724","DÚN LAOGHAIRE","Laois Vaccination Centre",81729.8763475127
"2725","DUNDALK-CARLINGFORD","Laois Vaccination Centre",129077.504363308
"2726","DUNDALK SOUTH","Laois Vaccination Centre",118946.189232242
"2727","DUNDRUM","Laois Vaccination Centre",74702.8741861389
"2728","DUNGARVAN","Laois Vaccination Centre",112238.582393523
"2729","EDENDERRY","Laois Vaccination Centre",27535.9516807661
"2730","ENNIS","Laois Vaccination Centre",115616.58478973
"2731","ENNISCORTHY","Laois Vaccination Centre",69598.3089966715
"2732","ENNISTIMON","Laois Vaccination Centre",126736.536973797
"2733","FERMOY","Laois Vaccination Centre",120187.664183359
"2734","FIRHOUSE-BOHERNABREENA","Laois Vaccination Centre",67510.2924146077
"2735","GALWAY CITY CENTRAL","Laois Vaccination Centre",122479.770488677
"2736","GALWAY CITY EAST","Laois Vaccination Centre",118132.633526051
"2737","GALWAY CITY WEST","Laois Vaccination Centre",124600.609222837
"2738","GLENCULLEN-SANDYFORD","Laois Vaccination Centre",73760.6374516385
"2739","GLENTIES","Laois Vaccination Centre",221705.611453722
"2740","GOREY","Laois Vaccination Centre",74209.6353851092
"2741","GORT-KINVARA","Laois Vaccination Centre",101980.170974826
"2742","GRAIGUECULLEN-PORTARLINGTON","Laois Vaccination Centre",13928.1594854758
"2743","GRANARD","Laois Vaccination Centre",87971.8059183802
"2744","GREYSTONES","Laois Vaccination Centre",81088.0731517725
"2745","HOWTH-MALAHIDE","Laois Vaccination Centre",86686.9808720934
"2746","KANTURK","Laois Vaccination Centre",146600.968195051
"2747","KELLS","Laois Vaccination Centre",83991.8480051603
"2748","KENMARE","Laois Vaccination Centre",214681.319961371
"2749","KILDARE","Laois Vaccination Centre",27509.2532147193
"2750","KILKENNY","Laois Vaccination Centre",41170.1836453367
"2751","KILLALOE","Laois Vaccination Centre",92786.9912917741
"2752","KILLARNEY","Laois Vaccination Centre",183402.727024765
"2753","KILLINEY-SHANKILL","Laois Vaccination Centre",79529.5179908053
"2754","KILMUCKRIDGE","Laois Vaccination Centre",84120.6685491263
"2755","KILRUSH","Laois Vaccination Centre",143610.607047716
"2756","KIMMAGE-RATHMINES","Laois Vaccination Centre",73721.0641928672
"2757","KINNEGAD","Laois Vaccination Centre",63459.0824657632
"2758","LAYTOWN-BETTYSTOWN","Laois Vaccination Centre",92599.3459648921
"2759","LEIXLIP","Laois Vaccination Centre",64567.9722846155
"2760","LETTERKENNY","Laois Vaccination Centre",215973.997962675
"2761","LIFFORD-STRANORLAR","Laois Vaccination Centre",201773.839150523
"2762","LIMERICK CITY EAST","Laois Vaccination Centre",95044.9421643947
"2763","LIMERICK CITY NORTH","Laois Vaccination Centre",100573.265842611
"2764","LIMERICK CITY WEST","Laois Vaccination Centre",106460.16667165
"2765","LISMORE","Laois Vaccination Centre",107260.320256595
"2766","LISTOWEL","Laois Vaccination Centre",166302.987062043
"2767","LONGFORD","Laois Vaccination Centre",86731.7777281362
"2768","LOUGHREA","Laois Vaccination Centre",76979.8048569581
"2769","LUCAN","Laois Vaccination Centre",65598.5014667234
"2770","MACROOM","Laois Vaccination Centre",168008.87247895
"2771","MALLOW","Laois Vaccination Centre",138436.90953452
"2772","MANORHAMILTON","Laois Vaccination Centre",152655.103240862
"2773","MAYNOOTH","Laois Vaccination Centre",54729.0416493903
"2774","MIDLETON","Laois Vaccination Centre",134623.439163443
"2775","MILFORD","Laois Vaccination Centre",232806.103597706
"2776","MOATE","Laois Vaccination Centre",52486.9054499308
"2777","MONAGHAN","Laois Vaccination Centre",140769.647202781
"2778","MUINEBEAG","Laois Vaccination Centre",48737.9709606391
"2779","MULLINGAR","Laois Vaccination Centre",54448.6641863734
"2780","NAAS","Laois Vaccination Centre",49892.3846682577
"2781","NAVAN","Laois Vaccination Centre",77763.2257542599
"2782","NENAGH","Laois Vaccination Centre",56404.0568146718
"2783","NEW ROSS","Laois Vaccination Centre",80615.5387806166
"2784","NEWBRIDGE","Laois Vaccination Centre",39468.2897822563
"2785","NEWCASTLE WEST","Laois Vaccination Centre",140034.31270416
"2786","NEWPORT","Laois Vaccination Centre",72120.2244470976
"2787","NORTH INNER CITY","Laois Vaccination Centre",77864.0580153017
"2788","ONGAR","Laois Vaccination Centre",69818.3707360163
"2789","PALMERSTOWN-FONTHILL","Laois Vaccination Centre",69413.8642967814
"2790","PEMBROKE","Laois Vaccination Centre",77212.3843038874
"2791","PILTOWN","Laois Vaccination Centre",76598.4951378661
"2792","PORTLAOISE","Laois Vaccination Centre",7354.85918360098
"2793","PORTLAW-KILMACTHOMAS","Laois Vaccination Centre",88616.6752599685
"2794","RATHFARNHAM-TEMPLEOGUE","Laois Vaccination Centre",71165.2998449326
"2795","RATOATH","Laois Vaccination Centre",68386.1906579468
"2796","ROSCOMMON","Laois Vaccination Centre",105351.583805355
"2797","ROSCREA-TEMPLEMORE","Laois Vaccination Centre",44377.4436065889
"2798","ROSSLARE","Laois Vaccination Centre",99894.7142698238
"2799","RUSH-LUSK","Laois Vaccination Centre",88495.6031315397
"2800","SHANNON","Laois Vaccination Centre",107362.40229578
"2801","SKIBBEREEN-WEST CORK","Laois Vaccination Centre",197184.223385583
"2802","SLIGO-DRUMCLIFF","Laois Vaccination Centre",161464.614883712
"2803","SLIGO-STRANDHILL","Laois Vaccination Centre",159990.627804495
"2804","SOUTH EAST INNER CITY","Laois Vaccination Centre",77695.7943661496
"2805","SOUTH WEST INNER CITY","Laois Vaccination Centre",74216.3036939626
"2806","STILLORGAN","Laois Vaccination Centre",77576.1624417192
"2807","SWINFORD","Laois Vaccination Centre",144391.052894923
"2808","SWORDS","Laois Vaccination Centre",82915.9721398824
"2809","TALLAGHT CENTRAL","Laois Vaccination Centre",67856.5760871085
"2810","TALLAGHT SOUTH","Laois Vaccination Centre",63852.5281341391
"2811","THURLES","Laois Vaccination Centre",53655.91836377
"2812","TRALEE","Laois Vaccination Centre",186369.6344454
"2813","TRAMORE-WATERFORD CITY WEST","Laois Vaccination Centre",93741.4935857918
"2814","TRIM","Laois Vaccination Centre",58121.5601487256
"2815","TUAM","Laois Vaccination Centre",119474.31128732
"2816","TULLAMORE","Laois Vaccination Centre",33377.5397796917
"2817","TULLOW","Laois Vaccination Centre",47239.41974951
"2818","WATERFORD CITY EAST","Laois Vaccination Centre",94299.5280401441
"2819","WATERFORD CITY SOUTH","Laois Vaccination Centre",92075.6525481792
"2820","WESTPORT","Laois Vaccination Centre",175502.165798759
"2821","WEXFORD","Laois Vaccination Centre",91389.4441602808
"2822","WICKLOW","Laois Vaccination Centre",71639.3993843725
"2823","ADARE-RATHKEALE","Carrick on Shannon Vaccination Centre",162877.340935444
"2824","ARDEE","Carrick on Shannon Vaccination Centre",106377.742703985
"2825","ARKLOW","Carrick on Shannon Vaccination Centre",169086.476788321
"2826","ARTANE-WHITEHALL","Carrick on Shannon Vaccination Centre",138026.220270759
"2827","ASHBOURNE","Carrick on Shannon Vaccination Centre",114560.911882397
"2828","ATHENRY-ORANMORE","Carrick on Shannon Vaccination Centre",82198.9644180639
"2829","ATHLONE","Carrick on Shannon Vaccination Centre",57419.9385058741
"2830","ATHLONE","Carrick on Shannon Vaccination Centre",53632.4539660998
"2831","ATHY","Carrick on Shannon Vaccination Centre",131808.675126332
"2832","BAILIEBOROUGH-COOTEHILL","Carrick on Shannon Vaccination Centre",66071.4694166327
"2833","BALBRIGGAN","Carrick on Shannon Vaccination Centre",133738.973923024
"2834","BALLINA","Carrick on Shannon Vaccination Centre",81567.1620531172
"2835","BALLINAMORE","Carrick on Shannon Vaccination Centre",19617.7172458979
"2836","BALLINASLOE","Carrick on Shannon Vaccination Centre",58561.652570791
"2837","BALLYBAY-CLONES","Carrick on Shannon Vaccination Centre",73473.6877699318
"2838","BALLYFERMOT-DRIMNAGH","Carrick on Shannon Vaccination Centre",133971.135425928
"2839","BALLYJAMESDUFF","Carrick on Shannon Vaccination Centre",52763.2658380311
"2840","BALLYMAHON","Carrick on Shannon Vaccination Centre",40386.3111004889
"2841","BALLYMOTE-TOBERCURRY","Carrick on Shannon Vaccination Centre",42136.4460074299
"2842","BALLYMUN-FINGLAS","Carrick on Shannon Vaccination Centre",134206.968673354
"2843","BALTINGLASS","Carrick on Shannon Vaccination Centre",149851.830291751
"2844","BANDON-KINSALE","Carrick on Shannon Vaccination Centre",250519.571973826
"2845","BANTRY-WEST CORK","Carrick on Shannon Vaccination Centre",272726.333332434
"2846","BELMULLET","Carrick on Shannon Vaccination Centre",111629.835649151
"2847","BIRR","Carrick on Shannon Vaccination Centre",91489.1593715604
"2848","BLACKROCK","Carrick on Shannon Vaccination Centre",145730.915017961
"2849","BLANCHARDSTOWN-MULHUDDART","Carrick on Shannon Vaccination Centre",129544.738711129
"2850","BORRIS-IN-OSSORY-MOUNTMELLICK","Carrick on Shannon Vaccination Centre",112709.180967229
"2851","BOYLE","Carrick on Shannon Vaccination Centre",10111.4960829599
"2852","BRAY EAST","Carrick on Shannon Vaccination Centre",155611.99765113
"2853","BRAY WEST","Carrick on Shannon Vaccination Centre",151212.565362755
"2854","BUNCRANA","Carrick on Shannon Vaccination Centre",135753.616517688
"2855","CABRA-GLASNEVIN","Carrick on Shannon Vaccination Centre",134691.07237983
"2856","CAHIR","Carrick on Shannon Vaccination Centre",181422.018481732
"2857","CALLAN-THOMASTOWN","Carrick on Shannon Vaccination Centre",169616.36561279
"2858","CAPPAMORE-KILMALLOCK","Carrick on Shannon Vaccination Centre",166056.011123411
"2859","CARLOW","Carrick on Shannon Vaccination Centre",147330.376434679
"2860","CARNDONAGH","Carrick on Shannon Vaccination Centre",155729.034871469
"2861","CARRICK-ON-SHANNON","Carrick on Shannon Vaccination Centre",10768.2772659149
"2862","CARRICK-ON-SUIR","Carrick on Shannon Vaccination Centre",162410.312819003
"2863","CARRICKMACROSS-CASTLEBLAYNEY","Carrick on Shannon Vaccination Centre",91122.1834324564
"2864","CARRIGALINE","Carrick on Shannon Vaccination Centre",239109.638116723
"2865","CASHEL-TIPPERARY","Carrick on Shannon Vaccination Centre",159249.695380016
"2866","CASTLEBAR","Carrick on Shannon Vaccination Centre",81060.5649823756
"2867","CASTLECOMER","Carrick on Shannon Vaccination Centre",144226.199362109
"2868","CASTLEISLAND","Carrick on Shannon Vaccination Centre",210904.011788994
"2869","CASTLEKNOCK","Carrick on Shannon Vaccination Centre",128309.854246485
"2870","CAVAN-BELTURBET","Carrick on Shannon Vaccination Centre",34865.1420953586
"2871","CELBRIDGE","Carrick on Shannon Vaccination Centre",123133.246974108
"2872","CLANE","Carrick on Shannon Vaccination Centre",105017.991126218
"2873","CLAREMORRIS","Carrick on Shannon Vaccination Centre",70258.1116372964
"2874","CLONDALKIN","Carrick on Shannon Vaccination Centre",129978.172854224
"2875","CLONMEL","Carrick on Shannon Vaccination Centre",173198.154883063
"2876","CLONTARF","Carrick on Shannon Vaccination Centre",140340.1628325
"2877","COBH","Carrick on Shannon Vaccination Centre",221247.24278347
"2878","CONAMARA NORTH","Carrick on Shannon Vaccination Centre",117335.127805086
"2879","CONAMARA SOUTH","Carrick on Shannon Vaccination Centre",113320.279873477
"2880","CORCA DHUIBHNE","Carrick on Shannon Vaccination Centre",237688.707403182
"2881","CORK CITY NORTH EAST","Carrick on Shannon Vaccination Centre",225302.597421901
"2882","CORK CITY NORTH WEST","Carrick on Shannon Vaccination Centre",227513.019056686
"2883","CORK CITY SOUTH CENTRAL","Carrick on Shannon Vaccination Centre",232160.331631654
"2884","CORK CITY SOUTH EAST","Carrick on Shannon Vaccination Centre",231476.819633597
"2885","CORK CITY SOUTH WEST","Carrick on Shannon Vaccination Centre",232431.425949044
"2886","DONAGHMEDE","Carrick on Shannon Vaccination Centre",141752.650348558
"2887","DONEGAL","Carrick on Shannon Vaccination Centre",78042.4382141519
"2888","DROGHEDA RURAL","Carrick on Shannon Vaccination Centre",116971.375467407
"2889","DROGHEDA URBAN","Carrick on Shannon Vaccination Centre",117595.038097643
"2890","DÚN LAOGHAIRE","Carrick on Shannon Vaccination Centre",149311.82549461
"2891","DUNDALK-CARLINGFORD","Carrick on Shannon Vaccination Centre",117831.227284488
"2892","DUNDALK SOUTH","Carrick on Shannon Vaccination Centre",107093.611474125
"2893","DUNDRUM","Carrick on Shannon Vaccination Centre",141717.129173843
"2894","DUNGARVAN","Carrick on Shannon Vaccination Centre",211500.760838947
"2895","EDENDERRY","Carrick on Shannon Vaccination Centre",94351.7411390282
"2896","ENNIS","Carrick on Shannon Vaccination Centre",135341.903025747
"2897","ENNISCORTHY","Carrick on Shannon Vaccination Centre",182982.021273657
"2898","ENNISTIMON","Carrick on Shannon Vaccination Centre",127723.721566177
"2899","FERMOY","Carrick on Shannon Vaccination Centre",198953.548097376
"2900","FIRHOUSE-BOHERNABREENA","Carrick on Shannon Vaccination Centre",140579.252710033
"2901","GALWAY CITY CENTRAL","Carrick on Shannon Vaccination Centre",97188.7627137902
"2902","GALWAY CITY EAST","Carrick on Shannon Vaccination Centre",94913.587428784
"2903","GALWAY CITY WEST","Carrick on Shannon Vaccination Centre",100885.086082217
"2904","GLENCULLEN-SANDYFORD","Carrick on Shannon Vaccination Centre",145435.524305157
"2905","GLENTIES","Carrick on Shannon Vaccination Centre",112182.825599572
"2906","GOREY","Carrick on Shannon Vaccination Centre",181762.969228862
"2907","GORT-KINVARA","Carrick on Shannon Vaccination Centre",102485.334578895
"2908","GRAIGUECULLEN-PORTARLINGTON","Carrick on Shannon Vaccination Centre",126351.772272705
"2909","GRANARD","Carrick on Shannon Vaccination Centre",36231.5281511831
"2910","GREYSTONES","Carrick on Shannon Vaccination Centre",162931.433656078
"2911","HOWTH-MALAHIDE","Carrick on Shannon Vaccination Centre",140891.467547397
"2912","KANTURK","Carrick on Shannon Vaccination Centre",201093.736627766
"2913","KELLS","Carrick on Shannon Vaccination Centre",81541.0141878912
"2914","KENMARE","Carrick on Shannon Vaccination Centre",255239.564628487
"2915","KILDARE","Carrick on Shannon Vaccination Centre",114325.798385804
"2916","KILKENNY","Carrick on Shannon Vaccination Centre",152512.943541728
"2917","KILLALOE","Carrick on Shannon Vaccination Centre",123562.181707947
"2918","KILLARNEY","Carrick on Shannon Vaccination Centre",230519.530123222
"2919","KILLINEY-SHANKILL","Carrick on Shannon Vaccination Centre",151357.441291502
"2920","KILMUCKRIDGE","Carrick on Shannon Vaccination Centre",195990.18226459
"2921","KILRUSH","Carrick on Shannon Vaccination Centre",161096.405467306
"2922","KIMMAGE-RATHMINES","Carrick on Shannon Vaccination Centre",138257.004568128
"2923","KINNEGAD","Carrick on Shannon Vaccination Centre",68289.7306238218
"2924","LAYTOWN-BETTYSTOWN","Carrick on Shannon Vaccination Centre",109538.461584405
"2925","LEIXLIP","Carrick on Shannon Vaccination Centre",123222.960150249
"2926","LETTERKENNY","Carrick on Shannon Vaccination Centre",113633.926191684
"2927","LIFFORD-STRANORLAR","Carrick on Shannon Vaccination Centre",100577.9588358
"2928","LIMERICK CITY EAST","Carrick on Shannon Vaccination Centre",146983.1061943
"2929","LIMERICK CITY NORTH","Carrick on Shannon Vaccination Centre",146475.664293286
"2930","LIMERICK CITY WEST","Carrick on Shannon Vaccination Centre",151895.808726459
"2931","LISMORE","Carrick on Shannon Vaccination Centre",200587.268959616
"2932","LISTOWEL","Carrick on Shannon Vaccination Centre",192207.191777761
"2933","LONGFORD","Carrick on Shannon Vaccination Centre",28768.1368509158
"2934","LOUGHREA","Carrick on Shannon Vaccination Centre",90409.4438686676
"2935","LUCAN","Carrick on Shannon Vaccination Centre",127253.199369324
"2936","MACROOM","Carrick on Shannon Vaccination Centre",232156.198454971
"2937","MALLOW","Carrick on Shannon Vaccination Centre",204993.226217301
"2938","MANORHAMILTON","Carrick on Shannon Vaccination Centre",39804.1028230837
"2939","MAYNOOTH","Carrick on Shannon Vaccination Centre",113589.264195461
"2940","MIDLETON","Carrick on Shannon Vaccination Centre",224408.093698561
"2941","MILFORD","Carrick on Shannon Vaccination Centre",131704.337428266
"2942","MOATE","Carrick on Shannon Vaccination Centre",62890.479559271
"2943","MONAGHAN","Carrick on Shannon Vaccination Centre",82387.8190164526
"2944","MUINEBEAG","Carrick on Shannon Vaccination Centre",163162.279309954
"2945","MULLINGAR","Carrick on Shannon Vaccination Centre",69333.6875144146
"2946","NAAS","Carrick on Shannon Vaccination Centre",127557.777959305
"2947","NAVAN","Carrick on Shannon Vaccination Centre",97335.6429354119
"2948","NENAGH","Carrick on Shannon Vaccination Centre",105534.221160411
"2949","NEW ROSS","Carrick on Shannon Vaccination Centre",194922.809208316
"2950","NEWBRIDGE","Carrick on Shannon Vaccination Centre",125364.476534204
"2951","NEWCASTLE WEST","Carrick on Shannon Vaccination Centre",181987.67094956
"2952","NEWPORT","Carrick on Shannon Vaccination Centre",130321.313856849
"2953","NORTH INNER CITY","Carrick on Shannon Vaccination Centre",138729.216911086
"2954","ONGAR","Carrick on Shannon Vaccination Centre",125968.092420487
"2955","PALMERSTOWN-FONTHILL","Carrick on Shannon Vaccination Centre",130922.152784724
"2956","PEMBROKE","Carrick on Shannon Vaccination Centre",141142.588207275
"2957","PILTOWN","Carrick on Shannon Vaccination Centre",187793.024461948
"2958","PORTLAOISE","Carrick on Shannon Vaccination Centre",120189.390770337
"2959","PORTLAW-KILMACTHOMAS","Carrick on Shannon Vaccination Centre",193145.489659564
"2960","RATHFARNHAM-TEMPLEOGUE","Carrick on Shannon Vaccination Centre",137772.628149413
"2961","RATOATH","Carrick on Shannon Vaccination Centre",113973.776562971
"2962","ROSCOMMON","Carrick on Shannon Vaccination Centre",29857.9763086536
"2963","ROSCREA-TEMPLEMORE","Carrick on Shannon Vaccination Centre",125245.28870274
"2964","ROSSLARE","Carrick on Shannon Vaccination Centre",214342.059236085
"2965","RUSH-LUSK","Carrick on Shannon Vaccination Centre",129318.658666286
"2966","SHANNON","Carrick on Shannon Vaccination Centre",144259.451153858
"2967","SKIBBEREEN-WEST CORK","Carrick on Shannon Vaccination Centre",264337.820707929
"2968","SLIGO-DRUMCLIFF","Carrick on Shannon Vaccination Centre",47036.5281198043
"2969","SLIGO-STRANDHILL","Carrick on Shannon Vaccination Centre",46025.3248498942
"2970","SOUTH EAST INNER CITY","Carrick on Shannon Vaccination Centre",139940.538899678
"2971","SOUTH WEST INNER CITY","Carrick on Shannon Vaccination Centre",136516.02579777
"2972","STILLORGAN","Carrick on Shannon Vaccination Centre",145108.178262138
"2973","SWINFORD","Carrick on Shannon Vaccination Centre",52044.8854253844
"2974","SWORDS","Carrick on Shannon Vaccination Centre",131745.739540297
"2975","TALLAGHT CENTRAL","Carrick on Shannon Vaccination Centre",134892.981809273
"2976","TALLAGHT SOUTH","Carrick on Shannon Vaccination Centre",135540.394321255
"2977","THURLES","Carrick on Shannon Vaccination Centre",142687.439908264
"2978","TRALEE","Carrick on Shannon Vaccination Centre",215409.137262321
"2979","TRAMORE-WATERFORD CITY WEST","Carrick on Shannon Vaccination Centre",203986.504044326
"2980","TRIM","Carrick on Shannon Vaccination Centre",93854.6434782941
"2981","TUAM","Carrick on Shannon Vaccination Centre",70347.8977744095
"2982","TULLAMORE","Carrick on Shannon Vaccination Centre",81456.938212157
"2983","TULLOW","Carrick on Shannon Vaccination Centre",158203.048400562
"2984","WATERFORD CITY EAST","Carrick on Shannon Vaccination Centre",206453.979707276
"2985","WATERFORD CITY SOUTH","Carrick on Shannon Vaccination Centre",203237.379401812
"2986","WESTPORT","Carrick on Shannon Vaccination Centre",103778.134821383
"2987","WEXFORD","Carrick on Shannon Vaccination Centre",205396.11297748
"2988","WICKLOW","Carrick on Shannon Vaccination Centre",160511.060681784
"2989","ADARE-RATHKEALE","Limerick Vaccination Centre",19694.1090250338
"2990","ARDEE","Limerick Vaccination Centre",197618.886316593
"2991","ARKLOW","Limerick Vaccination Centre",161780.91932544
"2992","ARTANE-WHITEHALL","Limerick Vaccination Centre",181817.64477207
"2993","ASHBOURNE","Limerick Vaccination Centre",178711.282653111
"2994","ATHENRY-ORANMORE","Limerick Vaccination Centre",77775.1622285396
"2995","ATHLONE","Limerick Vaccination Centre",102366.79056531
"2996","ATHLONE","Limerick Vaccination Centre",96412.566518536
"2997","ATHY","Limerick Vaccination Centre",124147.800842164
"2998","BAILIEBOROUGH-COOTEHILL","Limerick Vaccination Centre",180659.446915833
"2999","BALBRIGGAN","Limerick Vaccination Centre",194823.400326422
"3000","BALLINA","Limerick Vaccination Centre",171851.676006293
"3001","BALLINAMORE","Limerick Vaccination Centre",162751.770471177
"3002","BALLINASLOE","Limerick Vaccination Centre",90548.316604265
"3003","BALLYBAY-CLONES","Limerick Vaccination Centre",196891.284263868
"3004","BALLYFERMOT-DRIMNAGH","Limerick Vaccination Centre",171574.948798455
"3005","BALLYJAMESDUFF","Limerick Vaccination Centre",162319.954066868
"3006","BALLYMAHON","Limerick Vaccination Centre",121793.541630187
"3007","BALLYMOTE-TOBERCURRY","Limerick Vaccination Centre",162758.519062534
"3008","BALLYMUN-FINGLAS","Limerick Vaccination Centre",177697.824922072
"3009","BALTINGLASS","Limerick Vaccination Centre",145463.461470395
"3010","BANDON-KINSALE","Limerick Vaccination Centre",103581.112781415
"3011","BANTRY-WEST CORK","Limerick Vaccination Centre",127007.852290231
"3012","BELMULLET","Limerick Vaccination Centre",178305.505047416
"3013","BIRR","Limerick Vaccination Centre",75970.9555526408
"3014","BLACKROCK","Limerick Vaccination Centre",179577.679125554
"3015","BLANCHARDSTOWN-MULHUDDART","Limerick Vaccination Centre",175835.393415354
"3016","BORRIS-IN-OSSORY-MOUNTMELLICK","Limerick Vaccination Centre",84581.8150576147
"3017","BOYLE","Limerick Vaccination Centre",141365.35980888
"3018","BRAY EAST","Limerick Vaccination Centre",180716.13012738
"3019","BRAY WEST","Limerick Vaccination Centre",172907.836894602
"3020","BUNCRANA","Limerick Vaccination Centre",283907.689761889
"3021","CABRA-GLASNEVIN","Limerick Vaccination Centre",175386.437447801
"3022","CAHIR","Limerick Vaccination Centre",58956.76370011
"3023","CALLAN-THOMASTOWN","Limerick Vaccination Centre",99397.7715704129
"3024","CAPPAMORE-KILMALLOCK","Limerick Vaccination Centre",24826.8926591988
"3025","CARLOW","Limerick Vaccination Centre",119386.160671127
"3026","CARNDONAGH","Limerick Vaccination Centre",303672.429231632
"3027","CARRICK-ON-SHANNON","Limerick Vaccination Centre",149260.72318246
"3028","CARRICK-ON-SUIR","Limerick Vaccination Centre",71558.8579977728
"3029","CARRICKMACROSS-CASTLEBLAYNEY","Limerick Vaccination Centre",200324.176657635
"3030","CARRIGALINE","Limerick Vaccination Centre",95339.7885021447
"3031","CASHEL-TIPPERARY","Limerick Vaccination Centre",39810.9760869549
"3032","CASTLEBAR","Limerick Vaccination Centre",137221.691251659
"3033","CASTLECOMER","Limerick Vaccination Centre",90185.6379897541
"3034","CASTLEISLAND","Limerick Vaccination Centre",71655.5204445773
"3035","CASTLEKNOCK","Limerick Vaccination Centre",169989.571905327
"3036","CAVAN-BELTURBET","Limerick Vaccination Centre",175721.042268355
"3037","CELBRIDGE","Limerick Vaccination Centre",159031.501811475
"3038","CLANE","Limerick Vaccination Centre",139916.996595577
"3039","CLAREMORRIS","Limerick Vaccination Centre",116345.801655066
"3040","CLONDALKIN","Limerick Vaccination Centre",162201.810204576
"3041","CLONMEL","Limerick Vaccination Centre",69770.5752584722
"3042","CLONTARF","Limerick Vaccination Centre",181863.978526007
"3043","COBH","Limerick Vaccination Centre",78546.484637766
"3044","CONAMARA NORTH","Limerick Vaccination Centre",114758.211634816
"3045","CONAMARA SOUTH","Limerick Vaccination Centre",86651.2511074877
"3046","CORCA DHUIBHNE","Limerick Vaccination Centre",112407.472442856
"3047","CORK CITY NORTH EAST","Limerick Vaccination Centre",81535.0971761629
"3048","CORK CITY NORTH WEST","Limerick Vaccination Centre",81630.9686752278
"3049","CORK CITY SOUTH CENTRAL","Limerick Vaccination Centre",87664.7311405368
"3050","CORK CITY SOUTH EAST","Limerick Vaccination Centre",87967.6977621913
"3051","CORK CITY SOUTH WEST","Limerick Vaccination Centre",86864.1532876959
"3052","DONAGHMEDE","Limerick Vaccination Centre",185217.507130307
"3053","DONEGAL","Limerick Vaccination Centre",223243.193602355
"3054","DROGHEDA RURAL","Limerick Vaccination Centre",196885.028458496
"3055","DROGHEDA URBAN","Limerick Vaccination Centre",193237.247598805
"3056","DÚN LAOGHAIRE","Limerick Vaccination Centre",182195.796987241
"3057","DUNDALK-CARLINGFORD","Limerick Vaccination Centre",218926.420211639
"3058","DUNDALK SOUTH","Limerick Vaccination Centre",207422.550877729
"3059","DUNDRUM","Limerick Vaccination Centre",175302.195909031
"3060","DUNGARVAN","Limerick Vaccination Centre",91875.9277991757
"3061","EDENDERRY","Limerick Vaccination Centre",118610.496800681
"3062","ENNIS","Limerick Vaccination Centre",31792.8166367604
"3063","ENNISCORTHY","Limerick Vaccination Centre",137117.862524997
"3064","ENNISTIMON","Limerick Vaccination Centre",52529.9287346895
"3065","FERMOY","Limerick Vaccination Centre",58330.8937204138
"3066","FIRHOUSE-BOHERNABREENA","Limerick Vaccination Centre",167986.102164505
"3067","GALWAY CITY CENTRAL","Limerick Vaccination Centre",76757.2670741966
"3068","GALWAY CITY EAST","Limerick Vaccination Centre",74617.8726095084
"3069","GALWAY CITY WEST","Limerick Vaccination Centre",75509.3855298
"3070","GLENCULLEN-SANDYFORD","Limerick Vaccination Centre",174154.910804669
"3071","GLENTIES","Limerick Vaccination Centre",257207.859122807
"3072","GOREY","Limerick Vaccination Centre",155479.377784895
"3073","GORT-KINVARA","Limerick Vaccination Centre",53867.0118095764
"3074","GRAIGUECULLEN-PORTARLINGTON","Limerick Vaccination Centre",109437.702564477
"3075","GRANARD","Limerick Vaccination Centre",145881.235358187
"3076","GREYSTONES","Limerick Vaccination Centre",179318.813359213
"3077","HOWTH-MALAHIDE","Limerick Vaccination Centre",187111.387569796
"3078","KANTURK","Limerick Vaccination Centre",53611.8876409537
"3079","KELLS","Limerick Vaccination Centre",169018.90382736
"3080","KENMARE","Limerick Vaccination Centre",116887.105521352
"3081","KILDARE","Limerick Vaccination Centre",127783.869186649
"3082","KILKENNY","Limerick Vaccination Centre",92525.3503399365
"3083","KILLALOE","Limerick Vaccination Centre",25864.9181876781
"3084","KILLARNEY","Limerick Vaccination Centre",87348.2798081871
"3085","KILLINEY-SHANKILL","Limerick Vaccination Centre",179713.179863231
"3086","KILMUCKRIDGE","Limerick Vaccination Centre",153265.254397921
"3087","KILRUSH","Limerick Vaccination Centre",48458.4283017712
"3088","KIMMAGE-RATHMINES","Limerick Vaccination Centre",174331.826815851
"3089","KINNEGAD","Limerick Vaccination Centre",141856.607504771
"3090","LAYTOWN-BETTYSTOWN","Limerick Vaccination Centre",186569.355228914
"3091","LEIXLIP","Limerick Vaccination Centre",164444.346721775
"3092","LETTERKENNY","Limerick Vaccination Centre",261772.854852767
"3093","LIFFORD-STRANORLAR","Limerick Vaccination Centre",248930.923544757
"3094","LIMERICK CITY EAST","Limerick Vaccination Centre",6206.42744987946
"3095","LIMERICK CITY NORTH","Limerick Vaccination Centre",2436.40720888575
"3096","LIMERICK CITY WEST","Limerick Vaccination Centre",5854.03218163791
"3097","LISMORE","Limerick Vaccination Centre",75632.4246810812
"3098","LISTOWEL","Limerick Vaccination Centre",65976.7742146313
"3099","LONGFORD","Limerick Vaccination Centre",134398.274686433
"3100","LOUGHREA","Limerick Vaccination Centre",57990.7133715248
"3101","LUCAN","Limerick Vaccination Centre",165863.32251352
"3102","MACROOM","Limerick Vaccination Centre",83782.9111243857
"3103","MALLOW","Limerick Vaccination Centre",57167.2014496387
"3104","MANORHAMILTON","Limerick Vaccination Centre",185557.057966675
"3105","MAYNOOTH","Limerick Vaccination Centre",153642.833007721
"3106","MIDLETON","Limerick Vaccination Centre",88978.3506862123
"3107","MILFORD","Limerick Vaccination Centre",279872.747713059
"3108","MOATE","Limerick Vaccination Centre",117346.44132959
"3109","MONAGHAN","Limerick Vaccination Centre",212819.420314209
"3110","MUINEBEAG","Limerick Vaccination Centre",116415.187500626
"3111","MULLINGAR","Limerick Vaccination Centre",131380.199321606
"3112","NAAS","Limerick Vaccination Centre",150509.498991422
"3113","NAVAN","Limerick Vaccination Centre",169829.984335342
"3114","NENAGH","Limerick Vaccination Centre",51700.8804966958
"3115","NEW ROSS","Limerick Vaccination Centre",126892.557191323
"3116","NEWBRIDGE","Limerick Vaccination Centre",140027.337242197
"3117","NEWCASTLE WEST","Limerick Vaccination Centre",40167.4976467131
"3118","NEWPORT","Limerick Vaccination Centre",28595.1691446201
"3119","NORTH INNER CITY","Limerick Vaccination Centre",178431.333553932
"3120","ONGAR","Limerick Vaccination Centre",169732.264249978
"3121","PALMERSTOWN-FONTHILL","Limerick Vaccination Centre",169819.494410171
"3122","PEMBROKE","Limerick Vaccination Centre",177829.927599429
"3123","PILTOWN","Limerick Vaccination Centre",105114.728016862
"3124","PORTLAOISE","Limerick Vaccination Centre",96352.2432791227
"3125","PORTLAW-KILMACTHOMAS","Limerick Vaccination Centre",90456.8095071979
"3126","RATHFARNHAM-TEMPLEOGUE","Limerick Vaccination Centre",171783.064414397
"3127","RATOATH","Limerick Vaccination Centre",166323.33729871
"3128","ROSCOMMON","Limerick Vaccination Centre",121297.204464002
"3129","ROSCREA-TEMPLEMORE","Limerick Vaccination Centre",56742.3996717604
"3130","ROSSLARE","Limerick Vaccination Centre",147704.82922245
"3131","RUSH-LUSK","Limerick Vaccination Centre",187501.326146723
"3132","SHANNON","Limerick Vaccination Centre",12698.4307979089
"3133","SKIBBEREEN-WEST CORK","Limerick Vaccination Centre",115965.567451885
"3134","SLIGO-DRUMCLIFF","Limerick Vaccination Centre",184340.055487599
"3135","SLIGO-STRANDHILL","Limerick Vaccination Centre",180024.258403864
"3136","SOUTH EAST INNER CITY","Limerick Vaccination Centre",178297.035176082
"3137","SOUTH WEST INNER CITY","Limerick Vaccination Centre",174778.62280029
"3138","STILLORGAN","Limerick Vaccination Centre",178123.740055332
"3139","SWINFORD","Limerick Vaccination Centre",141604.254698268
"3140","SWORDS","Limerick Vaccination Centre",182705.137300151
"3141","TALLAGHT CENTRAL","Limerick Vaccination Centre",168465.473626495
"3142","TALLAGHT SOUTH","Limerick Vaccination Centre",164453.981540365
"3143","THURLES","Limerick Vaccination Centre",55939.6973356395
"3144","TRALEE","Limerick Vaccination Centre",85790.5395751959
"3145","TRAMORE-WATERFORD CITY WEST","Limerick Vaccination Centre",111269.466896513
"3146","TRIM","Limerick Vaccination Centre",150633.92807121
"3147","TUAM","Limerick Vaccination Centre",98086.2010430373
"3148","TULLAMORE","Limerick Vaccination Centre",100309.887948588
"3149","TULLOW","Limerick Vaccination Centre",130443.507332953
"3150","WATERFORD CITY EAST","Limerick Vaccination Centre",119860.882286241
"3151","WATERFORD CITY SOUTH","Limerick Vaccination Centre",113911.759933631
"3152","WESTPORT","Limerick Vaccination Centre",139448.35795625
"3153","WEXFORD","Limerick Vaccination Centre",148054.26206955
"3154","WICKLOW","Limerick Vaccination Centre",168505.13530947
"3155","ADARE-RATHKEALE","Longford Vaccination Centre - Clonguish GAA Club",151618.544972256
"3156","ARDEE","Longford Vaccination Centre - Clonguish GAA Club",89711.6211912398
"3157","ARKLOW","Longford Vaccination Centre - Clonguish GAA Club",142921.343189574
"3158","ARTANE-WHITEHALL","Longford Vaccination Centre - Clonguish GAA Club",114331.014716578
"3159","ASHBOURNE","Longford Vaccination Centre - Clonguish GAA Club",92471.4512542677
"3160","ATHENRY-ORANMORE","Longford Vaccination Centre - Clonguish GAA Club",80374.3449899563
"3161","ATHLONE","Longford Vaccination Centre - Clonguish GAA Club",35699.1433474582
"3162","ATHLONE","Longford Vaccination Centre - Clonguish GAA Club",39244.2346949403
"3163","ATHY","Longford Vaccination Centre - Clonguish GAA Club",105560.040233392
"3164","BAILIEBOROUGH-COOTEHILL","Longford Vaccination Centre - Clonguish GAA Club",54509.0502401589
"3165","BALBRIGGAN","Longford Vaccination Centre - Clonguish GAA Club",112217.845612096
"3166","BALLINA","Longford Vaccination Centre - Clonguish GAA Club",104711.652031751
"3167","BALLINAMORE","Longford Vaccination Centre - Clonguish GAA Club",29677.4930198786
"3168","BALLINASLOE","Longford Vaccination Centre - Clonguish GAA Club",51940.5720707855
"3169","BALLYBAY-CLONES","Longford Vaccination Centre - Clonguish GAA Club",67163.4838818685
"3170","BALLYFERMOT-DRIMNAGH","Longford Vaccination Centre - Clonguish GAA Club",109468.091946734
"3171","BALLYJAMESDUFF","Longford Vaccination Centre - Clonguish GAA Club",36813.0492634666
"3172","BALLYMAHON","Longford Vaccination Centre - Clonguish GAA Club",15857.676837199
"3173","BALLYMOTE-TOBERCURRY","Longford Vaccination Centre - Clonguish GAA Club",67241.2548889469
"3174","BALLYMUN-FINGLAS","Longford Vaccination Centre - Clonguish GAA Club",110317.741631881
"3175","BALTINGLASS","Longford Vaccination Centre - Clonguish GAA Club",123590.335451048
"3176","BANDON-KINSALE","Longford Vaccination Centre - Clonguish GAA Club",234606.689428971
"3177","BANTRY-WEST CORK","Longford Vaccination Centre - Clonguish GAA Club",261778.642307884
"3178","BELMULLET","Longford Vaccination Centre - Clonguish GAA Club",133061.97735999
"3179","BIRR","Longford Vaccination Centre - Clonguish GAA Club",70117.1834525945
"3180","BLACKROCK","Longford Vaccination Centre - Clonguish GAA Club",121307.196813114
"3181","BLANCHARDSTOWN-MULHUDDART","Longford Vaccination Centre - Clonguish GAA Club",105766.355551417
"3182","BORRIS-IN-OSSORY-MOUNTMELLICK","Longford Vaccination Centre - Clonguish GAA Club",88652.3710994215
"3183","BOYLE","Longford Vaccination Centre - Clonguish GAA Club",29779.2929454935
"3184","BRAY EAST","Longford Vaccination Centre - Clonguish GAA Club",130754.851748028
"3185","BRAY WEST","Longford Vaccination Centre - Clonguish GAA Club",125992.614572005
"3186","BUNCRANA","Longford Vaccination Centre - Clonguish GAA Club",150577.075210569
"3187","CABRA-GLASNEVIN","Longford Vaccination Centre - Clonguish GAA Club",110522.893094955
"3188","CAHIR","Longford Vaccination Centre - Clonguish GAA Club",161623.428640035
"3189","CALLAN-THOMASTOWN","Longford Vaccination Centre - Clonguish GAA Club",145148.51719346
"3190","CAPPAMORE-KILMALLOCK","Longford Vaccination Centre - Clonguish GAA Club",150158.794257241
"3191","CARLOW","Longford Vaccination Centre - Clonguish GAA Club",121327.872537028
"3192","CARNDONAGH","Longford Vaccination Centre - Clonguish GAA Club",169785.191811539
"3193","CARRICK-ON-SHANNON","Longford Vaccination Centre - Clonguish GAA Club",18864.6449297795
"3194","CARRICK-ON-SUIR","Longford Vaccination Centre - Clonguish GAA Club",140078.580263212
"3195","CARRICKMACROSS-CASTLEBLAYNEY","Longford Vaccination Centre - Clonguish GAA Club",79370.9336427408
"3196","CARRIGALINE","Longford Vaccination Centre - Clonguish GAA Club",221843.062194121
"3197","CASHEL-TIPPERARY","Longford Vaccination Centre - Clonguish GAA Club",140518.659705817
"3198","CASTLEBAR","Longford Vaccination Centre - Clonguish GAA Club",97433.9684264644
"3199","CASTLECOMER","Longford Vaccination Centre - Clonguish GAA Club",119774.70685543
"3200","CASTLEISLAND","Longford Vaccination Centre - Clonguish GAA Club",202011.988944204
"3201","CASTLEKNOCK","Longford Vaccination Centre - Clonguish GAA Club",103972.678216265
"3202","CAVAN-BELTURBET","Longford Vaccination Centre - Clonguish GAA Club",40698.28048879
"3203","CELBRIDGE","Longford Vaccination Centre - Clonguish GAA Club",98045.3193718322
"3204","CLANE","Longford Vaccination Centre - Clonguish GAA Club",79138.2381418311
"3205","CLAREMORRIS","Longford Vaccination Centre - Clonguish GAA Club",81306.0857365891
"3206","CLONDALKIN","Longford Vaccination Centre - Clonguish GAA Club",104861.049626037
"3207","CLONMEL","Longford Vaccination Centre - Clonguish GAA Club",151536.095620113
"3208","CLONTARF","Longford Vaccination Centre - Clonguish GAA Club",116486.714527285
"3209","COBH","Longford Vaccination Centre - Clonguish GAA Club",203921.848793173
"3210","CONAMARA NORTH","Longford Vaccination Centre - Clonguish GAA Club",126705.659438928
"3211","CONAMARA SOUTH","Longford Vaccination Centre - Clonguish GAA Club",116805.012138351
"3212","CORCA DHUIBHNE","Longford Vaccination Centre - Clonguish GAA Club",232922.630337474
"3213","CORK CITY NORTH EAST","Longford Vaccination Centre - Clonguish GAA Club",208249.655160475
"3214","CORK CITY NORTH WEST","Longford Vaccination Centre - Clonguish GAA Club",211270.444718499
"3215","CORK CITY SOUTH CENTRAL","Longford Vaccination Centre - Clonguish GAA Club",215262.796761358
"3216","CORK CITY SOUTH EAST","Longford Vaccination Centre - Clonguish GAA Club",214234.381597094
"3217","CORK CITY SOUTH WEST","Longford Vaccination Centre - Clonguish GAA Club",215975.334458767
"3218","DONAGHMEDE","Longford Vaccination Centre - Clonguish GAA Club",118171.277206238
"3219","DONEGAL","Longford Vaccination Centre - Clonguish GAA Club",100682.263714527
"3220","DROGHEDA RURAL","Longford Vaccination Centre - Clonguish GAA Club",98142.2535170269
"3221","DROGHEDA URBAN","Longford Vaccination Centre - Clonguish GAA Club",97869.3707131159
"3222","DÚN LAOGHAIRE","Longford Vaccination Centre - Clonguish GAA Club",124918.960418415
"3223","DUNDALK-CARLINGFORD","Longford Vaccination Centre - Clonguish GAA Club",104826.498067499
"3224","DUNDALK SOUTH","Longford Vaccination Centre - Clonguish GAA Club",93226.0112179594
"3225","DUNDRUM","Longford Vaccination Centre - Clonguish GAA Club",117131.82603805
"3226","DUNGARVAN","Longford Vaccination Centre - Clonguish GAA Club",190193.083095422
"3227","EDENDERRY","Longford Vaccination Centre - Clonguish GAA Club",68083.3319178447
"3228","ENNIS","Longford Vaccination Centre - Clonguish GAA Club",127485.425806342
"3229","ENNISCORTHY","Longford Vaccination Centre - Clonguish GAA Club",156977.463118889
"3230","ENNISTIMON","Longford Vaccination Centre - Clonguish GAA Club",123869.102196831
"3231","FERMOY","Longford Vaccination Centre - Clonguish GAA Club",181585.520641536
"3232","FIRHOUSE-BOHERNABREENA","Longford Vaccination Centre - Clonguish GAA Club",115455.7920293
"3233","GALWAY CITY CENTRAL","Longford Vaccination Centre - Clonguish GAA Club",97553.5258147467
"3234","GALWAY CITY EAST","Longford Vaccination Centre - Clonguish GAA Club",94354.6152672333
"3235","GALWAY CITY WEST","Longford Vaccination Centre - Clonguish GAA Club",101214.492437137
"3236","GLENCULLEN-SANDYFORD","Longford Vaccination Centre - Clonguish GAA Club",120563.399794331
"3237","GLENTIES","Longford Vaccination Centre - Clonguish GAA Club",134159.174719662
"3238","GOREY","Longford Vaccination Centre - Clonguish GAA Club",155461.157842817
"3239","GORT-KINVARA","Longford Vaccination Centre - Clonguish GAA Club",96062.4939119513
"3240","GRAIGUECULLEN-PORTARLINGTON","Longford Vaccination Centre - Clonguish GAA Club",100493.128654897
"3241","GRANARD","Longford Vaccination Centre - Clonguish GAA Club",16031.1342432744
"3242","GREYSTONES","Longford Vaccination Centre - Clonguish GAA Club",137649.974080569
"3243","HOWTH-MALAHIDE","Longford Vaccination Centre - Clonguish GAA Club",117599.507109245
"3244","KANTURK","Longford Vaccination Centre - Clonguish GAA Club",188788.158024968
"3245","KELLS","Longford Vaccination Centre - Clonguish GAA Club",61616.273886432
"3246","KENMARE","Longford Vaccination Centre - Clonguish GAA Club",247243.575902688
"3247","KILDARE","Longford Vaccination Centre - Clonguish GAA Club",88027.9923264725
"3248","KILKENNY","Longford Vaccination Centre - Clonguish GAA Club",128055.637556627
"3249","KILLALOE","Longford Vaccination Centre - Clonguish GAA Club",112104.551267881
"3250","KILLARNEY","Longford Vaccination Centre - Clonguish GAA Club",220565.503021045
"3251","KILLINEY-SHANKILL","Longford Vaccination Centre - Clonguish GAA Club",126636.483617782
"3252","KILMUCKRIDGE","Longford Vaccination Centre - Clonguish GAA Club",169798.638028917
"3253","KILRUSH","Longford Vaccination Centre - Clonguish GAA Club",155397.718005927
"3254","KIMMAGE-RATHMINES","Longford Vaccination Centre - Clonguish GAA Club",113774.095558949
"3255","KINNEGAD","Longford Vaccination Centre - Clonguish GAA Club",43541.9624786155
"3256","LAYTOWN-BETTYSTOWN","Longford Vaccination Centre - Clonguish GAA Club",89575.7175918403
"3257","LEIXLIP","Longford Vaccination Centre - Clonguish GAA Club",98613.8635964164
"3258","LETTERKENNY","Longford Vaccination Centre - Clonguish GAA Club",131964.534254899
"3259","LIFFORD-STRANORLAR","Longford Vaccination Centre - Clonguish GAA Club",118154.406540529
"3260","LIMERICK CITY EAST","Longford Vaccination Centre - Clonguish GAA Club",132878.90882056
"3261","LIMERICK CITY NORTH","Longford Vaccination Centre - Clonguish GAA Club",133585.53987802
"3262","LIMERICK CITY WEST","Longford Vaccination Centre - Clonguish GAA Club",139439.934918377
"3263","LISMORE","Longford Vaccination Centre - Clonguish GAA Club",180345.39786971
"3264","LISTOWEL","Longford Vaccination Centre - Clonguish GAA Club",185894.726438938
"3265","LONGFORD","Longford Vaccination Centre - Clonguish GAA Club",2474.55713287077
"3266","LOUGHREA","Longford Vaccination Centre - Clonguish GAA Club",78335.5159212522
"3267","LUCAN","Longford Vaccination Centre - Clonguish GAA Club",102571.718575199
"3268","MACROOM","Longford Vaccination Centre - Clonguish GAA Club",218544.882488749
"3269","MALLOW","Longford Vaccination Centre - Clonguish GAA Club",190264.195275174
"3270","MANORHAMILTON","Longford Vaccination Centre - Clonguish GAA Club",63669.6712588852
"3271","MAYNOOTH","Longford Vaccination Centre - Clonguish GAA Club",88431.8368460928
"3272","MIDLETON","Longford Vaccination Centre - Clonguish GAA Club",205256.204706951
"3273","MILFORD","Longford Vaccination Centre - Clonguish GAA Club",149691.801469962
"3274","MOATE","Longford Vaccination Centre - Clonguish GAA Club",36861.0654690995
"3275","MONAGHAN","Longford Vaccination Centre - Clonguish GAA Club",80611.7466908033
"3276","MUINEBEAG","Longford Vaccination Centre - Clonguish GAA Club",137533.339614955
"3277","MULLINGAR","Longford Vaccination Centre - Clonguish GAA Club",43329.9613039347
"3278","NAAS","Longford Vaccination Centre - Clonguish GAA Club",101770.203201493
"3279","NAVAN","Longford Vaccination Centre - Clonguish GAA Club",75491.060416931
"3280","NENAGH","Longford Vaccination Centre - Clonguish GAA Club",87846.8870899576
"3281","NEW ROSS","Longford Vaccination Centre - Clonguish GAA Club",169633.737194431
"3282","NEWBRIDGE","Longford Vaccination Centre - Clonguish GAA Club",99207.6779410962
"3283","NEWCASTLE WEST","Longford Vaccination Centre - Clonguish GAA Club",171723.197675001
"3284","NEWPORT","Longford Vaccination Centre - Clonguish GAA Club",113763.731366625
"3285","NORTH INNER CITY","Longford Vaccination Centre - Clonguish GAA Club",114620.00860758
"3286","ONGAR","Longford Vaccination Centre - Clonguish GAA Club",101743.323654805
"3287","PALMERSTOWN-FONTHILL","Longford Vaccination Centre - Clonguish GAA Club",106420.000712349
"3288","PEMBROKE","Longford Vaccination Centre - Clonguish GAA Club",116824.293615239
"3289","PILTOWN","Longford Vaccination Centre - Clonguish GAA Club",163611.151027714
"3290","PORTLAOISE","Longford Vaccination Centre - Clonguish GAA Club",95045.1172226474
"3291","PORTLAW-KILMACTHOMAS","Longford Vaccination Centre - Clonguish GAA Club",170523.98913
"3292","RATHFARNHAM-TEMPLEOGUE","Longford Vaccination Centre - Clonguish GAA Club",113085.30478276
"3293","RATOATH","Longford Vaccination Centre - Clonguish GAA Club",90122.679325348
"3294","ROSCOMMON","Longford Vaccination Centre - Clonguish GAA Club",35367.3718619913
"3295","ROSCREA-TEMPLEMORE","Longford Vaccination Centre - Clonguish GAA Club",104348.070666518
"3296","ROSSLARE","Longford Vaccination Centre - Clonguish GAA Club",188690.921957989
"3297","RUSH-LUSK","Longford Vaccination Centre - Clonguish GAA Club",107120.131678445
"3298","SHANNON","Longford Vaccination Centre - Clonguish GAA Club",133150.299165849
"3299","SKIBBEREEN-WEST CORK","Longford Vaccination Centre - Clonguish GAA Club",250615.262920738
"3300","SLIGO-DRUMCLIFF","Longford Vaccination Centre - Clonguish GAA Club",73093.7969983943
"3301","SLIGO-STRANDHILL","Longford Vaccination Centre - Clonguish GAA Club",72308.7211571968
"3302","SOUTH EAST INNER CITY","Longford Vaccination Centre - Clonguish GAA Club",115741.382057733
"3303","SOUTH WEST INNER CITY","Longford Vaccination Centre - Clonguish GAA Club",112175.955636941
"3304","STILLORGAN","Longford Vaccination Centre - Clonguish GAA Club",120588.07066794
"3305","SWINFORD","Longford Vaccination Centre - Clonguish GAA Club",71278.1001347661
"3306","SWORDS","Longford Vaccination Centre - Clonguish GAA Club",108646.82733084
"3307","TALLAGHT CENTRAL","Longford Vaccination Centre - Clonguish GAA Club",110063.73912259
"3308","TALLAGHT SOUTH","Longford Vaccination Centre - Clonguish GAA Club",110366.208062138
"3309","THURLES","Longford Vaccination Centre - Clonguish GAA Club",121602.287138484
"3310","TRALEE","Longford Vaccination Centre - Clonguish GAA Club",209104.482968141
"3311","TRAMORE-WATERFORD CITY WEST","Longford Vaccination Centre - Clonguish GAA Club",180132.097292789
"3312","TRIM","Longford Vaccination Centre - Clonguish GAA Club",69229.781313538
"3313","TUAM","Longford Vaccination Centre - Clonguish GAA Club",74796.5039372757
"3314","TULLAMORE","Longford Vaccination Centre - Clonguish GAA Club",56594.0110113409
"3315","TULLOW","Longford Vaccination Centre - Clonguish GAA Club",132032.226241633
"3316","WATERFORD CITY EAST","Longford Vaccination Centre - Clonguish GAA Club",182070.963374042
"3317","WATERFORD CITY SOUTH","Longford Vaccination Centre - Clonguish GAA Club",179133.539052361
"3318","WESTPORT","Longford Vaccination Centre - Clonguish GAA Club",119060.303973131
"3319","WEXFORD","Longford Vaccination Centre - Clonguish GAA Club",179497.941728579
"3320","WICKLOW","Longford Vaccination Centre - Clonguish GAA Club",134735.064944687
"3321","ADARE-RATHKEALE","Dundalk Vaccination Centre - Fairways Hotel",228834.773619629
"3322","ARDEE","Dundalk Vaccination Centre - Fairways Hotel",12824.6627019305
"3323","ARKLOW","Dundalk Vaccination Centre - Fairways Hotel",121096.034058521
"3324","ARTANE-WHITEHALL","Dundalk Vaccination Centre - Fairways Hotel",65183.8250291672
"3325","ASHBOURNE","Dundalk Vaccination Centre - Fairways Hotel",43156.231616247
"3326","ATHENRY-ORANMORE","Dundalk Vaccination Centre - Fairways Hotel",174790.798828005
"3327","ATHLONE","Dundalk Vaccination Centre - Fairways Hotel",113737.833824353
"3328","ATHLONE","Dundalk Vaccination Centre - Fairways Hotel",128277.574469639
"3329","ATHY","Dundalk Vaccination Centre - Fairways Hotel",112656.242627003
"3330","BAILIEBOROUGH-COOTEHILL","Dundalk Vaccination Centre - Fairways Hotel",45902.8244070269
"3331","BALBRIGGAN","Dundalk Vaccination Centre - Fairways Hotel",46543.2131753563
"3332","BALLINA","Dundalk Vaccination Centre - Fairways Hotel",190965.728858426
"3333","BALLINAMORE","Dundalk Vaccination Centre - Fairways Hotel",94996.6149939068
"3334","BALLINASLOE","Dundalk Vaccination Centre - Fairways Hotel",145514.403170219
"3335","BALLYBAY-CLONES","Dundalk Vaccination Centre - Fairways Hotel",44967.9768062141
"3336","BALLYFERMOT-DRIMNAGH","Dundalk Vaccination Centre - Fairways Hotel",70777.2973824215
"3337","BALLYJAMESDUFF","Dundalk Vaccination Centre - Fairways Hotel",60870.3548853827
"3338","BALLYMAHON","Dundalk Vaccination Centre - Fairways Hotel",100839.36791225
"3339","BALLYMOTE-TOBERCURRY","Dundalk Vaccination Centre - Fairways Hotel",150126.121581523
"3340","BALLYMUN-FINGLAS","Dundalk Vaccination Centre - Fairways Hotel",64862.3908148179
"3341","BALTINGLASS","Dundalk Vaccination Centre - Fairways Hotel",112232.394874153
"3342","BANDON-KINSALE","Dundalk Vaccination Centre - Fairways Hotel",293827.485731312
"3343","BANTRY-WEST CORK","Dundalk Vaccination Centre - Fairways Hotel",334102.184940108
"3344","BELMULLET","Dundalk Vaccination Centre - Fairways Hotel",222299.701858048
"3345","BIRR","Dundalk Vaccination Centre - Fairways Hotel",133737.046443783
"3346","BLACKROCK","Dundalk Vaccination Centre - Fairways Hotel",76695.6588919899
"3347","BLANCHARDSTOWN-MULHUDDART","Dundalk Vaccination Centre - Fairways Hotel",61559.1383452311
"3348","BORRIS-IN-OSSORY-MOUNTMELLICK","Dundalk Vaccination Centre - Fairways Hotel",132050.191071388
"3349","BOYLE","Dundalk Vaccination Centre - Fairways Hotel",120819.479675022
"3350","BRAY EAST","Dundalk Vaccination Centre - Fairways Hotel",87952.9887697271
"3351","BRAY WEST","Dundalk Vaccination Centre - Fairways Hotel",89552.4314277461
"3352","BUNCRANA","Dundalk Vaccination Centre - Fairways Hotel",141247.29485959
"3353","CABRA-GLASNEVIN","Dundalk Vaccination Centre - Fairways Hotel",67754.0863710595
"3354","CAHIR","Dundalk Vaccination Centre - Fairways Hotel",212145.923144944
"3355","CALLAN-THOMASTOWN","Dundalk Vaccination Centre - Fairways Hotel",169861.001835732
"3356","CAPPAMORE-KILMALLOCK","Dundalk Vaccination Centre - Fairways Hotel",215956.598809736
"3357","CARLOW","Dundalk Vaccination Centre - Fairways Hotel",131127.674750051
"3358","CARNDONAGH","Dundalk Vaccination Centre - Fairways Hotel",152612.850103476
"3359","CARRICK-ON-SHANNON","Dundalk Vaccination Centre - Fairways Hotel",101452.502287333
"3360","CARRICK-ON-SUIR","Dundalk Vaccination Centre - Fairways Hotel",181188.168306082
"3361","CARRICKMACROSS-CASTLEBLAYNEY","Dundalk Vaccination Centre - Fairways Hotel",22362.5530183546
"3362","CARRIGALINE","Dundalk Vaccination Centre - Fairways Hotel",277046.755501099
"3363","CASHEL-TIPPERARY","Dundalk Vaccination Centre - Fairways Hotel",198111.320884353
"3364","CASTLEBAR","Dundalk Vaccination Centre - Fairways Hotel",192536.973935201
"3365","CASTLECOMER","Dundalk Vaccination Centre - Fairways Hotel",150419.927742289
"3366","CASTLEISLAND","Dundalk Vaccination Centre - Fairways Hotel",281184.689767345
"3367","CASTLEKNOCK","Dundalk Vaccination Centre - Fairways Hotel",66310.7701503834
"3368","CAVAN-BELTURBET","Dundalk Vaccination Centre - Fairways Hotel",83962.3806129944
"3369","CELBRIDGE","Dundalk Vaccination Centre - Fairways Hotel",72461.1042068528
"3370","CLANE","Dundalk Vaccination Centre - Fairways Hotel",78219.7571986518
"3371","CLAREMORRIS","Dundalk Vaccination Centre - Fairways Hotel",178502.115216907
"3372","CLONDALKIN","Dundalk Vaccination Centre - Fairways Hotel",75901.4120162576
"3373","CLONMEL","Dundalk Vaccination Centre - Fairways Hotel",194481.799627201
"3374","CLONTARF","Dundalk Vaccination Centre - Fairways Hotel",67926.7330632137
"3375","COBH","Dundalk Vaccination Centre - Fairways Hotel",260178.851548152
"3376","CONAMARA NORTH","Dundalk Vaccination Centre - Fairways Hotel",224208.271053411
"3377","CONAMARA SOUTH","Dundalk Vaccination Centre - Fairways Hotel",212989.00099743
"3378","CORCA DHUIBHNE","Dundalk Vaccination Centre - Fairways Hotel",318375.254689772
"3379","CORK CITY NORTH EAST","Dundalk Vaccination Centre - Fairways Hotel",265175.081852336
"3380","CORK CITY NORTH WEST","Dundalk Vaccination Centre - Fairways Hotel",270810.215547101
"3381","CORK CITY SOUTH CENTRAL","Dundalk Vaccination Centre - Fairways Hotel",272254.637228178
"3382","CORK CITY SOUTH EAST","Dundalk Vaccination Centre - Fairways Hotel",270045.624875144
"3383","CORK CITY SOUTH WEST","Dundalk Vaccination Centre - Fairways Hotel",274472.297422123
"3384","DONAGHMEDE","Dundalk Vaccination Centre - Fairways Hotel",66365.6752684718
"3385","DONEGAL","Dundalk Vaccination Centre - Fairways Hotel",140517.897898869
"3386","DROGHEDA RURAL","Dundalk Vaccination Centre - Fairways Hotel",23410.1423959064
"3387","DROGHEDA URBAN","Dundalk Vaccination Centre - Fairways Hotel",28675.7316131358
"3388","DÚN LAOGHAIRE","Dundalk Vaccination Centre - Fairways Hotel",78669.5508688224
"3389","DUNDALK-CARLINGFORD","Dundalk Vaccination Centre - Fairways Hotel",9340.24959188464
"3390","DUNDALK SOUTH","Dundalk Vaccination Centre - Fairways Hotel",5098.28892040762
"3391","DUNDRUM","Dundalk Vaccination Centre - Fairways Hotel",75961.4335902324
"3392","DUNGARVAN","Dundalk Vaccination Centre - Fairways Hotel",230115.602998662
"3393","EDENDERRY","Dundalk Vaccination Centre - Fairways Hotel",94170.592375697
"3394","ENNIS","Dundalk Vaccination Centre - Fairways Hotel",212537.844667671
"3395","ENNISCORTHY","Dundalk Vaccination Centre - Fairways Hotel",157903.098342943
"3396","ENNISTIMON","Dundalk Vaccination Centre - Fairways Hotel",214284.185645597
"3397","FERMOY","Dundalk Vaccination Centre - Fairways Hotel",239531.659747487
"3398","FIRHOUSE-BOHERNABREENA","Dundalk Vaccination Centre - Fairways Hotel",81657.7056128632
"3399","GALWAY CITY CENTRAL","Dundalk Vaccination Centre - Fairways Hotel",192576.237652673
"3400","GALWAY CITY EAST","Dundalk Vaccination Centre - Fairways Hotel",188925.589568586
"3401","GALWAY CITY WEST","Dundalk Vaccination Centre - Fairways Hotel",196091.358060689
"3402","GLENCULLEN-SANDYFORD","Dundalk Vaccination Centre - Fairways Hotel",81457.1737786288
"3403","GLENTIES","Dundalk Vaccination Centre - Fairways Hotel",161293.456338198
"3404","GOREY","Dundalk Vaccination Centre - Fairways Hotel",142145.052659608
"3405","GORT-KINVARA","Dundalk Vaccination Centre - Fairways Hotel",185366.260314301
"3406","GRAIGUECULLEN-PORTARLINGTON","Dundalk Vaccination Centre - Fairways Hotel",120542.243364977
"3407","GRANARD","Dundalk Vaccination Centre - Fairways Hotel",81477.0098300716
"3408","GREYSTONES","Dundalk Vaccination Centre - Fairways Hotel",98509.7420045901
"3409","HOWTH-MALAHIDE","Dundalk Vaccination Centre - Fairways Hotel",63431.3963226963
"3410","KANTURK","Dundalk Vaccination Centre - Fairways Hotel",261117.557835223
"3411","KELLS","Dundalk Vaccination Centre - Fairways Hotel",41171.7964628901
"3412","KENMARE","Dundalk Vaccination Centre - Fairways Hotel",326580.481190264
"3413","KILDARE","Dundalk Vaccination Centre - Fairways Hotel",95782.667542759
"3414","KILKENNY","Dundalk Vaccination Centre - Fairways Hotel",156580.696675686
"3415","KILLALOE","Dundalk Vaccination Centre - Fairways Hotel",192487.894068756
"3416","KILLARNEY","Dundalk Vaccination Centre - Fairways Hotel",296746.232718353
"3417","KILLINEY-SHANKILL","Dundalk Vaccination Centre - Fairways Hotel",83517.5086218956
"3418","KILMUCKRIDGE","Dundalk Vaccination Centre - Fairways Hotel",162391.760732383
"3419","KILRUSH","Dundalk Vaccination Centre - Fairways Hotel",242034.502398508
"3420","KIMMAGE-RATHMINES","Dundalk Vaccination Centre - Fairways Hotel",72875.7201451161
"3421","KINNEGAD","Dundalk Vaccination Centre - Fairways Hotel",68740.6946000039
"3422","LAYTOWN-BETTYSTOWN","Dundalk Vaccination Centre - Fairways Hotel",29241.1575415628
"3423","LEIXLIP","Dundalk Vaccination Centre - Fairways Hotel",66981.3287253857
"3424","LETTERKENNY","Dundalk Vaccination Centre - Fairways Hotel",142754.246907305
"3425","LIFFORD-STRANORLAR","Dundalk Vaccination Centre - Fairways Hotel",130405.028518238
"3426","LIMERICK CITY EAST","Dundalk Vaccination Centre - Fairways Hotel",205361.544353358
"3427","LIMERICK CITY NORTH","Dundalk Vaccination Centre - Fairways Hotel",208831.463482243
"3428","LIMERICK CITY WEST","Dundalk Vaccination Centre - Fairways Hotel",215093.486000773
"3429","LISMORE","Dundalk Vaccination Centre - Fairways Hotel",226696.025311314
"3430","LISTOWEL","Dundalk Vaccination Centre - Fairways Hotel",270334.0427393
"3431","LONGFORD","Dundalk Vaccination Centre - Fairways Hotel",96216.851469379
"3432","LOUGHREA","Dundalk Vaccination Centre - Fairways Hotel",162091.246519764
"3433","LUCAN","Dundalk Vaccination Centre - Fairways Hotel",69465.4457665904
"3434","MACROOM","Dundalk Vaccination Centre - Fairways Hotel",285743.473061408
"3435","MALLOW","Dundalk Vaccination Centre - Fairways Hotel",256015.856928385
"3436","MANORHAMILTON","Dundalk Vaccination Centre - Fairways Hotel",123255.762244225
"3437","MAYNOOTH","Dundalk Vaccination Centre - Fairways Hotel",69942.9860451699
"3438","MIDLETON","Dundalk Vaccination Centre - Fairways Hotel",254146.968327201
"3439","MILFORD","Dundalk Vaccination Centre - Fairways Hotel",154142.539061745
"3440","MOATE","Dundalk Vaccination Centre - Fairways Hotel",94237.4063576402
"3441","MONAGHAN","Dundalk Vaccination Centre - Fairways Hotel",52111.5283873276
"3442","MUINEBEAG","Dundalk Vaccination Centre - Fairways Hotel",150130.45959009
"3443","MULLINGAR","Dundalk Vaccination Centre - Fairways Hotel",78777.629605875
"3444","NAAS","Dundalk Vaccination Centre - Fairways Hotel",84971.1793150649
"3445","NAVAN","Dundalk Vaccination Centre - Fairways Hotel",42038.0952829629
"3446","NENAGH","Dundalk Vaccination Centre - Fairways Hotel",158089.357829964
"3447","NEW ROSS","Dundalk Vaccination Centre - Fairways Hotel",180839.109844561
"3448","NEWBRIDGE","Dundalk Vaccination Centre - Fairways Hotel",92921.3634687168
"3449","NEWCASTLE WEST","Dundalk Vaccination Centre - Fairways Hotel",249656.965616275
"3450","NEWPORT","Dundalk Vaccination Centre - Fairways Hotel",182331.026836427
"3451","NORTH INNER CITY","Dundalk Vaccination Centre - Fairways Hotel",69386.8389622387
"3452","ONGAR","Dundalk Vaccination Centre - Fairways Hotel",64167.5169335008
"3453","PALMERSTOWN-FONTHILL","Dundalk Vaccination Centre - Fairways Hotel",69238.9215519603
"3454","PEMBROKE","Dundalk Vaccination Centre - Fairways Hotel",72835.8168617941
"3455","PILTOWN","Dundalk Vaccination Centre - Fairways Hotel",187616.654589799
"3456","PORTLAOISE","Dundalk Vaccination Centre - Fairways Hotel",126859.32906391
"3457","PORTLAW-KILMACTHOMAS","Dundalk Vaccination Centre - Fairways Hotel",205110.532230119
"3458","RATHFARNHAM-TEMPLEOGUE","Dundalk Vaccination Centre - Fairways Hotel",74820.6730730849
"3459","RATOATH","Dundalk Vaccination Centre - Fairways Hotel",56708.0413782526
"3460","ROSCOMMON","Dundalk Vaccination Centre - Fairways Hotel",132644.986337929
"3461","ROSCREA-TEMPLEMORE","Dundalk Vaccination Centre - Fairways Hotel",159910.583825964
"3462","ROSSLARE","Dundalk Vaccination Centre - Fairways Hotel",191573.011582821
"3463","RUSH-LUSK","Dundalk Vaccination Centre - Fairways Hotel",48879.9396190904
"3464","SHANNON","Dundalk Vaccination Centre - Fairways Hotel",212159.382732358
"3465","SKIBBEREEN-WEST CORK","Dundalk Vaccination Centre - Fairways Hotel",315926.906943316
"3466","SLIGO-DRUMCLIFF","Dundalk Vaccination Centre - Fairways Hotel",140916.480176738
"3467","SLIGO-STRANDHILL","Dundalk Vaccination Centre - Fairways Hotel",143931.07154845
"3468","SOUTH EAST INNER CITY","Dundalk Vaccination Centre - Fairways Hotel",70952.0001079859
"3469","SOUTH WEST INNER CITY","Dundalk Vaccination Centre - Fairways Hotel",70438.3616970184
"3470","STILLORGAN","Dundalk Vaccination Centre - Fairways Hotel",77316.0510319718
"3471","SWINFORD","Dundalk Vaccination Centre - Fairways Hotel",163907.564726338
"3472","SWORDS","Dundalk Vaccination Centre - Fairways Hotel",56846.5466264929
"3473","TALLAGHT CENTRAL","Dundalk Vaccination Centre - Fairways Hotel",74876.6502879541
"3474","TALLAGHT SOUTH","Dundalk Vaccination Centre - Fairways Hotel",79498.0643473088
"3475","THURLES","Dundalk Vaccination Centre - Fairways Hotel",172626.594217696
"3476","TRALEE","Dundalk Vaccination Centre - Fairways Hotel",292735.31471873
"3477","TRAMORE-WATERFORD CITY WEST","Dundalk Vaccination Centre - Fairways Hotel",204493.976137245
"3478","TRIM","Dundalk Vaccination Centre - Fairways Hotel",61763.5513366836
"3479","TUAM","Dundalk Vaccination Centre - Fairways Hotel",171986.730262413
"3480","TULLAMORE","Dundalk Vaccination Centre - Fairways Hotel",109404.579773108
"3481","TULLOW","Dundalk Vaccination Centre - Fairways Hotel",133774.627140502
"3482","WATERFORD CITY EAST","Dundalk Vaccination Centre - Fairways Hotel",201497.657026119
"3483","WATERFORD CITY SOUTH","Dundalk Vaccination Centre - Fairways Hotel",201510.640152536
"3484","WESTPORT","Dundalk Vaccination Centre - Fairways Hotel",214961.963316047
"3485","WEXFORD","Dundalk Vaccination Centre - Fairways Hotel",178975.696221333
"3486","WICKLOW","Dundalk Vaccination Centre - Fairways Hotel",104812.709757485
"3487","ADARE-RATHKEALE","Breaffy House Resort Vaccination Centre",144931.673885627
"3488","ARDEE","Breaffy House Resort Vaccination Centre",181397.560746146
"3489","ARKLOW","Breaffy House Resort Vaccination Centre",224488.120783746
"3490","ARTANE-WHITEHALL","Breaffy House Resort Vaccination Centre",205678.818869415
"3491","ASHBOURNE","Breaffy House Resort Vaccination Centre",185232.548467213
"3492","ATHENRY-ORANMORE","Breaffy House Resort Vaccination Centre",62639.2438387487
"3493","ATHLONE","Breaffy House Resort Vaccination Centre",100814.540786916
"3494","ATHLONE","Breaffy House Resort Vaccination Centre",84379.0047222737
"3495","ATHY","Breaffy House Resort Vaccination Centre",182050.957434046
"3496","BAILIEBOROUGH-COOTEHILL","Breaffy House Resort Vaccination Centre",141958.690908439
"3497","BALBRIGGAN","Breaffy House Resort Vaccination Centre",205091.292276544
"3498","BALLINA","Breaffy House Resort Vaccination Centre",33567.9768637187
"3499","BALLINAMORE","Breaffy House Resort Vaccination Centre",94402.9700133295
"3500","BALLINASLOE","Breaffy House Resort Vaccination Centre",69669.8633360053
"3501","BALLYBAY-CLONES","Breaffy House Resort Vaccination Centre",148958.529827919
"3502","BALLYFERMOT-DRIMNAGH","Breaffy House Resort Vaccination Centre",199613.062876647
"3503","BALLYJAMESDUFF","Breaffy House Resort Vaccination Centre",127421.381511908
"3504","BALLYMAHON","Breaffy House Resort Vaccination Centre",97671.7742908767
"3505","BALLYMOTE-TOBERCURRY","Breaffy House Resort Vaccination Centre",47761.3942946256
"3506","BALLYMUN-FINGLAS","Breaffy House Resort Vaccination Centre",201460.586746148
"3507","BALTINGLASS","Breaffy House Resort Vaccination Centre",204093.216225758
"3508","BANDON-KINSALE","Breaffy House Resort Vaccination Centre",239457.704652669
"3509","BANTRY-WEST CORK","Breaffy House Resort Vaccination Centre",244269.07832515
"3510","BELMULLET","Breaffy House Resort Vaccination Centre",45439.5818187964
"3511","BIRR","Breaffy House Resort Vaccination Centre",121647.35008978
"3512","BLACKROCK","Breaffy House Resort Vaccination Centre",211407.892173497
"3513","BLANCHARDSTOWN-MULHUDDART","Breaffy House Resort Vaccination Centre",197115.920803334
"3514","BORRIS-IN-OSSORY-MOUNTMELLICK","Breaffy House Resort Vaccination Centre",148690.197927797
"3515","BOYLE","Breaffy House Resort Vaccination Centre",66783.7406338617
"3516","BRAY EAST","Breaffy House Resort Vaccination Centre",219707.32411622
"3517","BRAY WEST","Breaffy House Resort Vaccination Centre",213951.769493998
"3518","BUNCRANA","Breaffy House Resort Vaccination Centre",183128.783919018
"3519","CABRA-GLASNEVIN","Breaffy House Resort Vaccination Centre",201246.553749877
"3520","CAHIR","Breaffy House Resort Vaccination Centre",190327.423556788
"3521","CALLAN-THOMASTOWN","Breaffy House Resort Vaccination Centre",201281.270964859
"3522","CAPPAMORE-KILMALLOCK","Breaffy House Resort Vaccination Centre",162627.375143336
"3523","CARLOW","Breaffy House Resort Vaccination Centre",192539.435630587
"3524","CARNDONAGH","Breaffy House Resort Vaccination Centre",203207.331500039
"3525","CARRICK-ON-SHANNON","Breaffy House Resort Vaccination Centre",86174.4572899169
"3526","CARRICK-ON-SUIR","Breaffy House Resort Vaccination Centre",183903.310828242
"3527","CARRICKMACROSS-CASTLEBLAYNEY","Breaffy House Resort Vaccination Centre",167074.714317568
"3528","CARRIGALINE","Breaffy House Resort Vaccination Centre",233626.209769589
"3529","CASHEL-TIPPERARY","Breaffy House Resort Vaccination Centre",166719.426680994
"3530","CASTLEBAR","Breaffy House Resort Vaccination Centre",5608.43031506536
"3531","CASTLECOMER","Breaffy House Resort Vaccination Centre",178142.852653604
"3532","CASTLEISLAND","Breaffy House Resort Vaccination Centre",180330.561307958
"3533","CASTLEKNOCK","Breaffy House Resort Vaccination Centre",194521.616811351
"3534","CAVAN-BELTURBET","Breaffy House Resort Vaccination Centre",108493.355720975
"3535","CELBRIDGE","Breaffy House Resort Vaccination Centre",187087.48883203
"3536","CLANE","Breaffy House Resort Vaccination Centre",165850.234639036
"3537","CLAREMORRIS","Breaffy House Resort Vaccination Centre",23340.8108775988
"3538","CLONDALKIN","Breaffy House Resort Vaccination Centre",193642.661422494
"3539","CLONMEL","Breaffy House Resort Vaccination Centre",190615.655191851
"3540","CLONTARF","Breaffy House Resort Vaccination Centre",207599.306236341
"3541","COBH","Breaffy House Resort Vaccination Centre",217233.816386275
"3542","CONAMARA NORTH","Breaffy House Resort Vaccination Centre",51091.0647189635
"3543","CONAMARA SOUTH","Breaffy House Resort Vaccination Centre",63569.5059527722
"3544","CORCA DHUIBHNE","Breaffy House Resort Vaccination Centre",193787.756709147
"3545","CORK CITY NORTH EAST","Breaffy House Resort Vaccination Centre",219993.066507703
"3546","CORK CITY NORTH WEST","Breaffy House Resort Vaccination Centre",219138.300446658
"3547","CORK CITY SOUTH CENTRAL","Breaffy House Resort Vaccination Centre",225797.674743946
"3548","CORK CITY SOUTH EAST","Breaffy House Resort Vaccination Centre",226417.641942247
"3549","CORK CITY SOUTH WEST","Breaffy House Resort Vaccination Centre",224464.164629106
"3550","DONAGHMEDE","Breaffy House Resort Vaccination Centre",209615.91479413
"3551","DONEGAL","Breaffy House Resort Vaccination Centre",110752.164071609
"3552","DROGHEDA RURAL","Breaffy House Resort Vaccination Centre",190865.964365621
"3553","DROGHEDA URBAN","Breaffy House Resort Vaccination Centre",190810.997413681
"3554","DÚN LAOGHAIRE","Breaffy House Resort Vaccination Centre",215024.616073822
"3555","DUNDALK-CARLINGFORD","Breaffy House Resort Vaccination Centre",193758.114002426
"3556","DUNDALK SOUTH","Breaffy House Resort Vaccination Centre",182897.881925109
"3557","DUNDRUM","Breaffy House Resort Vaccination Centre",206971.792413137
"3558","DUNGARVAN","Breaffy House Resort Vaccination Centre",224089.082411612
"3559","EDENDERRY","Breaffy House Resort Vaccination Centre",148334.858426157
"3560","ENNIS","Breaffy House Resort Vaccination Centre",112231.672795882
"3561","ENNISCORTHY","Breaffy House Resort Vaccination Centre",226074.325215976
"3562","ENNISTIMON","Breaffy House Resort Vaccination Centre",94810.6699148523
"3563","FERMOY","Breaffy House Resort Vaccination Centre",196969.338659047
"3564","FIRHOUSE-BOHERNABREENA","Breaffy House Resort Vaccination Centre",203961.932657563
"3565","GALWAY CITY CENTRAL","Breaffy House Resort Vaccination Centre",62776.2093918509
"3566","GALWAY CITY EAST","Breaffy House Resort Vaccination Centre",64314.0832417103
"3567","GALWAY CITY WEST","Breaffy House Resort Vaccination Centre",64871.4570218196
"3568","GLENCULLEN-SANDYFORD","Breaffy House Resort Vaccination Centre",209665.96033081
"3569","GLENTIES","Breaffy House Resort Vaccination Centre",139385.236452437
"3570","GOREY","Breaffy House Resort Vaccination Centre",231910.823536388
"3571","GORT-KINVARA","Breaffy House Resort Vaccination Centre",85222.874347352
"3572","GRAIGUECULLEN-PORTARLINGTON","Breaffy House Resort Vaccination Centre",171746.498829635
"3573","GRANARD","Breaffy House Resort Vaccination Centre",108103.875058048
"3574","GREYSTONES","Breaffy House Resort Vaccination Centre",225144.792444285
"3575","HOWTH-MALAHIDE","Breaffy House Resort Vaccination Centre",209370.376373982
"3576","KANTURK","Breaffy House Resort Vaccination Centre",181814.121976068
"3577","KELLS","Breaffy House Resort Vaccination Centre",154484.343483801
"3578","KENMARE","Breaffy House Resort Vaccination Centre",219091.308167753
"3579","KILDARE","Breaffy House Resort Vaccination Centre",169120.315050556
"3580","KILKENNY","Breaffy House Resort Vaccination Centre",185628.360642581
"3581","KILLALOE","Breaffy House Resort Vaccination Centre",114080.790085526
"3582","KILLARNEY","Breaffy House Resort Vaccination Centre",201569.280101331
"3583","KILLINEY-SHANKILL","Breaffy House Resort Vaccination Centre",216004.443364117
"3584","KILMUCKRIDGE","Breaffy House Resort Vaccination Centre",241486.449480041
"3585","KILRUSH","Breaffy House Resort Vaccination Centre",126927.543154068
"3586","KIMMAGE-RATHMINES","Breaffy House Resort Vaccination Centre",203882.422368582
"3587","KINNEGAD","Breaffy House Resort Vaccination Centre",135087.613885929
"3588","LAYTOWN-BETTYSTOWN","Breaffy House Resort Vaccination Centre",182538.897868052
"3589","LEIXLIP","Breaffy House Resort Vaccination Centre",188762.164832248
"3590","LETTERKENNY","Breaffy House Resort Vaccination Centre",154190.230577895
"3591","LIFFORD-STRANORLAR","Breaffy House Resort Vaccination Centre",145452.559560728
"3592","LIMERICK CITY EAST","Breaffy House Resort Vaccination Centre",140628.701777226
"3593","LIMERICK CITY NORTH","Breaffy House Resort Vaccination Centre",136359.57496854
"3594","LIMERICK CITY WEST","Breaffy House Resort Vaccination Centre",139450.822290164
"3595","LISMORE","Breaffy House Resort Vaccination Centre",209497.278485082
"3596","LISTOWEL","Breaffy House Resort Vaccination Centre",155961.891706889
"3597","LONGFORD","Breaffy House Resort Vaccination Centre",94978.9851567872
"3598","LOUGHREA","Breaffy House Resort Vaccination Centre",94108.7776703802
"3599","LUCAN","Breaffy House Resort Vaccination Centre",192487.582828927
"3600","MACROOM","Breaffy House Resort Vaccination Centre",214504.45880221
"3601","MALLOW","Breaffy House Resort Vaccination Centre",193246.051864773
"3602","MANORHAMILTON","Breaffy House Resort Vaccination Centre",84925.4181666084
"3603","MAYNOOTH","Breaffy House Resort Vaccination Centre",177558.286348405
"3604","MIDLETON","Breaffy House Resort Vaccination Centre",227099.724280479
"3605","MILFORD","Breaffy House Resort Vaccination Centre",170828.932569187
"3606","MOATE","Breaffy House Resort Vaccination Centre",118540.702718093
"3607","MONAGHAN","Breaffy House Resort Vaccination Centre",155906.674926051
"3608","MUINEBEAG","Breaffy House Resort Vaccination Centre",203487.209193967
"3609","MULLINGAR","Breaffy House Resort Vaccination Centre",131742.583726198
"3610","NAAS","Breaffy House Resort Vaccination Centre",188009.87648156
"3611","NAVAN","Breaffy House Resort Vaccination Centre",168404.773851376
"3612","NENAGH","Breaffy House Resort Vaccination Centre",120035.728990904
"3613","NEW ROSS","Breaffy House Resort Vaccination Centre",230441.072644211
"3614","NEWBRIDGE","Breaffy House Resort Vaccination Centre",182673.799168208
"3615","NEWCASTLE WEST","Breaffy House Resort Vaccination Centre",158427.107234271
"3616","NEWPORT","Breaffy House Resort Vaccination Centre",135158.002641651
"3617","NORTH INNER CITY","Breaffy House Resort Vaccination Centre",205377.450229016
"3618","ONGAR","Breaffy House Resort Vaccination Centre",192517.969635327
"3619","PALMERSTOWN-FONTHILL","Breaffy House Resort Vaccination Centre",196622.802017266
"3620","PEMBROKE","Breaffy House Resort Vaccination Centre",207193.771741788
"3621","PILTOWN","Breaffy House Resort Vaccination Centre",216390.589563407
"3622","PORTLAOISE","Breaffy House Resort Vaccination Centre",160918.094066136
"3623","PORTLAW-KILMACTHOMAS","Breaffy House Resort Vaccination Centre",213156.044251471
"3624","RATHFARNHAM-TEMPLEOGUE","Breaffy House Resort Vaccination Centre",202777.157799031
"3625","RATOATH","Breaffy House Resort Vaccination Centre",181608.664833674
"3626","ROSCOMMON","Breaffy House Resort Vaccination Centre",58990.2139101191
"3627","ROSCREA-TEMPLEMORE","Breaffy House Resort Vaccination Centre",146106.07672966
"3628","ROSSLARE","Breaffy House Resort Vaccination Centre",252034.341039657
"3629","RUSH-LUSK","Breaffy House Resort Vaccination Centre",199760.299264644
"3630","SHANNON","Breaffy House Resort Vaccination Centre",129040.049536359
"3631","SKIBBEREEN-WEST CORK","Breaffy House Resort Vaccination Centre",245052.247019835
"3632","SLIGO-DRUMCLIFF","Breaffy House Resort Vaccination Centre",71667.5898217846
"3633","SLIGO-STRANDHILL","Breaffy House Resort Vaccination Centre",65871.2306858038
"3634","SOUTH EAST INNER CITY","Breaffy House Resort Vaccination Centre",206335.31187174
"3635","SOUTH WEST INNER CITY","Breaffy House Resort Vaccination Centre",202580.30120108
"3636","STILLORGAN","Breaffy House Resort Vaccination Centre",210506.024179242
"3637","SWINFORD","Breaffy House Resort Vaccination Centre",24442.710000032
"3638","SWORDS","Breaffy House Resort Vaccination Centre",200681.266657182
"3639","TALLAGHT CENTRAL","Breaffy House Resort Vaccination Centre",199486.564264342
"3640","TALLAGHT SOUTH","Breaffy House Resort Vaccination Centre",198838.462329871
"3641","THURLES","Breaffy House Resort Vaccination Centre",161426.167868525
"3642","TRALEE","Breaffy House Resort Vaccination Centre",177114.024265395
"3643","TRAMORE-WATERFORD CITY WEST","Breaffy House Resort Vaccination Centre",229614.769803739
"3644","TRIM","Breaffy House Resort Vaccination Centre",160076.4553124
"3645","TUAM","Breaffy House Resort Vaccination Centre",43058.6037089026
"3646","TULLAMORE","Breaffy House Resort Vaccination Centre",126982.139152346
"3647","TULLOW","Breaffy House Resort Vaccination Centre",205138.233712668
"3648","WATERFORD CITY EAST","Breaffy House Resort Vaccination Centre",235050.734239624
"3649","WATERFORD CITY SOUTH","Breaffy House Resort Vaccination Centre",230347.240315512
"3650","WESTPORT","Breaffy House Resort Vaccination Centre",28324.6111473113
"3651","WEXFORD","Breaffy House Resort Vaccination Centre",246110.329749638
"3652","WICKLOW","Breaffy House Resort Vaccination Centre",219989.951611847
"3653","ADARE-RATHKEALE","Navan Vaccination Centre - Simonstown GAA Club",192317.449463139
"3654","ARDEE","Navan Vaccination Centre - Simonstown GAA Club",25781.2848234535
"3655","ARKLOW","Navan Vaccination Centre - Simonstown GAA Club",91833.3936571253
"3656","ARTANE-WHITEHALL","Navan Vaccination Centre - Simonstown GAA Club",43627.2004190857
"3657","ASHBOURNE","Navan Vaccination Centre - Simonstown GAA Club",17474.4856438388
"3658","ATHENRY-ORANMORE","Navan Vaccination Centre - Simonstown GAA Club",145784.001864696
"3659","ATHLONE","Navan Vaccination Centre - Simonstown GAA Club",82249.9114268915
"3660","ATHLONE","Navan Vaccination Centre - Simonstown GAA Club",98718.9915980269
"3661","ATHY","Navan Vaccination Centre - Simonstown GAA Club",75611.4164744293
"3662","BAILIEBOROUGH-COOTEHILL","Navan Vaccination Centre - Simonstown GAA Club",43757.972322055
"3663","BALBRIGGAN","Navan Vaccination Centre - Simonstown GAA Club",36190.033290729
"3664","BALLINA","Navan Vaccination Centre - Simonstown GAA Club",179115.870148512
"3665","BALLINAMORE","Navan Vaccination Centre - Simonstown GAA Club",85609.9816677635
"3666","BALLINASLOE","Navan Vaccination Centre - Simonstown GAA Club",117047.427669385
"3667","BALLYBAY-CLONES","Navan Vaccination Centre - Simonstown GAA Club",55794.5567560605
"3668","BALLYFERMOT-DRIMNAGH","Navan Vaccination Centre - Simonstown GAA Club",43699.1076724611
"3669","BALLYJAMESDUFF","Navan Vaccination Centre - Simonstown GAA Club",46152.0437498836
"3670","BALLYMAHON","Navan Vaccination Centre - Simonstown GAA Club",74118.0137325813
"3671","BALLYMOTE-TOBERCURRY","Navan Vaccination Centre - Simonstown GAA Club",139313.566287328
"3672","BALLYMUN-FINGLAS","Navan Vaccination Centre - Simonstown GAA Club",40836.3466014664
"3673","BALTINGLASS","Navan Vaccination Centre - Simonstown GAA Club",79065.739387197
"3674","BANDON-KINSALE","Navan Vaccination Centre - Simonstown GAA Club",255273.517500654
"3675","BANTRY-WEST CORK","Navan Vaccination Centre - Simonstown GAA Club",296239.877817799
"3676","BELMULLET","Navan Vaccination Centre - Simonstown GAA Club",208696.773247727
"3677","BIRR","Navan Vaccination Centre - Simonstown GAA Club",97260.4833565955
"3678","BLACKROCK","Navan Vaccination Centre - Simonstown GAA Club",53790.250449884
"3679","BLANCHARDSTOWN-MULHUDDART","Navan Vaccination Centre - Simonstown GAA Club",36162.9163402973
"3680","BORRIS-IN-OSSORY-MOUNTMELLICK","Navan Vaccination Centre - Simonstown GAA Club",93630.7880883297
"3681","BOYLE","Navan Vaccination Centre - Simonstown GAA Club",104513.323825848
"3682","BRAY EAST","Navan Vaccination Centre - Simonstown GAA Club",65233.2178040744
"3683","BRAY WEST","Navan Vaccination Centre - Simonstown GAA Club",63735.7019294135
"3684","BUNCRANA","Navan Vaccination Centre - Simonstown GAA Club",165127.428823999
"3685","CABRA-GLASNEVIN","Navan Vaccination Centre - Simonstown GAA Club",42527.6202929361
"3686","CAHIR","Navan Vaccination Centre - Simonstown GAA Club",173565.446918618
"3687","CALLAN-THOMASTOWN","Navan Vaccination Centre - Simonstown GAA Club",132358.378542947
"3688","CAPPAMORE-KILMALLOCK","Navan Vaccination Centre - Simonstown GAA Club",178018.596164549
"3689","CARLOW","Navan Vaccination Centre - Simonstown GAA Club",94509.573892669
"3690","CARNDONAGH","Navan Vaccination Centre - Simonstown GAA Club",179378.445819661
"3691","CARRICK-ON-SHANNON","Navan Vaccination Centre - Simonstown GAA Club",86851.4823743039
"3692","CARRICK-ON-SUIR","Navan Vaccination Centre - Simonstown GAA Club",142694.701767574
"3693","CARRICKMACROSS-CASTLEBLAYNEY","Navan Vaccination Centre - Simonstown GAA Club",40500.8038661209
"3694","CARRIGALINE","Navan Vaccination Centre - Simonstown GAA Club",238466.339700077
"3695","CASHEL-TIPPERARY","Navan Vaccination Centre - Simonstown GAA Club",159731.425943654
"3696","CASTLEBAR","Navan Vaccination Centre - Simonstown GAA Club",173669.24479723
"3697","CASTLECOMER","Navan Vaccination Centre - Simonstown GAA Club",112132.048170483
"3698","CASTLEISLAND","Navan Vaccination Centre - Simonstown GAA Club",244586.678151797
"3699","CASTLEKNOCK","Navan Vaccination Centre - Simonstown GAA Club",37890.710288847
"3700","CAVAN-BELTURBET","Navan Vaccination Centre - Simonstown GAA Club",80228.1409925523
"3701","CELBRIDGE","Navan Vaccination Centre - Simonstown GAA Club",39465.4448366489
"3702","CLANE","Navan Vaccination Centre - Simonstown GAA Club",39995.2097068103
"3703","CLAREMORRIS","Navan Vaccination Centre - Simonstown GAA Club",156312.300620634
"3704","CLONDALKIN","Navan Vaccination Centre - Simonstown GAA Club",44885.8843338127
"3705","CLONMEL","Navan Vaccination Centre - Simonstown GAA Club",155988.120416598
"3706","CLONTARF","Navan Vaccination Centre - Simonstown GAA Club",46354.6202845723
"3707","COBH","Navan Vaccination Centre - Simonstown GAA Club",221607.656286197
"3708","CONAMARA NORTH","Navan Vaccination Centre - Simonstown GAA Club",199573.822360313
"3709","CONAMARA SOUTH","Navan Vaccination Centre - Simonstown GAA Club",184912.450567542
"3710","CORCA DHUIBHNE","Navan Vaccination Centre - Simonstown GAA Club",283073.284333122
"3711","CORK CITY NORTH EAST","Navan Vaccination Centre - Simonstown GAA Club",226608.183624434
"3712","CORK CITY NORTH WEST","Navan Vaccination Centre - Simonstown GAA Club",232288.283255701
"3713","CORK CITY SOUTH CENTRAL","Navan Vaccination Centre - Simonstown GAA Club",233683.919546641
"3714","CORK CITY SOUTH EAST","Navan Vaccination Centre - Simonstown GAA Club",231466.86279002
"3715","CORK CITY SOUTH WEST","Navan Vaccination Centre - Simonstown GAA Club",235922.170071874
"3716","DONAGHMEDE","Navan Vaccination Centre - Simonstown GAA Club",46774.4432315523
"3717","DONEGAL","Navan Vaccination Centre - Simonstown GAA Club",147235.001583792
"3718","DROGHEDA RURAL","Navan Vaccination Centre - Simonstown GAA Club",24799.9834619905
"3719","DROGHEDA URBAN","Navan Vaccination Centre - Simonstown GAA Club",22670.6478083177
"3720","DÚN LAOGHAIRE","Navan Vaccination Centre - Simonstown GAA Club",56952.7127162055
"3721","DUNDALK-CARLINGFORD","Navan Vaccination Centre - Simonstown GAA Club",47871.8021833914
"3722","DUNDALK SOUTH","Navan Vaccination Centre - Simonstown GAA Club",37914.8572135193
"3723","DUNDRUM","Navan Vaccination Centre - Simonstown GAA Club",51003.952422755
"3724","DUNGARVAN","Navan Vaccination Centre - Simonstown GAA Club",191937.924361626
"3725","EDENDERRY","Navan Vaccination Centre - Simonstown GAA Club",55839.6069073045
"3726","ENNIS","Navan Vaccination Centre - Simonstown GAA Club",178175.337030763
"3727","ENNISCORTHY","Navan Vaccination Centre - Simonstown GAA Club",123965.432580487
"3728","ENNISTIMON","Navan Vaccination Centre - Simonstown GAA Club",181958.670556082
"3729","FERMOY","Navan Vaccination Centre - Simonstown GAA Club",201019.518731843
"3730","FIRHOUSE-BOHERNABREENA","Navan Vaccination Centre - Simonstown GAA Club",53664.1288704761
"3731","GALWAY CITY CENTRAL","Navan Vaccination Centre - Simonstown GAA Club",163628.601801932
"3732","GALWAY CITY EAST","Navan Vaccination Centre - Simonstown GAA Club",159673.237352229
"3733","GALWAY CITY WEST","Navan Vaccination Centre - Simonstown GAA Club",166939.071931573
"3734","GLENCULLEN-SANDYFORD","Navan Vaccination Centre - Simonstown GAA Club",56079.4245858527
"3735","GLENTIES","Navan Vaccination Centre - Simonstown GAA Club",173912.470217573
"3736","GOREY","Navan Vaccination Centre - Simonstown GAA Club",111267.359831863
"3737","GORT-KINVARA","Navan Vaccination Centre - Simonstown GAA Club",153162.303945591
"3738","GRAIGUECULLEN-PORTARLINGTON","Navan Vaccination Centre - Simonstown GAA Club",82389.9281825997
"3739","GRANARD","Navan Vaccination Centre - Simonstown GAA Club",61854.2704584895
"3740","GREYSTONES","Navan Vaccination Centre - Simonstown GAA Club",74836.4258058174
"3741","HOWTH-MALAHIDE","Navan Vaccination Centre - Simonstown GAA Club",45159.3230690655
"3742","KANTURK","Navan Vaccination Centre - Simonstown GAA Club",223564.608969649
"3743","KELLS","Navan Vaccination Centre - Simonstown GAA Club",16676.9487835433
"3744","KENMARE","Navan Vaccination Centre - Simonstown GAA Club",289766.009608091
"3745","KILDARE","Navan Vaccination Centre - Simonstown GAA Club",57766.2409481722
"3746","KILKENNY","Navan Vaccination Centre - Simonstown GAA Club",118517.716510957
"3747","KILLALOE","Navan Vaccination Centre - Simonstown GAA Club",157221.932876657
"3748","KILLARNEY","Navan Vaccination Centre - Simonstown GAA Club",259532.854000474
"3749","KILLINEY-SHANKILL","Navan Vaccination Centre - Simonstown GAA Club",60527.0531526783
"3750","KILMUCKRIDGE","Navan Vaccination Centre - Simonstown GAA Club",130652.980260147
"3751","KILRUSH","Navan Vaccination Centre - Simonstown GAA Club",207763.414533953
"3752","KIMMAGE-RATHMINES","Navan Vaccination Centre - Simonstown GAA Club",47340.9461460962
"3753","KINNEGAD","Navan Vaccination Centre - Simonstown GAA Club",36760.6353028161
"3754","LAYTOWN-BETTYSTOWN","Navan Vaccination Centre - Simonstown GAA Club",14590.14403255
"3755","LEIXLIP","Navan Vaccination Centre - Simonstown GAA Club",35582.9234736036
"3756","LETTERKENNY","Navan Vaccination Centre - Simonstown GAA Club",160090.650620929
"3757","LIFFORD-STRANORLAR","Navan Vaccination Centre - Simonstown GAA Club",146413.549194799
"3758","LIMERICK CITY EAST","Navan Vaccination Centre - Simonstown GAA Club",168338.41156092
"3759","LIMERICK CITY NORTH","Navan Vaccination Centre - Simonstown GAA Club",172210.171445663
"3760","LIMERICK CITY WEST","Navan Vaccination Centre - Simonstown GAA Club",178458.877589361
"3761","LISMORE","Navan Vaccination Centre - Simonstown GAA Club",188201.876309648
"3762","LISTOWEL","Navan Vaccination Centre - Simonstown GAA Club",235076.60016313
"3763","LONGFORD","Navan Vaccination Centre - Simonstown GAA Club",74342.6782708982
"3764","LOUGHREA","Navan Vaccination Centre - Simonstown GAA Club",128634.40063202
"3765","LUCAN","Navan Vaccination Centre - Simonstown GAA Club",39260.6236295555
"3766","MACROOM","Navan Vaccination Centre - Simonstown GAA Club",247567.422902312
"3767","MALLOW","Navan Vaccination Centre - Simonstown GAA Club",217841.602629246
"3768","MANORHAMILTON","Navan Vaccination Centre - Simonstown GAA Club",120844.464781665
"3769","MAYNOOTH","Navan Vaccination Centre - Simonstown GAA Club",34021.0336132055
"3770","MIDLETON","Navan Vaccination Centre - Simonstown GAA Club",215639.814947684
"3771","MILFORD","Navan Vaccination Centre - Simonstown GAA Club",174215.891063685
"3772","MOATE","Navan Vaccination Centre - Simonstown GAA Club",61256.0567170976
"3773","MONAGHAN","Navan Vaccination Centre - Simonstown GAA Club",71137.5370949633
"3774","MUINEBEAG","Navan Vaccination Centre - Simonstown GAA Club",113737.547056116
"3775","MULLINGAR","Navan Vaccination Centre - Simonstown GAA Club",44863.1391060166
"3776","NAAS","Navan Vaccination Centre - Simonstown GAA Club",50792.5962257246
"3777","NAVAN","Navan Vaccination Centre - Simonstown GAA Club",3480.53079885153
"3778","NENAGH","Navan Vaccination Centre - Simonstown GAA Club",121691.051828691
"3779","NEW ROSS","Navan Vaccination Centre - Simonstown GAA Club",145488.249437963
"3780","NEWBRIDGE","Navan Vaccination Centre - Simonstown GAA Club",56888.2778282937
"3781","NEWCASTLE WEST","Navan Vaccination Centre - Simonstown GAA Club",213064.54664667
"3782","NEWPORT","Navan Vaccination Centre - Simonstown GAA Club",145105.944308048
"3783","NORTH INNER CITY","Navan Vaccination Centre - Simonstown GAA Club",45903.8346479108
"3784","ONGAR","Navan Vaccination Centre - Simonstown GAA Club",35281.0394128222
"3785","PALMERSTOWN-FONTHILL","Navan Vaccination Centre - Simonstown GAA Club",41086.298288858
"3786","PEMBROKE","Navan Vaccination Centre - Simonstown GAA Club",49077.0354880252
"3787","PILTOWN","Navan Vaccination Centre - Simonstown GAA Club",150484.34713618
"3788","PORTLAOISE","Navan Vaccination Centre - Simonstown GAA Club",88294.8435711874
"3789","PORTLAW-KILMACTHOMAS","Navan Vaccination Centre - Simonstown GAA Club",167139.213063912
"3790","RATHFARNHAM-TEMPLEOGUE","Navan Vaccination Centre - Simonstown GAA Club",48128.6178147374
"3791","RATOATH","Navan Vaccination Centre - Simonstown GAA Club",23725.8684169993
"3792","ROSCOMMON","Navan Vaccination Centre - Simonstown GAA Club",110965.884927901
"3793","ROSCREA-TEMPLEMORE","Navan Vaccination Centre - Simonstown GAA Club",121758.511438069
"3794","ROSSLARE","Navan Vaccination Centre - Simonstown GAA Club",158145.637183955
"3795","RUSH-LUSK","Navan Vaccination Centre - Simonstown GAA Club",32035.2644607506
"3796","SHANNON","Navan Vaccination Centre - Simonstown GAA Club",176223.828035896
"3797","SKIBBEREEN-WEST CORK","Navan Vaccination Centre - Simonstown GAA Club",277555.651915046
"3798","SLIGO-DRUMCLIFF","Navan Vaccination Centre - Simonstown GAA Club",136559.579285583
"3799","SLIGO-STRANDHILL","Navan Vaccination Centre - Simonstown GAA Club",138120.233184641
"3800","SOUTH EAST INNER CITY","Navan Vaccination Centre - Simonstown GAA Club",47416.7076693069
"3801","SOUTH WEST INNER CITY","Navan Vaccination Centre - Simonstown GAA Club",45021.8089978246
"3802","STILLORGAN","Navan Vaccination Centre - Simonstown GAA Club",53712.1846469971
"3803","SWINFORD","Navan Vaccination Centre - Simonstown GAA Club",147364.737188984
"3804","SWORDS","Navan Vaccination Centre - Simonstown GAA Club",35933.6413602678
"3805","TALLAGHT CENTRAL","Navan Vaccination Centre - Simonstown GAA Club",46607.336971443
"3806","TALLAGHT SOUTH","Navan Vaccination Centre - Simonstown GAA Club",49862.4653425215
"3807","THURLES","Navan Vaccination Centre - Simonstown GAA Club",134129.922794956
"3808","TRALEE","Navan Vaccination Centre - Simonstown GAA Club",257079.955781566
"3809","TRAMORE-WATERFORD CITY WEST","Navan Vaccination Centre - Simonstown GAA Club",167561.861016415
"3810","TRIM","Navan Vaccination Centre - Simonstown GAA Club",23226.2965134098
"3811","TUAM","Navan Vaccination Centre - Simonstown GAA Club",146459.83959518
"3812","TULLAMORE","Navan Vaccination Centre - Simonstown GAA Club",72961.4196877576
"3813","TULLOW","Navan Vaccination Centre - Simonstown GAA Club",98713.617725365
"3814","WATERFORD CITY EAST","Navan Vaccination Centre - Simonstown GAA Club",165199.054460252
"3815","WATERFORD CITY SOUTH","Navan Vaccination Centre - Simonstown GAA Club",164795.325903631
"3816","WESTPORT","Navan Vaccination Centre - Simonstown GAA Club",194976.05726684
"3817","WEXFORD","Navan Vaccination Centre - Simonstown GAA Club",146013.031727882
"3818","WICKLOW","Navan Vaccination Centre - Simonstown GAA Club",77475.083016931
"3819","ADARE-RATHKEALE","Fairyhouse Racecourse Vaccination Centre",191527.384407737
"3820","ARDEE","Fairyhouse Racecourse Vaccination Centre",43173.5382774331
"3821","ARKLOW","Fairyhouse Racecourse Vaccination Centre",67667.2661083634
"3822","ARTANE-WHITEHALL","Fairyhouse Racecourse Vaccination Centre",19310.9777582273
"3823","ASHBOURNE","Fairyhouse Racecourse Vaccination Centre",11690.5777531884
"3824","ATHENRY-ORANMORE","Fairyhouse Racecourse Vaccination Centre",156291.0796717
"3825","ATHLONE","Fairyhouse Racecourse Vaccination Centre",92683.7616039885
"3826","ATHLONE","Fairyhouse Racecourse Vaccination Centre",110283.656557737
"3827","ATHY","Fairyhouse Racecourse Vaccination Centre",59920.3615228563
"3828","BAILIEBOROUGH-COOTEHILL","Fairyhouse Racecourse Vaccination Centre",69218.7363703832
"3829","BALBRIGGAN","Fairyhouse Racecourse Vaccination Centre",23037.8645720173
"3830","BALLINA","Fairyhouse Racecourse Vaccination Centre",199753.90584403
"3831","BALLINAMORE","Fairyhouse Racecourse Vaccination Centre",108784.135896604
"3832","BALLINASLOE","Fairyhouse Racecourse Vaccination Centre",128902.022917378
"3833","BALLYBAY-CLONES","Fairyhouse Racecourse Vaccination Centre",80986.0046469283
"3834","BALLYFERMOT-DRIMNAGH","Fairyhouse Racecourse Vaccination Centre",18259.027558425
"3835","BALLYJAMESDUFF","Fairyhouse Racecourse Vaccination Centre",69755.0142919864
"3836","BALLYMAHON","Fairyhouse Racecourse Vaccination Centre",89614.3269386779
"3837","BALLYMOTE-TOBERCURRY","Fairyhouse Racecourse Vaccination Centre",160871.390252786
"3838","BALLYMUN-FINGLAS","Fairyhouse Racecourse Vaccination Centre",15798.6439761945
"3839","BALTINGLASS","Fairyhouse Racecourse Vaccination Centre",57411.3145684769
"3840","BANDON-KINSALE","Fairyhouse Racecourse Vaccination Centre",246054.561353436
"3841","BANTRY-WEST CORK","Fairyhouse Racecourse Vaccination Centre",290946.504554843
"3842","BELMULLET","Fairyhouse Racecourse Vaccination Centre",228296.535028168
"3843","BIRR","Fairyhouse Racecourse Vaccination Centre",98917.5057647262
"3844","BLACKROCK","Fairyhouse Racecourse Vaccination Centre",28480.1034998311
"3845","BLANCHARDSTOWN-MULHUDDART","Fairyhouse Racecourse Vaccination Centre",11036.1651318712
"3846","BORRIS-IN-OSSORY-MOUNTMELLICK","Fairyhouse Racecourse Vaccination Centre",88248.3967143889
"3847","BOYLE","Fairyhouse Racecourse Vaccination Centre",124655.455199831
"3848","BRAY EAST","Fairyhouse Racecourse Vaccination Centre",39792.798516062
"3849","BRAY WEST","Fairyhouse Racecourse Vaccination Centre",38344.5551385574
"3850","BUNCRANA","Fairyhouse Racecourse Vaccination Centre",189590.691553569
"3851","CABRA-GLASNEVIN","Fairyhouse Racecourse Vaccination Centre",17119.5820599765
"3852","CAHIR","Fairyhouse Racecourse Vaccination Centre",163880.409792501
"3853","CALLAN-THOMASTOWN","Fairyhouse Racecourse Vaccination Centre",117001.524369706
"3854","CAPPAMORE-KILMALLOCK","Fairyhouse Racecourse Vaccination Centre",173344.118626995
"3855","CARLOW","Fairyhouse Racecourse Vaccination Centre",77499.2140073581
"3856","CARNDONAGH","Fairyhouse Racecourse Vaccination Centre",203183.310362236
"3857","CARRICK-ON-SHANNON","Fairyhouse Racecourse Vaccination Centre",108298.649724394
"3858","CARRICK-ON-SUIR","Fairyhouse Racecourse Vaccination Centre",131596.983114201
"3859","CARRICKMACROSS-CASTLEBLAYNEY","Fairyhouse Racecourse Vaccination Centre",63706.5059946223
"3860","CARRIGALINE","Fairyhouse Racecourse Vaccination Centre",228307.742340064
"3861","CASHEL-TIPPERARY","Fairyhouse Racecourse Vaccination Centre",153048.63028074
"3862","CASTLEBAR","Fairyhouse Racecourse Vaccination Centre",191044.557399717
"3863","CASTLECOMER","Fairyhouse Racecourse Vaccination Centre",99984.848311587
"3864","CASTLEISLAND","Fairyhouse Racecourse Vaccination Centre",243092.234712479
"3865","CASTLEKNOCK","Fairyhouse Racecourse Vaccination Centre",12593.9724983553
"3866","CAVAN-BELTURBET","Fairyhouse Racecourse Vaccination Centre",104764.81228529
"3867","CELBRIDGE","Fairyhouse Racecourse Vaccination Centre",17864.1989393406
"3868","CLANE","Fairyhouse Racecourse Vaccination Centre",31934.6461181169
"3869","CLAREMORRIS","Fairyhouse Racecourse Vaccination Centre",171977.404051521
"3870","CLONDALKIN","Fairyhouse Racecourse Vaccination Centre",21192.4428328263
"3871","CLONMEL","Fairyhouse Racecourse Vaccination Centre",144739.448017611
"3872","CLONTARF","Fairyhouse Racecourse Vaccination Centre",21759.733279828
"3873","COBH","Fairyhouse Racecourse Vaccination Centre",212176.884500358
"3874","CONAMARA NORTH","Fairyhouse Racecourse Vaccination Centre",212840.624818044
"3875","CONAMARA SOUTH","Fairyhouse Racecourse Vaccination Centre",195535.606805965
"3876","CORCA DHUIBHNE","Fairyhouse Racecourse Vaccination Centre",283839.525836135
"3877","CORK CITY NORTH EAST","Fairyhouse Racecourse Vaccination Centre",217267.198278944
"3878","CORK CITY NORTH WEST","Fairyhouse Racecourse Vaccination Centre",223662.959204741
"3879","CORK CITY SOUTH CENTRAL","Fairyhouse Racecourse Vaccination Centre",224197.217571272
"3880","CORK CITY SOUTH EAST","Fairyhouse Racecourse Vaccination Centre",221655.02581063
"3881","CORK CITY SOUTH WEST","Fairyhouse Racecourse Vaccination Centre",226870.709133302
"3882","DONAGHMEDE","Fairyhouse Racecourse Vaccination Centre",23005.1452946068
"3883","DONEGAL","Fairyhouse Racecourse Vaccination Centre",172480.326998632
"3884","DROGHEDA RURAL","Fairyhouse Racecourse Vaccination Centre",32515.569029659
"3885","DROGHEDA URBAN","Fairyhouse Racecourse Vaccination Centre",27240.4217889631
"3886","DÚN LAOGHAIRE","Fairyhouse Racecourse Vaccination Centre",31784.2964710444
"3887","DUNDALK-CARLINGFORD","Fairyhouse Racecourse Vaccination Centre",63001.5090438601
"3888","DUNDALK SOUTH","Fairyhouse Racecourse Vaccination Centre",56226.2687548573
"3889","DUNDRUM","Fairyhouse Racecourse Vaccination Centre",25517.6763491244
"3890","DUNGARVAN","Fairyhouse Racecourse Vaccination Centre",178442.311112169
"3891","EDENDERRY","Fairyhouse Racecourse Vaccination Centre",53874.6711482396
"3892","ENNIS","Fairyhouse Racecourse Vaccination Centre",181551.953352301
"3893","ENNISCORTHY","Fairyhouse Racecourse Vaccination Centre",103077.113772226
"3894","ENNISTIMON","Fairyhouse Racecourse Vaccination Centre",188107.012014773
"3895","FERMOY","Fairyhouse Racecourse Vaccination Centre",192730.289988666
"3896","FIRHOUSE-BOHERNABREENA","Fairyhouse Racecourse Vaccination Centre",28591.0026675875
"3897","GALWAY CITY CENTRAL","Fairyhouse Racecourse Vaccination Centre",173805.211571021
"3898","GALWAY CITY EAST","Fairyhouse Racecourse Vaccination Centre",169632.07945886
"3899","GALWAY CITY WEST","Fairyhouse Racecourse Vaccination Centre",176853.164138885
"3900","GLENCULLEN-SANDYFORD","Fairyhouse Racecourse Vaccination Centre",30600.5363738037
"3901","GLENTIES","Fairyhouse Racecourse Vaccination Centre",199401.941158628
"3902","GOREY","Fairyhouse Racecourse Vaccination Centre",88023.3614955401
"3903","GORT-KINVARA","Fairyhouse Racecourse Vaccination Centre",160006.192720874
"3904","GRAIGUECULLEN-PORTARLINGTON","Fairyhouse Racecourse Vaccination Centre",70271.0183620648
"3905","GRANARD","Fairyhouse Racecourse Vaccination Centre",82517.0965786563
"3906","GREYSTONES","Fairyhouse Racecourse Vaccination Centre",49347.2613940381
"3907","HOWTH-MALAHIDE","Fairyhouse Racecourse Vaccination Centre",22347.1474443211
"3908","KANTURK","Fairyhouse Racecourse Vaccination Centre",219758.632245164
"3909","KELLS","Fairyhouse Racecourse Vaccination Centre",41360.9992256799
"3910","KENMARE","Fairyhouse Racecourse Vaccination Centre",287477.818485611
"3911","KILDARE","Fairyhouse Racecourse Vaccination Centre",46259.7178351754
"3912","KILKENNY","Fairyhouse Racecourse Vaccination Centre",105171.238154595
"3913","KILLALOE","Fairyhouse Racecourse Vaccination Centre",159475.631490145
"3914","KILLARNEY","Fairyhouse Racecourse Vaccination Centre",256431.397802928
"3915","KILLINEY-SHANKILL","Fairyhouse Racecourse Vaccination Centre",35102.8843530318
"3916","KILMUCKRIDGE","Fairyhouse Racecourse Vaccination Centre",108002.94577134
"3917","KILRUSH","Fairyhouse Racecourse Vaccination Centre",210867.119198572
"3918","KIMMAGE-RATHMINES","Fairyhouse Racecourse Vaccination Centre",21850.7020038173
"3919","KINNEGAD","Fairyhouse Racecourse Vaccination Centre",52041.6249506091
"3920","LAYTOWN-BETTYSTOWN","Fairyhouse Racecourse Vaccination Centre",25867.3309231048
"3921","LEIXLIP","Fairyhouse Racecourse Vaccination Centre",12159.5177510692
"3922","LETTERKENNY","Fairyhouse Racecourse Vaccination Centre",185424.488487809
"3923","LIFFORD-STRANORLAR","Fairyhouse Racecourse Vaccination Centre",171808.728682653
"3924","LIMERICK CITY EAST","Fairyhouse Racecourse Vaccination Centre",166675.51429991
"3925","LIMERICK CITY NORTH","Fairyhouse Racecourse Vaccination Centre",171468.66856624
"3926","LIMERICK CITY WEST","Fairyhouse Racecourse Vaccination Centre",177591.70254767
"3927","LISMORE","Fairyhouse Racecourse Vaccination Centre",176682.198737116
"3928","LISTOWEL","Fairyhouse Racecourse Vaccination Centre",236287.539415576
"3929","LONGFORD","Fairyhouse Racecourse Vaccination Centre",93027.7177660546
"3930","LOUGHREA","Fairyhouse Racecourse Vaccination Centre",134455.78248536
"3931","LUCAN","Fairyhouse Racecourse Vaccination Centre",14868.0363733893
"3932","MACROOM","Fairyhouse Racecourse Vaccination Centre",241239.793966621
"3933","MALLOW","Fairyhouse Racecourse Vaccination Centre",211731.490230856
"3934","MANORHAMILTON","Fairyhouse Racecourse Vaccination Centre",144979.944713836
"3935","MAYNOOTH","Fairyhouse Racecourse Vaccination Centre",18626.4869844513
"3936","MIDLETON","Fairyhouse Racecourse Vaccination Centre",204086.531671728
"3937","MILFORD","Fairyhouse Racecourse Vaccination Centre",199316.251756624
"3938","MOATE","Fairyhouse Racecourse Vaccination Centre",71619.34097529
"3939","MONAGHAN","Fairyhouse Racecourse Vaccination Centre",95694.5121694174
"3940","MUINEBEAG","Fairyhouse Racecourse Vaccination Centre",96118.1490921255
"3941","MULLINGAR","Fairyhouse Racecourse Vaccination Centre",56173.1313097866
"3942","NAAS","Fairyhouse Racecourse Vaccination Centre",30491.7634082645
"3943","NAVAN","Fairyhouse Racecourse Vaccination Centre",23774.109696693
"3944","NENAGH","Fairyhouse Racecourse Vaccination Centre",122581.627119357
"3945","NEW ROSS","Fairyhouse Racecourse Vaccination Centre",126170.735194984
"3946","NEWBRIDGE","Fairyhouse Racecourse Vaccination Centre",39537.2015986875
"3947","NEWCASTLE WEST","Fairyhouse Racecourse Vaccination Centre",211867.416439472
"3948","NEWPORT","Fairyhouse Racecourse Vaccination Centre",143322.528977081
"3949","NORTH INNER CITY","Fairyhouse Racecourse Vaccination Centre",20727.5075945986
"3950","ONGAR","Fairyhouse Racecourse Vaccination Centre",10054.4852670992
"3951","PALMERSTOWN-FONTHILL","Fairyhouse Racecourse Vaccination Centre",15799.8930368384
"3952","PEMBROKE","Fairyhouse Racecourse Vaccination Centre",23736.4231526868
"3953","PILTOWN","Fairyhouse Racecourse Vaccination Centre",134105.981910764
"3954","PORTLAOISE","Fairyhouse Racecourse Vaccination Centre",79509.2563164595
"3955","PORTLAW-KILMACTHOMAS","Fairyhouse Racecourse Vaccination Centre",152971.051389375
"3956","RATHFARNHAM-TEMPLEOGUE","Fairyhouse Racecourse Vaccination Centre",22696.2617147756
"3957","RATOATH","Fairyhouse Racecourse Vaccination Centre",5973.91804782566
"3958","ROSCOMMON","Fairyhouse Racecourse Vaccination Centre",128101.287362152
"3959","ROSCREA-TEMPLEMORE","Fairyhouse Racecourse Vaccination Centre",117155.551943534
"3960","ROSSLARE","Fairyhouse Racecourse Vaccination Centre",136806.763199149
"3961","RUSH-LUSK","Fairyhouse Racecourse Vaccination Centre",15771.1768837919
"3962","SHANNON","Fairyhouse Racecourse Vaccination Centre",176883.980571307
"3963","SKIBBEREEN-WEST CORK","Fairyhouse Racecourse Vaccination Centre",269986.334440584
"3964","SLIGO-DRUMCLIFF","Fairyhouse Racecourse Vaccination Centre",160081.802905507
"3965","SLIGO-STRANDHILL","Fairyhouse Racecourse Vaccination Centre",161252.918398916
"3966","SOUTH EAST INNER CITY","Fairyhouse Racecourse Vaccination Centre",22167.8343023628
"3967","SOUTH WEST INNER CITY","Fairyhouse Racecourse Vaccination Centre",19551.3883376285
"3968","STILLORGAN","Fairyhouse Racecourse Vaccination Centre",28304.8551777513
"3969","SWINFORD","Fairyhouse Racecourse Vaccination Centre",166382.366222084
"3970","SWORDS","Fairyhouse Racecourse Vaccination Centre",13680.3708160665
"3971","TALLAGHT CENTRAL","Fairyhouse Racecourse Vaccination Centre",21482.6324837196
"3972","TALLAGHT SOUTH","Fairyhouse Racecourse Vaccination Centre",25375.4281911917
"3973","THURLES","Fairyhouse Racecourse Vaccination Centre",126852.098522312
"3974","TRALEE","Fairyhouse Racecourse Vaccination Centre",257395.531011353
"3975","TRAMORE-WATERFORD CITY WEST","Fairyhouse Racecourse Vaccination Centre",150690.237706878
"3976","TRIM","Fairyhouse Racecourse Vaccination Centre",27397.005519272
"3977","TUAM","Fairyhouse Racecourse Vaccination Centre",159960.534519131
"3978","TULLAMORE","Fairyhouse Racecourse Vaccination Centre",76213.3503339408
"3979","TULLOW","Fairyhouse Racecourse Vaccination Centre",79142.7821589483
"3980","WATERFORD CITY EAST","Fairyhouse Racecourse Vaccination Centre",147201.513482667
"3981","WATERFORD CITY SOUTH","Fairyhouse Racecourse Vaccination Centre",147517.642076471
"3982","WESTPORT","Fairyhouse Racecourse Vaccination Centre",211418.642225755
"3983","WEXFORD","Fairyhouse Racecourse Vaccination Centre",124277.838659877
"3984","WICKLOW","Fairyhouse Racecourse Vaccination Centre",52512.2650768933
"3985","ADARE-RATHKEALE","Monaghan Vaccination Centre - Glencarn Hotel",224874.2184818
"3986","ARDEE","Monaghan Vaccination Centre - Glencarn Hotel",33407.3099257687
"3987","ARKLOW","Monaghan Vaccination Centre - Glencarn Hotel",141480.242535079
"3988","ARTANE-WHITEHALL","Monaghan Vaccination Centre - Glencarn Hotel",88364.9173572457
"3989","ASHBOURNE","Monaghan Vaccination Centre - Glencarn Hotel",62741.3665904665
"3990","ATHENRY-ORANMORE","Monaghan Vaccination Centre - Glencarn Hotel",161712.162586549
"3991","ATHLONE","Monaghan Vaccination Centre - Glencarn Hotel",105589.49687647
"3992","ATHLONE","Monaghan Vaccination Centre - Glencarn Hotel",117323.607111708
"3993","ATHY","Monaghan Vaccination Centre - Glencarn Hotel",125097.055112597
"3994","BAILIEBOROUGH-COOTEHILL","Monaghan Vaccination Centre - Glencarn Hotel",27256.0904530109
"3995","BALBRIGGAN","Monaghan Vaccination Centre - Glencarn Hotel",72208.1805123957
"3996","BALLINA","Monaghan Vaccination Centre - Glencarn Hotel",166282.279876143
"3997","BALLINAMORE","Monaghan Vaccination Centre - Glencarn Hotel",71895.1563897468
"3998","BALLINASLOE","Monaghan Vaccination Centre - Glencarn Hotel",132786.757923509
"3999","BALLYBAY-CLONES","Monaghan Vaccination Centre - Glencarn Hotel",17768.9921986766
"4000","BALLYFERMOT-DRIMNAGH","Monaghan Vaccination Centre - Glencarn Hotel",91684.9988214229
"4001","BALLYJAMESDUFF","Monaghan Vaccination Centre - Glencarn Hotel",45979.9317780274
"4002","BALLYMAHON","Monaghan Vaccination Centre - Glencarn Hotel",89003.1431457115
"4003","BALLYMOTE-TOBERCURRY","Monaghan Vaccination Centre - Glencarn Hotel",125639.404573422
"4004","BALLYMUN-FINGLAS","Monaghan Vaccination Centre - Glencarn Hotel",86995.6350353652
"4005","BALTINGLASS","Monaghan Vaccination Centre - Glencarn Hotel",129546.171522628
"4006","BANDON-KINSALE","Monaghan Vaccination Centre - Glencarn Hotel",297130.624117158
"4007","BANTRY-WEST CORK","Monaghan Vaccination Centre - Glencarn Hotel",332987.267192686
"4008","BELMULLET","Monaghan Vaccination Centre - Glencarn Hotel",198058.684081808
"4009","BIRR","Monaghan Vaccination Centre - Glencarn Hotel",131642.329275628
"4010","BLACKROCK","Monaghan Vaccination Centre - Glencarn Hotel",99744.8263661947
"4011","BLANCHARDSTOWN-MULHUDDART","Monaghan Vaccination Centre - Glencarn Hotel",82916.3447431462
"4012","BORRIS-IN-OSSORY-MOUNTMELLICK","Monaghan Vaccination Centre - Glencarn Hotel",135842.142536819
"4013","BOYLE","Monaghan Vaccination Centre - Glencarn Hotel",100117.439412906
"4014","BRAY EAST","Monaghan Vaccination Centre - Glencarn Hotel",111363.601343193
"4015","BRAY WEST","Monaghan Vaccination Centre - Glencarn Hotel",111559.730696282
"4016","BUNCRANA","Monaghan Vaccination Centre - Glencarn Hotel",116066.82315395
"4017","CABRA-GLASNEVIN","Monaghan Vaccination Centre - Glencarn Hotel",89463.5201612046
"4018","CAHIR","Monaghan Vaccination Centre - Glencarn Hotel",217004.50568269
"4019","CALLAN-THOMASTOWN","Monaghan Vaccination Centre - Glencarn Hotel",180781.351188733
"4020","CAPPAMORE-KILMALLOCK","Monaghan Vaccination Centre - Glencarn Hotel",215996.336979278
"4021","CARLOW","Monaghan Vaccination Centre - Glencarn Hotel",144163.11757018
"4022","CARNDONAGH","Monaghan Vaccination Centre - Glencarn Hotel",129341.607885688
"4023","CARRICK-ON-SHANNON","Monaghan Vaccination Centre - Glencarn Hotel",80818.5246691797
"4024","CARRICK-ON-SUIR","Monaghan Vaccination Centre - Glencarn Hotel",187982.224992861
"4025","CARRICKMACROSS-CASTLEBLAYNEY","Monaghan Vaccination Centre - Glencarn Hotel",10139.6987415185
"4026","CARRIGALINE","Monaghan Vaccination Centre - Glencarn Hotel",281483.294236526
"4027","CASHEL-TIPPERARY","Monaghan Vaccination Centre - Glencarn Hotel",200459.725694233
"4028","CASTLEBAR","Monaghan Vaccination Centre - Glencarn Hotel",171412.070013093
"4029","CASTLECOMER","Monaghan Vaccination Centre - Glencarn Hotel",158906.453645326
"4030","CASTLEISLAND","Monaghan Vaccination Centre - Glencarn Hotel",276901.936778384
"4031","CASTLEKNOCK","Monaghan Vaccination Centre - Glencarn Hotel",86356.0616688922
"4032","CAVAN-BELTURBET","Monaghan Vaccination Centre - Glencarn Hotel",58885.2162644216
"4033","CELBRIDGE","Monaghan Vaccination Centre - Glencarn Hotel",89712.0128348477
"4034","CLANE","Monaghan Vaccination Centre - Glencarn Hotel",88570.7283140817
"4035","CLAREMORRIS","Monaghan Vaccination Centre - Glencarn Hotel",159773.619059333
"4036","CLONDALKIN","Monaghan Vaccination Centre - Glencarn Hotel",94633.2110491768
"4037","CLONMEL","Monaghan Vaccination Centre - Glencarn Hotel",201144.305846122
"4038","CLONTARF","Monaghan Vaccination Centre - Glencarn Hotel",91219.5246550221
"4039","COBH","Monaghan Vaccination Centre - Glencarn Hotel",264069.16662316
"4040","CONAMARA NORTH","Monaghan Vaccination Centre - Glencarn Hotel",206493.598358098
"4041","CONAMARA SOUTH","Monaghan Vaccination Centre - Glencarn Hotel",198298.749956007
"4042","CORCA DHUIBHNE","Monaghan Vaccination Centre - Glencarn Hotel",311327.481908165
"4043","CORK CITY NORTH EAST","Monaghan Vaccination Centre - Glencarn Hotel",268914.291981614
"4044","CORK CITY NORTH WEST","Monaghan Vaccination Centre - Glencarn Hotel",273761.225765367
"4045","CORK CITY SOUTH CENTRAL","Monaghan Vaccination Centre - Glencarn Hotel",276058.734780612
"4046","CORK CITY SOUTH EAST","Monaghan Vaccination Centre - Glencarn Hotel",274204.253712173
"4047","CORK CITY SOUTH WEST","Monaghan Vaccination Centre - Glencarn Hotel",277810.341522558
"4048","DONAGHMEDE","Monaghan Vaccination Centre - Glencarn Hotel",90349.7322607989
"4049","DONEGAL","Monaghan Vaccination Centre - Glencarn Hotel",111608.289509149
"4050","DROGHEDA RURAL","Monaghan Vaccination Centre - Glencarn Hotel",48238.2859589009
"4051","DROGHEDA URBAN","Monaghan Vaccination Centre - Glencarn Hotel",52548.3257178502
"4052","DÚN LAOGHAIRE","Monaghan Vaccination Centre - Glencarn Hotel",102268.36939105
"4053","DUNDALK-CARLINGFORD","Monaghan Vaccination Centre - Glencarn Hotel",30566.9311683373
"4054","DUNDALK SOUTH","Monaghan Vaccination Centre - Glencarn Hotel",24143.7880543007
"4055","DUNDRUM","Monaghan Vaccination Centre - Glencarn Hotel",98071.4567170793
"4056","DUNGARVAN","Monaghan Vaccination Centre - Glencarn Hotel",238450.282560698
"4057","EDENDERRY","Monaghan Vaccination Centre - Glencarn Hotel",98872.1345986982
"4058","ENNIS","Monaghan Vaccination Centre - Glencarn Hotel",205021.226484632
"4059","ENNISCORTHY","Monaghan Vaccination Centre - Glencarn Hotel",174441.98130839
"4060","ENNISTIMON","Monaghan Vaccination Centre - Glencarn Hotel",204017.017639699
"4061","FERMOY","Monaghan Vaccination Centre - Glencarn Hotel",242580.525982565
"4062","FIRHOUSE-BOHERNABREENA","Monaghan Vaccination Centre - Glencarn Hotel",102352.962580036
"4063","GALWAY CITY CENTRAL","Monaghan Vaccination Centre - Glencarn Hotel",179055.744072032
"4064","GALWAY CITY EAST","Monaghan Vaccination Centre - Glencarn Hotel",175773.023098765
"4065","GALWAY CITY WEST","Monaghan Vaccination Centre - Glencarn Hotel",182701.595879933
"4066","GLENCULLEN-SANDYFORD","Monaghan Vaccination Centre - Glencarn Hotel",103511.166473519
"4067","GLENTIES","Monaghan Vaccination Centre - Glencarn Hotel",132583.078704393
"4068","GOREY","Monaghan Vaccination Centre - Glencarn Hotel",161467.815970044
"4069","GORT-KINVARA","Monaghan Vaccination Centre - Glencarn Hotel",175469.991079459
"4070","GRAIGUECULLEN-PORTARLINGTON","Monaghan Vaccination Centre - Glencarn Hotel",130058.888151644
"4071","GRANARD","Monaghan Vaccination Centre - Glencarn Hotel",66136.811989631
"4072","GREYSTONES","Monaghan Vaccination Centre - Glencarn Hotel",121695.831823607
"4073","HOWTH-MALAHIDE","Monaghan Vaccination Centre - Glencarn Hotel",87753.2385362984
"4074","KANTURK","Monaghan Vaccination Centre - Glencarn Hotel",259431.049906886
"4075","KELLS","Monaghan Vaccination Centre - Glencarn Hotel",42336.1805668659
"4076","KENMARE","Monaghan Vaccination Centre - Glencarn Hotel",322494.031522482
"4077","KILDARE","Monaghan Vaccination Centre - Glencarn Hotel",106268.687566224
"4078","KILKENNY","Monaghan Vaccination Centre - Glencarn Hotel",165938.128905324
"4079","KILLALOE","Monaghan Vaccination Centre - Glencarn Hotel",186718.420219795
"4080","KILLARNEY","Monaghan Vaccination Centre - Glencarn Hotel",293836.323000793
"4081","KILLINEY-SHANKILL","Monaghan Vaccination Centre - Glencarn Hotel",106711.952831352
"4082","KILMUCKRIDGE","Monaghan Vaccination Centre - Glencarn Hotel",181054.289251162
"4083","KILRUSH","Monaghan Vaccination Centre - Glencarn Hotel",233995.281111149
"4084","KIMMAGE-RATHMINES","Monaghan Vaccination Centre - Glencarn Hotel",94618.361120019
"4085","KINNEGAD","Monaghan Vaccination Centre - Glencarn Hotel",65922.9188909184
"4086","LAYTOWN-BETTYSTOWN","Monaghan Vaccination Centre - Glencarn Hotel",49081.6801114345
"4087","LEIXLIP","Monaghan Vaccination Centre - Glencarn Hotel",85269.9416624973
"4088","LETTERKENNY","Monaghan Vaccination Centre - Glencarn Hotel",114892.578601055
"4089","LIFFORD-STRANORLAR","Monaghan Vaccination Centre - Glencarn Hotel",102148.569092261
"4090","LIMERICK CITY EAST","Monaghan Vaccination Centre - Glencarn Hotel",202848.868272475
"4091","LIMERICK CITY NORTH","Monaghan Vaccination Centre - Glencarn Hotel",205351.617897321
"4092","LIMERICK CITY WEST","Monaghan Vaccination Centre - Glencarn Hotel",211557.030810116
"4093","LISMORE","Monaghan Vaccination Centre - Glencarn Hotel",233100.593470922
"4094","LISTOWEL","Monaghan Vaccination Centre - Glencarn Hotel",263568.953993205
"4095","LONGFORD","Monaghan Vaccination Centre - Glencarn Hotel",80889.5971817417
"4096","LOUGHREA","Monaghan Vaccination Centre - Glencarn Hotel",154327.893925095
"4097","LUCAN","Monaghan Vaccination Centre - Glencarn Hotel",88577.0202919787
"4098","MACROOM","Monaghan Vaccination Centre - Glencarn Hotel",286202.329831618
"4099","MALLOW","Monaghan Vaccination Centre - Glencarn Hotel",256671.703057036
"4100","MANORHAMILTON","Monaghan Vaccination Centre - Glencarn Hotel",96188.1391692755
"4101","MAYNOOTH","Monaghan Vaccination Centre - Glencarn Hotel",84488.6590916895
"4102","MIDLETON","Monaghan Vaccination Centre - Glencarn Hotel",260249.63770615
"4103","MILFORD","Monaghan Vaccination Centre - Glencarn Hotel",127235.754261342
"4104","MOATE","Monaghan Vaccination Centre - Glencarn Hotel",89236.5607775007
"4105","MONAGHAN","Monaghan Vaccination Centre - Glencarn Hotel",23562.8536053493
"4106","MUINEBEAG","Monaghan Vaccination Centre - Glencarn Hotel",163426.296664254
"4107","MULLINGAR","Monaghan Vaccination Centre - Glencarn Hotel",76530.9649622539
"4108","NAAS","Monaghan Vaccination Centre - Glencarn Hotel",101290.415196216
"4109","NAVAN","Monaghan Vaccination Centre - Glencarn Hotel",53608.4778186914
"4110","NENAGH","Monaghan Vaccination Centre - Glencarn Hotel",155106.618450133
"4111","NEW ROSS","Monaghan Vaccination Centre - Glencarn Hotel",195602.225630419
"4112","NEWBRIDGE","Monaghan Vaccination Centre - Glencarn Hotel",107151.41174698
"4113","NEWCASTLE WEST","Monaghan Vaccination Centre - Glencarn Hotel",245634.984273215
"4114","NEWPORT","Monaghan Vaccination Centre - Glencarn Hotel",180683.440888698
"4115","NORTH INNER CITY","Monaghan Vaccination Centre - Glencarn Hotel",91943.468925153
"4116","ONGAR","Monaghan Vaccination Centre - Glencarn Hotel",83877.9030812639
"4117","PALMERSTOWN-FONTHILL","Monaghan Vaccination Centre - Glencarn Hotel",89528.4758118052
"4118","PEMBROKE","Monaghan Vaccination Centre - Glencarn Hotel",95394.1373483788
"4119","PILTOWN","Monaghan Vaccination Centre - Glencarn Hotel",199299.98152109
"4120","PORTLAOISE","Monaghan Vaccination Centre - Glencarn Hotel",133575.329410431
"4121","PORTLAW-KILMACTHOMAS","Monaghan Vaccination Centre - Glencarn Hotel",214407.015076521
"4122","RATHFARNHAM-TEMPLEOGUE","Monaghan Vaccination Centre - Glencarn Hotel",96047.9604780921
"4123","RATOATH","Monaghan Vaccination Centre - Glencarn Hotel",73629.7828675464
"4124","ROSCOMMON","Monaghan Vaccination Centre - Glencarn Hotel",114915.781270355
"4125","ROSCREA-TEMPLEMORE","Monaghan Vaccination Centre - Glencarn Hotel",161655.87641033
"4126","ROSSLARE","Monaghan Vaccination Centre - Glencarn Hotel",208640.554321298
"4127","RUSH-LUSK","Monaghan Vaccination Centre - Glencarn Hotel",72712.9153749549
"4128","SHANNON","Monaghan Vaccination Centre - Glencarn Hotel",207255.110363409
"4129","SKIBBEREEN-WEST CORK","Monaghan Vaccination Centre - Glencarn Hotel",317319.765823007
"4130","SLIGO-DRUMCLIFF","Monaghan Vaccination Centre - Glencarn Hotel",114141.544184526
"4131","SLIGO-STRANDHILL","Monaghan Vaccination Centre - Glencarn Hotel",117589.392416034
"4132","SOUTH EAST INNER CITY","Monaghan Vaccination Centre - Glencarn Hotel",93543.3993199186
"4133","SOUTH WEST INNER CITY","Monaghan Vaccination Centre - Glencarn Hotel",92156.7078389506
"4134","STILLORGAN","Monaghan Vaccination Centre - Glencarn Hotel",100080.794984463
"4135","SWINFORD","Monaghan Vaccination Centre - Glencarn Hotel",141980.670181668
"4136","SWORDS","Monaghan Vaccination Centre - Glencarn Hotel",79826.0037283091
"4137","TALLAGHT CENTRAL","Monaghan Vaccination Centre - Glencarn Hotel",95262.6940154755
"4138","TALLAGHT SOUTH","Monaghan Vaccination Centre - Glencarn Hotel",99184.2607991381
"4139","THURLES","Monaghan Vaccination Centre - Glencarn Hotel",176233.231361619
"4140","TRALEE","Monaghan Vaccination Centre - Glencarn Hotel",286487.348485723
"4141","TRAMORE-WATERFORD CITY WEST","Monaghan Vaccination Centre - Glencarn Hotel",216527.189989879
"4142","TRIM","Monaghan Vaccination Centre - Glencarn Hotel",70056.994386395
"4143","TUAM","Monaghan Vaccination Centre - Glencarn Hotel",155907.008475305
"4144","TULLAMORE","Monaghan Vaccination Centre - Glencarn Hotel",108314.976284196
"4145","TULLOW","Monaghan Vaccination Centre - Glencarn Hotel",149049.846724801
"4146","WATERFORD CITY EAST","Monaghan Vaccination Centre - Glencarn Hotel",214737.364732918
"4147","WATERFORD CITY SOUTH","Monaghan Vaccination Centre - Glencarn Hotel",213989.730453479
"4148","WESTPORT","Monaghan Vaccination Centre - Glencarn Hotel",194190.724151703
"4149","WEXFORD","Monaghan Vaccination Centre - Glencarn Hotel",196521.213997158
"4150","WICKLOW","Monaghan Vaccination Centre - Glencarn Hotel",126231.998153106
"4151","ADARE-RATHKEALE","Offaly Vaccination Centre",118974.393602952
"4152","ARDEE","Offaly Vaccination Centre",98040.5323445916
"4153","ARKLOW","Offaly Vaccination Centre",94575.8272545398
"4154","ARTANE-WHITEHALL","Offaly Vaccination Centre",89218.766301197
"4155","ASHBOURNE","Offaly Vaccination Centre",80454.5521840377
"4156","ATHENRY-ORANMORE","Offaly Vaccination Centre",85336.1547835277
"4157","ATHLONE","Offaly Vaccination Centre",30467.9099372286
"4158","ATHLONE","Offaly Vaccination Centre",45808.1398225884
"4159","ATHY","Offaly Vaccination Centre",51875.7658690658
"4160","BAILIEBOROUGH-COOTEHILL","Offaly Vaccination Centre",86542.677020555
"4161","BALBRIGGAN","Offaly Vaccination Centre",98236.2759545556
"4162","BALLINA","Offaly Vaccination Centre",152244.336316596
"4163","BALLINAMORE","Offaly Vaccination Centre",88755.697765928
"4164","BALLINASLOE","Offaly Vaccination Centre",62224.8802163781
"4165","BALLYBAY-CLONES","Offaly Vaccination Centre",103660.020420426
"4166","BALLYFERMOT-DRIMNAGH","Offaly Vaccination Centre",80173.6129490522
"4167","BALLYJAMESDUFF","Offaly Vaccination Centre",70347.1401016621
"4168","BALLYMAHON","Offaly Vaccination Centre",44727.3768395111
"4169","BALLYMOTE-TOBERCURRY","Offaly Vaccination Centre",121200.984312443
"4170","BALLYMUN-FINGLAS","Offaly Vaccination Centre",84777.1034055383
"4171","BALTINGLASS","Offaly Vaccination Centre",74146.9051625904
"4172","BANDON-KINSALE","Offaly Vaccination Centre",187197.152434663
"4173","BANTRY-WEST CORK","Offaly Vaccination Centre",224108.575506961
"4174","BELMULLET","Offaly Vaccination Centre",175167.389065559
"4175","BIRR","Offaly Vaccination Centre",24031.0791495226
"4176","BLACKROCK","Offaly Vaccination Centre",90677.4634707458
"4177","BLANCHARDSTOWN-MULHUDDART","Offaly Vaccination Centre",81759.5897758192
"4178","BORRIS-IN-OSSORY-MOUNTMELLICK","Offaly Vaccination Centre",29245.1493018541
"4179","BOYLE","Offaly Vaccination Centre",84681.8001551662
"4180","BRAY EAST","Offaly Vaccination Centre",96019.4835319122
"4181","BRAY WEST","Offaly Vaccination Centre",89047.0433640169
"4182","BUNCRANA","Offaly Vaccination Centre",205095.74776275
"4183","CABRA-GLASNEVIN","Offaly Vaccination Centre",83233.7212943179
"4184","CAHIR","Offaly Vaccination Centre",108280.325040906
"4185","CALLAN-THOMASTOWN","Offaly Vaccination Centre",85080.1968463038
"4186","CAPPAMORE-KILMALLOCK","Offaly Vaccination Centre",106295.308888888
"4187","CARLOW","Offaly Vaccination Centre",64034.8177373407
"4188","CARNDONAGH","Offaly Vaccination Centre",223147.802342172
"4189","CARRICK-ON-SHANNON","Offaly Vaccination Centre",78947.2101960914
"4190","CARRICK-ON-SUIR","Offaly Vaccination Centre",82439.5782672476
"4191","CARRICKMACROSS-CASTLEBLAYNEY","Offaly Vaccination Centre",102703.446093133
"4192","CARRIGALINE","Offaly Vaccination Centre",171998.863271752
"4193","CASHEL-TIPPERARY","Offaly Vaccination Centre",90499.8963185145
"4194","CASTLEBAR","Offaly Vaccination Centre",132752.736085321
"4195","CASTLECOMER","Offaly Vaccination Centre",59735.914853873
"4196","CASTLEISLAND","Offaly Vaccination Centre",171258.624454338
"4197","CASTLEKNOCK","Offaly Vaccination Centre",76843.1909574133
"4198","CAVAN-BELTURBET","Offaly Vaccination Centre",96064.821160485
"4199","CELBRIDGE","Offaly Vaccination Centre",66629.1516784202
"4200","CLANE","Offaly Vaccination Centre",44605.0923875172
"4201","CLAREMORRIS","Offaly Vaccination Centre",110276.423182379
"4202","CLONDALKIN","Offaly Vaccination Centre",71815.328605591
"4203","CLONMEL","Offaly Vaccination Centre",94838.2171156448
"4204","CLONTARF","Offaly Vaccination Centre",90100.2584280786
"4205","COBH","Offaly Vaccination Centre",154399.623001391
"4206","CONAMARA NORTH","Offaly Vaccination Centre",144337.787197031
"4207","CONAMARA SOUTH","Offaly Vaccination Centre",123622.884810366
"4208","CORCA DHUIBHNE","Offaly Vaccination Centre",210033.00988391
"4209","CORK CITY NORTH EAST","Offaly Vaccination Centre",159169.169089597
"4210","CORK CITY NORTH WEST","Offaly Vaccination Centre",163784.56342908
"4211","CORK CITY SOUTH CENTRAL","Offaly Vaccination Centre",166317.19593222
"4212","CORK CITY SOUTH EAST","Offaly Vaccination Centre",164615.13488468
"4213","CORK CITY SOUTH WEST","Offaly Vaccination Centre",167915.818523236
"4214","DONAGHMEDE","Offaly Vaccination Centre",93073.9733801901
"4215","DONEGAL","Offaly Vaccination Centre",160662.588851726
"4216","DROGHEDA RURAL","Offaly Vaccination Centre",97527.42138801
"4217","DROGHEDA URBAN","Offaly Vaccination Centre",94143.4194793346
"4218","DÚN LAOGHAIRE","Offaly Vaccination Centre",94003.531115958
"4219","DUNDALK-CARLINGFORD","Offaly Vaccination Centre",119533.531373703
"4220","DUNDALK SOUTH","Offaly Vaccination Centre",108207.749209347
"4221","DUNDRUM","Offaly Vaccination Centre",86026.3226670216
"4222","DUNGARVAN","Offaly Vaccination Centre",133466.608090907
"4223","EDENDERRY","Offaly Vaccination Centre",22270.929556438
"4224","ENNIS","Offaly Vaccination Centre",106325.092457859
"4225","ENNISCORTHY","Offaly Vaccination Centre",99281.8500160761
"4226","ENNISTIMON","Offaly Vaccination Centre",112960.02448978
"4227","FERMOY","Offaly Vaccination Centre",132683.291585599
"4228","FIRHOUSE-BOHERNABREENA","Offaly Vaccination Centre",80625.2416895865
"4229","GALWAY CITY CENTRAL","Offaly Vaccination Centre",101842.12522083
"4230","GALWAY CITY EAST","Offaly Vaccination Centre",97516.4138192718
"4231","GALWAY CITY WEST","Offaly Vaccination Centre",104507.661263449
"4232","GLENCULLEN-SANDYFORD","Offaly Vaccination Centre",86948.433439938
"4233","GLENTIES","Offaly Vaccination Centre",193849.996417975
"4234","GOREY","Offaly Vaccination Centre",102060.924205194
"4235","GORT-KINVARA","Offaly Vaccination Centre",85333.6570656429
"4236","GRAIGUECULLEN-PORTARLINGTON","Offaly Vaccination Centre",42745.6056297823
"4237","GRANARD","Offaly Vaccination Centre",61261.4970822695
"4238","GREYSTONES","Offaly Vaccination Centre",99058.5670009823
"4239","HOWTH-MALAHIDE","Offaly Vaccination Centre",94176.1663934757
"4240","KANTURK","Offaly Vaccination Centre",150917.345315566
"4241","KELLS","Offaly Vaccination Centre",70113.9030334041
"4242","KENMARE","Offaly Vaccination Centre",216502.352187304
"4243","KILDARE","Offaly Vaccination Centre",40611.1373005076
"4244","KILKENNY","Offaly Vaccination Centre",68003.9706692503
"4245","KILLALOE","Offaly Vaccination Centre",84579.3790072087
"4246","KILLARNEY","Offaly Vaccination Centre",186495.847702757
"4247","KILLINEY-SHANKILL","Offaly Vaccination Centre",93324.694508069
"4248","KILMUCKRIDGE","Offaly Vaccination Centre",113464.893668874
"4249","KILRUSH","Offaly Vaccination Centre",135765.64017551
"4250","KIMMAGE-RATHMINES","Offaly Vaccination Centre",83884.1386051988
"4251","KINNEGAD","Offaly Vaccination Centre",44137.097589637
"4252","LAYTOWN-BETTYSTOWN","Offaly Vaccination Centre",87165.1618566635
"4253","LEIXLIP","Offaly Vaccination Centre",70768.6256678657
"4254","LETTERKENNY","Offaly Vaccination Centre",189690.492952302
"4255","LIFFORD-STRANORLAR","Offaly Vaccination Centre",175583.725674287
"4256","LIMERICK CITY EAST","Offaly Vaccination Centre",95142.6038723941
"4257","LIMERICK CITY NORTH","Offaly Vaccination Centre",98872.4199308927
"4258","LIMERICK CITY WEST","Offaly Vaccination Centre",105124.180424419
"4259","LISMORE","Offaly Vaccination Centre",125642.838677301
"4260","LISTOWEL","Offaly Vaccination Centre",162132.631974049
"4261","LONGFORD","Offaly Vaccination Centre",57902.511274237
"4262","LOUGHREA","Offaly Vaccination Centre",59547.9071493637
"4263","LUCAN","Offaly Vaccination Centre",73344.3462743855
"4264","MACROOM","Offaly Vaccination Centre",176449.570455522
"4265","MALLOW","Offaly Vaccination Centre",146815.712196731
"4266","MANORHAMILTON","Offaly Vaccination Centre",123722.81666758
"4267","MAYNOOTH","Offaly Vaccination Centre",58856.7286224484
"4268","MIDLETON","Offaly Vaccination Centre",152097.603311929
"4269","MILFORD","Offaly Vaccination Centre",206937.371889661
"4270","MOATE","Offaly Vaccination Centre",25019.1684352113
"4271","MONAGHAN","Offaly Vaccination Centre",120811.326664414
"4272","MUINEBEAG","Offaly Vaccination Centre",78465.3088746913
"4273","MULLINGAR","Offaly Vaccination Centre",33552.6838821988
"4274","NAAS","Offaly Vaccination Centre",62718.279497509
"4275","NAVAN","Offaly Vaccination Centre",70281.107249786
"4276","NENAGH","Offaly Vaccination Centre",48398.2714598857
"4277","NEW ROSS","Offaly Vaccination Centre",109896.731097326
"4278","NEWBRIDGE","Offaly Vaccination Centre",54933.6458728301
"4279","NEWCASTLE WEST","Offaly Vaccination Centre",139730.769397704
"4280","NEWPORT","Offaly Vaccination Centre",72071.6914758145
"4281","NORTH INNER CITY","Offaly Vaccination Centre",86997.1106804378
"4282","ONGAR","Offaly Vaccination Centre",75821.460676663
"4283","PALMERSTOWN-FONTHILL","Offaly Vaccination Centre",77693.8054382331
"4284","PEMBROKE","Offaly Vaccination Centre",87533.0399078861
"4285","PILTOWN","Offaly Vaccination Centre",103630.870041715
"4286","PORTLAOISE","Offaly Vaccination Centre",35160.1029618944
"4287","PORTLAW-KILMACTHOMAS","Offaly Vaccination Centre",112040.224605062
"4288","RATHFARNHAM-TEMPLEOGUE","Offaly Vaccination Centre",81897.9509090233
"4289","RATOATH","Offaly Vaccination Centre",69484.6001238025
"4290","ROSCOMMON","Offaly Vaccination Centre",75923.5577231647
"4291","ROSCREA-TEMPLEMORE","Offaly Vaccination Centre",51705.8076097159
"4292","ROSSLARE","Offaly Vaccination Centre",129566.277445451
"4293","RUSH-LUSK","Offaly Vaccination Centre",91088.7719298465
"4294","SHANNON","Offaly Vaccination Centre",103017.899568447
"4295","SKIBBEREEN-WEST CORK","Offaly Vaccination Centre",207343.497808109
"4296","SLIGO-DRUMCLIFF","Offaly Vaccination Centre",131922.184359991
"4297","SLIGO-STRANDHILL","Offaly Vaccination Centre",130326.076313271
"4298","SOUTH EAST INNER CITY","Offaly Vaccination Centre",87376.6231901616
"4299","SOUTH WEST INNER CITY","Offaly Vaccination Centre",83496.4454311963
"4300","STILLORGAN","Offaly Vaccination Centre",89423.5739991875
"4301","SWINFORD","Offaly Vaccination Centre",115383.109466246
"4302","SWORDS","Offaly Vaccination Centre",87844.9947158844
"4303","TALLAGHT CENTRAL","Offaly Vaccination Centre",78347.8189298405
"4304","TALLAGHT SOUTH","Offaly Vaccination Centre",75894.9347069821
"4305","THURLES","Offaly Vaccination Centre",67149.5239085131
"4306","TRALEE","Offaly Vaccination Centre",183897.38107957
"4307","TRAMORE-WATERFORD CITY WEST","Offaly Vaccination Centre",120316.098503752
"4308","TRIM","Offaly Vaccination Centre",51482.1426605906
"4309","TUAM","Offaly Vaccination Centre",94070.8800972055
"4310","TULLAMORE","Offaly Vaccination Centre",3604.04639319531
"4311","TULLOW","Offaly Vaccination Centre",76023.2481809559
"4312","WATERFORD CITY EAST","Offaly Vaccination Centre",122005.807117797
"4313","WATERFORD CITY SOUTH","Offaly Vaccination Centre",119172.859133229
"4314","WESTPORT","Offaly Vaccination Centre",149590.361443124
"4315","WEXFORD","Offaly Vaccination Centre",121167.319440762
"4316","WICKLOW","Offaly Vaccination Centre",91923.57595171
"4317","ADARE-RATHKEALE","Roscommon Vaccination Centre",127261.642995766
"4318","ARDEE","Roscommon Vaccination Centre",115803.281993453
"4319","ARKLOW","Roscommon Vaccination Centre",151946.528599386
"4320","ARTANE-WHITEHALL","Roscommon Vaccination Centre",132744.515125885
"4321","ASHBOURNE","Roscommon Vaccination Centre",113972.36068256
"4322","ATHENRY-ORANMORE","Roscommon Vaccination Centre",52068.4054440856
"4323","ATHLONE","Roscommon Vaccination Centre",28850.3847426866
"4324","ATHLONE","Roscommon Vaccination Centre",18141.4549330818
"4325","ATHY","Roscommon Vaccination Centre",110621.874500094
"4326","BAILIEBOROUGH-COOTEHILL","Roscommon Vaccination Centre",82680.5189973345
"4327","BALBRIGGAN","Roscommon Vaccination Centre",133952.596981109
"4328","BALLINA","Roscommon Vaccination Centre",93036.3846975879
"4329","BALLINAMORE","Roscommon Vaccination Centre",51110.4567424192
"4330","BALLINASLOE","Roscommon Vaccination Centre",24179.267103186
"4331","BALLYBAY-CLONES","Roscommon Vaccination Centre",95443.0483093089
"4332","BALLYFERMOT-DRIMNAGH","Roscommon Vaccination Centre",126258.834596719
"4333","BALLYJAMESDUFF","Roscommon Vaccination Centre",64552.599346062
"4334","BALLYMAHON","Roscommon Vaccination Centre",25257.5405381878
"4335","BALLYMOTE-TOBERCURRY","Roscommon Vaccination Centre",63151.3501923227
"4336","BALLYMUN-FINGLAS","Roscommon Vaccination Centre",128446.584545284
"4337","BALTINGLASS","Roscommon Vaccination Centre",131695.580997851
"4338","BANDON-KINSALE","Roscommon Vaccination Centre",214259.717061025
"4339","BANTRY-WEST CORK","Roscommon Vaccination Centre",237380.976062976
"4340","BELMULLET","Roscommon Vaccination Centre",117363.623595608
"4341","BIRR","Roscommon Vaccination Centre",58844.4973007849
"4342","BLACKROCK","Roscommon Vaccination Centre",138003.926185807
"4343","BLANCHARDSTOWN-MULHUDDART","Roscommon Vaccination Centre",124231.632951096
"4344","BORRIS-IN-OSSORY-MOUNTMELLICK","Roscommon Vaccination Centre",83241.7311972011
"4345","BOYLE","Roscommon Vaccination Centre",30626.5275882622
"4346","BRAY EAST","Roscommon Vaccination Centre",146122.028449764
"4347","BRAY WEST","Roscommon Vaccination Centre",140336.646606162
"4348","BUNCRANA","Roscommon Vaccination Centre",171636.336942759
"4349","CABRA-GLASNEVIN","Roscommon Vaccination Centre",128060.904836155
"4350","CAHIR","Roscommon Vaccination Centre",146227.479119274
"4351","CALLAN-THOMASTOWN","Roscommon Vaccination Centre",139789.655893899
"4352","CAPPAMORE-KILMALLOCK","Roscommon Vaccination Centre",129815.752329287
"4353","CARLOW","Roscommon Vaccination Centre",123307.279768987
"4354","CARNDONAGH","Roscommon Vaccination Centre",191462.946243994
"4355","CARRICK-ON-SHANNON","Roscommon Vaccination Centre",37450.5570597898
"4356","CARRICK-ON-SUIR","Roscommon Vaccination Centre",129353.040018222
"4357","CARRICKMACROSS-CASTLEBLAYNEY","Roscommon Vaccination Centre",107279.481409497
"4358","CARRIGALINE","Roscommon Vaccination Centre",202967.963546503
"4359","CASHEL-TIPPERARY","Roscommon Vaccination Centre",123654.333055232
"4360","CASTLEBAR","Roscommon Vaccination Centre",77090.5229572196
"4361","CASTLECOMER","Roscommon Vaccination Centre",114769.707826163
"4362","CASTLEISLAND","Roscommon Vaccination Centre",176330.983778749
"4363","CASTLEKNOCK","Roscommon Vaccination Centre",121307.666955692
"4364","CAVAN-BELTURBET","Roscommon Vaccination Centre",65222.9086031089
"4365","CELBRIDGE","Roscommon Vaccination Centre",113570.053007069
"4366","CLANE","Roscommon Vaccination Centre",92235.0366789202
"4367","CLAREMORRIS","Roscommon Vaccination Centre",57427.8129407345
"4368","CLONDALKIN","Roscommon Vaccination Centre",120080.002523755
"4369","CLONMEL","Roscommon Vaccination Centre",139370.608302985
"4370","CLONTARF","Roscommon Vaccination Centre",134540.561297739
"4371","COBH","Roscommon Vaccination Centre",185128.751810888
"4372","CONAMARA NORTH","Roscommon Vaccination Centre",100483.61783047
"4373","CONAMARA SOUTH","Roscommon Vaccination Centre",88774.8967237062
"4374","CORCA DHUIBHNE","Roscommon Vaccination Centre",205580.408037708
"4375","CORK CITY NORTH EAST","Roscommon Vaccination Centre",189138.738247974
"4376","CORK CITY NORTH WEST","Roscommon Vaccination Centre",191268.96427347
"4377","CORK CITY SOUTH CENTRAL","Roscommon Vaccination Centre",195972.134595243
"4378","CORK CITY SOUTH EAST","Roscommon Vaccination Centre",195336.667054107
"4379","CORK CITY SOUTH WEST","Roscommon Vaccination Centre",196200.034209729
"4380","DONAGHMEDE","Roscommon Vaccination Centre",136713.829880557
"4381","DONEGAL","Roscommon Vaccination Centre",113384.256594042
"4382","DROGHEDA RURAL","Roscommon Vaccination Centre",122719.166033575
"4383","DROGHEDA URBAN","Roscommon Vaccination Centre",121730.643816738
"4384","DÚN LAOGHAIRE","Roscommon Vaccination Centre",141611.665563948
"4385","DUNDALK-CARLINGFORD","Roscommon Vaccination Centre",132209.570220457
"4386","DUNDALK SOUTH","Roscommon Vaccination Centre",120447.342545099
"4387","DUNDRUM","Roscommon Vaccination Centre",133525.624431054
"4388","DUNGARVAN","Roscommon Vaccination Centre",177160.955074819
"4389","EDENDERRY","Roscommon Vaccination Centre",75302.5695820923
"4390","ENNIS","Roscommon Vaccination Centre",101070.939772442
"4391","ENNISCORTHY","Roscommon Vaccination Centre",158328.451034281
"4392","ENNISTIMON","Roscommon Vaccination Centre",96033.7122906434
"4393","FERMOY","Roscommon Vaccination Centre",162865.694493165
"4394","FIRHOUSE-BOHERNABREENA","Roscommon Vaccination Centre",130364.312117256
"4395","GALWAY CITY CENTRAL","Roscommon Vaccination Centre",69248.2679196501
"4396","GALWAY CITY EAST","Roscommon Vaccination Centre",66032.9835660595
"4397","GALWAY CITY WEST","Roscommon Vaccination Centre",72902.6749557927
"4398","GLENCULLEN-SANDYFORD","Roscommon Vaccination Centre",136106.575363644
"4399","GLENTIES","Roscommon Vaccination Centre",147630.055761644
"4400","GOREY","Roscommon Vaccination Centre",161112.450994167
"4401","GORT-KINVARA","Roscommon Vaccination Centre",68846.7295509513
"4402","GRAIGUECULLEN-PORTARLINGTON","Roscommon Vaccination Centre",102036.693411043
"4403","GRANARD","Roscommon Vaccination Centre",43811.3647287372
"4404","GREYSTONES","Roscommon Vaccination Centre",151546.3548064
"4405","HOWTH-MALAHIDE","Roscommon Vaccination Centre",136675.143838637
"4406","KANTURK","Roscommon Vaccination Centre",165251.620711845
"4407","KELLS","Roscommon Vaccination Centre",86377.8066483374
"4408","KENMARE","Roscommon Vaccination Centre",221180.986305608
"4409","KILDARE","Roscommon Vaccination Centre",96214.7495587627
"4410","KILKENNY","Roscommon Vaccination Centre",122918.227753578
"4411","KILLALOE","Roscommon Vaccination Centre",87762.7925233695
"4412","KILLARNEY","Roscommon Vaccination Centre",195507.489970333
"4413","KILLINEY-SHANKILL","Roscommon Vaccination Centre",142464.359229397
"4414","KILMUCKRIDGE","Roscommon Vaccination Centre",172749.135023854
"4415","KILRUSH","Roscommon Vaccination Centre",128207.585684371
"4416","KIMMAGE-RATHMINES","Roscommon Vaccination Centre",130503.845396258
"4417","KINNEGAD","Roscommon Vaccination Centre",63259.5366181434
"4418","LAYTOWN-BETTYSTOWN","Roscommon Vaccination Centre",113419.800959852
"4419","LEIXLIP","Roscommon Vaccination Centre",115455.57519451
"4420","LETTERKENNY","Roscommon Vaccination Centre",149894.605155476
"4421","LIFFORD-STRANORLAR","Roscommon Vaccination Centre",136812.318471222
"4422","LIMERICK CITY EAST","Roscommon Vaccination Centre",110760.1530544
"4423","LIMERICK CITY NORTH","Roscommon Vaccination Centre",110414.105290172
"4424","LIMERICK CITY WEST","Roscommon Vaccination Centre",115933.377384417
"4425","LISMORE","Roscommon Vaccination Centre",165565.46692605
"4426","LISTOWEL","Roscommon Vaccination Centre",159006.734792382
"4427","LONGFORD","Roscommon Vaccination Centre",28937.9547794198
"4428","LOUGHREA","Roscommon Vaccination Centre",54305.822273692
"4429","LUCAN","Roscommon Vaccination Centre",119106.18308772
"4430","MACROOM","Roscommon Vaccination Centre",196069.926167638
"4431","MALLOW","Roscommon Vaccination Centre",168758.652518369
"4432","MANORHAMILTON","Roscommon Vaccination Centre",75031.3616080111
"4433","MAYNOOTH","Roscommon Vaccination Centre",104086.681635664
"4434","MIDLETON","Roscommon Vaccination Centre",188792.4586524
"4435","MILFORD","Roscommon Vaccination Centre",167965.804831447
"4436","MOATE","Roscommon Vaccination Centre",44927.0186832019
"4437","MONAGHAN","Roscommon Vaccination Centre",108447.714067118
"4438","MUINEBEAG","Roscommon Vaccination Centre",136862.368478845
"4439","MULLINGAR","Roscommon Vaccination Centre",58584.59499661
"4440","NAAS","Roscommon Vaccination Centre",114438.837421769
"4441","NAVAN","Roscommon Vaccination Centre",97852.3751206955
"4442","NENAGH","Roscommon Vaccination Centre",69895.7079537756
"4443","NEW ROSS","Roscommon Vaccination Centre",166944.588107143
"4444","NEWBRIDGE","Roscommon Vaccination Centre",109425.990284667
"4445","NEWCASTLE WEST","Roscommon Vaccination Centre",146765.436340979
"4446","NEWPORT","Roscommon Vaccination Centre",94214.7978831881
"4447","NORTH INNER CITY","Roscommon Vaccination Centre",132185.481691358
"4448","ONGAR","Roscommon Vaccination Centre",119396.097859082
"4449","PALMERSTOWN-FONTHILL","Roscommon Vaccination Centre",123295.469385422
"4450","PEMBROKE","Roscommon Vaccination Centre",133871.154692532
"4451","PILTOWN","Roscommon Vaccination Centre",157177.812238424
"4452","PORTLAOISE","Roscommon Vaccination Centre",93186.2382122153
"4453","PORTLAW-KILMACTHOMAS","Roscommon Vaccination Centre",160163.088156179
"4454","RATHFARNHAM-TEMPLEOGUE","Roscommon Vaccination Centre",129314.982600352
"4455","RATOATH","Roscommon Vaccination Centre",108919.80574635
"4456","ROSCOMMON","Roscommon Vaccination Centre",16612.8673892965
"4457","ROSCREA-TEMPLEMORE","Roscommon Vaccination Centre",91255.7050235761
"4458","ROSSLARE","Roscommon Vaccination Centre",187492.536571565
"4459","RUSH-LUSK","Roscommon Vaccination Centre",128102.040284362
"4460","SHANNON","Roscommon Vaccination Centre",108638.462980741
"4461","SKIBBEREEN-WEST CORK","Roscommon Vaccination Centre",228252.487575459
"4462","SLIGO-DRUMCLIFF","Roscommon Vaccination Centre",78097.694288773
"4463","SLIGO-STRANDHILL","Roscommon Vaccination Centre",75249.219310131
"4464","SOUTH EAST INNER CITY","Roscommon Vaccination Centre",133083.435034836
"4465","SOUTH WEST INNER CITY","Roscommon Vaccination Centre",129285.036649431
"4466","STILLORGAN","Roscommon Vaccination Centre",137065.595298292
"4467","SWINFORD","Roscommon Vaccination Centre",56350.7293079616
"4468","SWORDS","Roscommon Vaccination Centre",128251.936448096
"4469","TALLAGHT CENTRAL","Roscommon Vaccination Centre",125988.656362856
"4470","TALLAGHT SOUTH","Roscommon Vaccination Centre",125244.385892155
"4471","THURLES","Roscommon Vaccination Centre",108630.536952423
"4472","TRALEE","Roscommon Vaccination Centre",182258.228431129
"4473","TRAMORE-WATERFORD CITY WEST","Roscommon Vaccination Centre",172645.353718558
"4474","TRIM","Roscommon Vaccination Centre",87265.7435352143
"4475","TUAM","Roscommon Vaccination Centre",47623.4330260683
"4476","TULLAMORE","Roscommon Vaccination Centre",55823.6942074024
"4477","TULLOW","Roscommon Vaccination Centre",135334.941588518
"4478","WATERFORD CITY EAST","Roscommon Vaccination Centre",176070.964638504
"4479","WATERFORD CITY SOUTH","Roscommon Vaccination Centre",172340.077786539
"4480","WESTPORT","Roscommon Vaccination Centre",96868.3488963542
"4481","WEXFORD","Roscommon Vaccination Centre",179821.819881926
"4482","WICKLOW","Roscommon Vaccination Centre",146618.321966904
"4483","ADARE-RATHKEALE","Sligo Vaccination Centre",191455.893468094
"4484","ARDEE","Sligo Vaccination Centre",136884.158386307
"4485","ARKLOW","Sligo Vaccination Centre",211002.002620312
"4486","ARTANE-WHITEHALL","Sligo Vaccination Centre",176235.822513478
"4487","ASHBOURNE","Sligo Vaccination Centre",151168.761841309
"4488","ATHENRY-ORANMORE","Sligo Vaccination Centre",104931.443946001
"4489","ATHLONE","Sligo Vaccination Centre",98791.9506088355
"4490","ATHLONE","Sligo Vaccination Centre",91430.3304736283
"4491","ATHY","Sligo Vaccination Centre",174454.043878522
"4492","BAILIEBOROUGH-COOTEHILL","Sligo Vaccination Centre",94866.4867228769
"4493","BALBRIGGAN","Sligo Vaccination Centre",169181.023241996
"4494","BALLINA","Sligo Vaccination Centre",55693.5462533931
"4495","BALLINAMORE","Sligo Vaccination Centre",48205.983781325
"4496","BALLINASLOE","Sligo Vaccination Centre",89950.2333438652
"4497","BALLYBAY-CLONES","Sligo Vaccination Centre",95222.0711422004
"4498","BALLYFERMOT-DRIMNAGH","Sligo Vaccination Centre",173326.561174383
"4499","BALLYJAMESDUFF","Sligo Vaccination Centre",87581.239236038
"4500","BALLYMAHON","Sligo Vaccination Centre",82993.8295512778
"4501","BALLYMOTE-TOBERCURRY","Sligo Vaccination Centre",21326.6483360186
"4502","BALLYMUN-FINGLAS","Sligo Vaccination Centre",172726.497297872
"4503","BALTINGLASS","Sligo Vaccination Centre",192066.915568388
"4504","BANDON-KINSALE","Sligo Vaccination Centre",283120.109186057
"4505","BANTRY-WEST CORK","Sligo Vaccination Centre",298807.909173092
"4506","BELMULLET","Sligo Vaccination Centre",87665.065257807
"4507","BIRR","Sligo Vaccination Centre",131766.066568461
"4508","BLACKROCK","Sligo Vaccination Centre",184860.709523632
"4509","BLANCHARDSTOWN-MULHUDDART","Sligo Vaccination Centre",167979.807943204
"4510","BORRIS-IN-OSSORY-MOUNTMELLICK","Sligo Vaccination Centre",154506.557547951
"4511","BOYLE","Sligo Vaccination Centre",43374.4610785693
"4512","BRAY EAST","Sligo Vaccination Centre",195295.301686036
"4513","BRAY WEST","Sligo Vaccination Centre",191476.340906893
"4514","BUNCRANA","Sligo Vaccination Centre",115310.218556825
"4515","CABRA-GLASNEVIN","Sligo Vaccination Centre",173580.71258013
"4516","CAHIR","Sligo Vaccination Centre",219036.146301743
"4517","CALLAN-THOMASTOWN","Sligo Vaccination Centre",211480.202348677
"4518","CAPPAMORE-KILMALLOCK","Sligo Vaccination Centre",199820.098060555
"4519","CARLOW","Sligo Vaccination Centre",190041.182003422
"4520","CARNDONAGH","Sligo Vaccination Centre",135583.690036963
"4521","CARRICK-ON-SHANNON","Sligo Vaccination Centre",50999.5836775565
"4522","CARRICK-ON-SUIR","Sligo Vaccination Centre",202573.980199278
"4523","CARRICKMACROSS-CASTLEBLAYNEY","Sligo Vaccination Centre",116979.560346648
"4524","CARRIGALINE","Sligo Vaccination Centre",273413.224330029
"4525","CASHEL-TIPPERARY","Sligo Vaccination Centre",196074.966235578
"4526","CASTLEBAR","Sligo Vaccination Centre",74309.3090536569
"4527","CASTLECOMER","Sligo Vaccination Centre",186147.458918167
"4528","CASTLEISLAND","Sligo Vaccination Centre",235295.234389787
"4529","CASTLEKNOCK","Sligo Vaccination Centre",167501.812373642
"4530","CAVAN-BELTURBET","Sligo Vaccination Centre",55531.0839671291
"4531","CELBRIDGE","Sligo Vaccination Centre",163401.543215018
"4532","CLANE","Sligo Vaccination Centre",146559.602025899
"4533","CLAREMORRIS","Sligo Vaccination Centre",76711.9624260934
"4534","CLONDALKIN","Sligo Vaccination Centre",170231.472334888
"4535","CLONMEL","Sligo Vaccination Centre",212683.436467707
"4536","CLONTARF","Sligo Vaccination Centre",178734.925216247
"4537","COBH","Sligo Vaccination Centre",255794.096766278
"4538","CONAMARA NORTH","Sligo Vaccination Centre",119188.03582884
"4539","CONAMARA SOUTH","Sligo Vaccination Centre",125189.808606183
"4540","CORCA DHUIBHNE","Sligo Vaccination Centre",255860.093616476
"4541","CORK CITY NORTH EAST","Sligo Vaccination Centre",259496.563788441
"4542","CORK CITY NORTH WEST","Sligo Vaccination Centre",260746.096176809
"4543","CORK CITY SOUTH CENTRAL","Sligo Vaccination Centre",266104.675657238
"4544","CORK CITY SOUTH EAST","Sligo Vaccination Centre",265825.297326882
"4545","CORK CITY SOUTH WEST","Sligo Vaccination Centre",265859.939317533
"4546","DONAGHMEDE","Sligo Vaccination Centre",179760.058508104
"4547","DONEGAL","Sligo Vaccination Centre",45146.6191586414
"4548","DROGHEDA RURAL","Sligo Vaccination Centre",149568.982115655
"4549","DROGHEDA URBAN","Sligo Vaccination Centre",151257.913957517
"4550","DÚN LAOGHAIRE","Sligo Vaccination Centre",188364.845624988
"4551","DUNDALK-CARLINGFORD","Sligo Vaccination Centre",143129.795457528
"4552","DUNDALK SOUTH","Sligo Vaccination Centre",134178.683380523
"4553","DUNDRUM","Sligo Vaccination Centre",181113.091294377
"4554","DUNGARVAN","Sligo Vaccination Centre",250390.416405048
"4555","EDENDERRY","Sligo Vaccination Centre",136973.385393168
"4556","ENNIS","Sligo Vaccination Centre",160900.756722105
"4557","ENNISCORTHY","Sligo Vaccination Centre",225691.38253412
"4558","ENNISTIMON","Sligo Vaccination Centre",148691.549579708
"4559","FERMOY","Sligo Vaccination Centre",233803.521048867
"4560","FIRHOUSE-BOHERNABREENA","Sligo Vaccination Centre",180763.898470765
"4561","GALWAY CITY CENTRAL","Sligo Vaccination Centre",115233.850146436
"4562","GALWAY CITY EAST","Sligo Vaccination Centre",114445.578213528
"4563","GALWAY CITY WEST","Sligo Vaccination Centre",118562.08186265
"4564","GLENCULLEN-SANDYFORD","Sligo Vaccination Centre",185214.245265874
"4565","GLENTIES","Sligo Vaccination Centre",78074.0609398278
"4566","GOREY","Sligo Vaccination Centre",224245.85436766
"4567","GORT-KINVARA","Sligo Vaccination Centre",128434.203727514
"4568","GRAIGUECULLEN-PORTARLINGTON","Sligo Vaccination Centre",169038.944449197
"4569","GRANARD","Sligo Vaccination Centre",76175.4054012702
"4570","GREYSTONES","Sligo Vaccination Centre",203229.708332334
"4571","HOWTH-MALAHIDE","Sligo Vaccination Centre",178520.363837825
"4572","KANTURK","Sligo Vaccination Centre",230015.493996824
"4573","KELLS","Sligo Vaccination Centre",117071.213997323
"4574","KENMARE","Sligo Vaccination Centre",277596.240613284
"4575","KILDARE","Sligo Vaccination Centre",156738.386595812
"4576","KILKENNY","Sligo Vaccination Centre",194413.671689528
"4577","KILLALOE","Sligo Vaccination Centre",153820.310549289
"4578","KILLARNEY","Sligo Vaccination Centre",255916.469482741
"4579","KILLINEY-SHANKILL","Sligo Vaccination Centre",190869.110689106
"4580","KILMUCKRIDGE","Sligo Vaccination Centre",238680.266190654
"4581","KILRUSH","Sligo Vaccination Centre",182776.429942436
"4582","KIMMAGE-RATHMINES","Sligo Vaccination Centre",177541.507100316
"4583","KINNEGAD","Sligo Vaccination Centre",108955.490006503
"4584","LAYTOWN-BETTYSTOWN","Sligo Vaccination Centre",143781.073433991
"4585","LEIXLIP","Sligo Vaccination Centre",162837.10573632
"4586","LETTERKENNY","Sligo Vaccination Centre",87640.1416605861
"4587","LIFFORD-STRANORLAR","Sligo Vaccination Centre",77554.0908005972
"4588","LIMERICK CITY EAST","Sligo Vaccination Centre",179260.609209901
"4589","LIMERICK CITY NORTH","Sligo Vaccination Centre",177434.637238138
"4590","LIMERICK CITY WEST","Sligo Vaccination Centre",182197.444002357
"4591","LISMORE","Sligo Vaccination Centre",238475.735710169
"4592","LISTOWEL","Sligo Vaccination Centre",213642.012109232
"4593","LONGFORD","Sligo Vaccination Centre",71336.4881122118
"4594","LOUGHREA","Sligo Vaccination Centre",123170.773707157
"4595","LUCAN","Sligo Vaccination Centre",166922.198430171
"4596","MACROOM","Sligo Vaccination Centre",262173.454648013
"4597","MALLOW","Sligo Vaccination Centre",236753.307708322
"4598","MANORHAMILTON","Sligo Vaccination Centre",17996.8604273254
"4599","MAYNOOTH","Sligo Vaccination Centre",154039.002861144
"4600","MIDLETON","Sligo Vaccination Centre",260954.700890053
"4601","MILFORD","Sligo Vaccination Centre",105161.931322937
"4602","MOATE","Sligo Vaccination Centre",105602.757148522
"4603","MONAGHAN","Sligo Vaccination Centre",96721.1290821134
"4604","MUINEBEAG","Sligo Vaccination Centre",205753.554588391
"4605","MULLINGAR","Sligo Vaccination Centre",111277.056139904
"4606","NAAS","Sligo Vaccination Centre",168842.249239514
"4607","NAVAN","Sligo Vaccination Centre",134169.263081527
"4608","NENAGH","Sligo Vaccination Centre",142586.277681136
"4609","NEW ROSS","Sligo Vaccination Centre",237310.180722484
"4610","NEWBRIDGE","Sligo Vaccination Centre",167334.59716103
"4611","NEWCASTLE WEST","Sligo Vaccination Centre",208824.1093019
"4612","NEWPORT","Sligo Vaccination Centre",165596.704351915
"4613","NORTH INNER CITY","Sligo Vaccination Centre",177492.220715644
"4614","ONGAR","Sligo Vaccination Centre",165038.868445068
"4615","PALMERSTOWN-FONTHILL","Sligo Vaccination Centre",170308.130688435
"4616","PEMBROKE","Sligo Vaccination Centre",180168.626679845
"4617","PILTOWN","Sligo Vaccination Centre",229395.3550333
"4618","PORTLAOISE","Sligo Vaccination Centre",162589.635733376
"4619","PORTLAW-KILMACTHOMAS","Sligo Vaccination Centre",233390.856569752
"4620","RATHFARNHAM-TEMPLEOGUE","Sligo Vaccination Centre",177348.696750413
"4621","RATOATH","Sligo Vaccination Centre",152740.036404432
"4622","ROSCOMMON","Sligo Vaccination Centre",59639.4563519139
"4623","ROSCREA-TEMPLEMORE","Sligo Vaccination Centre",164568.264924911
"4624","ROSSLARE","Sligo Vaccination Centre",256923.527634497
"4625","RUSH-LUSK","Sligo Vaccination Centre",165721.195829353
"4626","SHANNON","Sligo Vaccination Centre",173278.153512989
"4627","SKIBBEREEN-WEST CORK","Sligo Vaccination Centre",294101.037473302
"4628","SLIGO-DRUMCLIFF","Sligo Vaccination Centre",4826.76488288695
"4629","SLIGO-STRANDHILL","Sligo Vaccination Centre",4686.17301331735
"4630","SOUTH EAST INNER CITY","Sligo Vaccination Centre",178813.886231896
"4631","SOUTH WEST INNER CITY","Sligo Vaccination Centre",175620.34999947
"4632","STILLORGAN","Sligo Vaccination Centre",184380.842305809
"4633","SWINFORD","Sligo Vaccination Centre",47484.5498842523
"4634","SWORDS","Sligo Vaccination Centre",169259.79703053
"4635","TALLAGHT CENTRAL","Sligo Vaccination Centre",174695.346834763
"4636","TALLAGHT SOUTH","Sligo Vaccination Centre",175835.269153792
"4637","THURLES","Sligo Vaccination Centre",181940.72513703
"4638","TRALEE","Sligo Vaccination Centre",236227.002612545
"4639","TRAMORE-WATERFORD CITY WEST","Sligo Vaccination Centre",245279.675071097
"4640","TRIM","Sligo Vaccination Centre",133885.503715343
"4641","TUAM","Sligo Vaccination Centre",87079.360564012
"4642","TULLAMORE","Sligo Vaccination Centre",123846.718663829
"4643","TULLOW","Sligo Vaccination Centre",200900.917760265
"4644","WATERFORD CITY EAST","Sligo Vaccination Centre",248175.91518152
"4645","WATERFORD CITY SOUTH","Sligo Vaccination Centre",244740.23585886
"4646","WESTPORT","Sligo Vaccination Centre",95716.7926683388
"4647","WEXFORD","Sligo Vaccination Centre",248080.12275081
"4648","WICKLOW","Sligo Vaccination Centre",201651.261765855
"4649","ADARE-RATHKEALE","Nenagh Vaccination Centre",57984.2745680837
"4650","ARDEE","Nenagh Vaccination Centre",159458.717257286
"4651","ARKLOW","Nenagh Vaccination Centre",129214.40487217
"4652","ARTANE-WHITEHALL","Nenagh Vaccination Centre",144214.999593426
"4653","ASHBOURNE","Nenagh Vaccination Centre",140339.368550487
"4654","ATHENRY-ORANMORE","Nenagh Vaccination Centre",67561.304984272
"4655","ATHLONE","Nenagh Vaccination Centre",68185.1512766642
"4656","ATHLONE","Nenagh Vaccination Centre",66700.1673568165
"4657","ATHY","Nenagh Vaccination Centre",88816.6791055603
"4658","BAILIEBOROUGH-COOTEHILL","Nenagh Vaccination Centre",144482.813944298
"4659","BALBRIGGAN","Nenagh Vaccination Centre",156649.079098836
"4660","BALLINA","Nenagh Vaccination Centre",160147.971393422
"4661","BALLINAMORE","Nenagh Vaccination Centre",132117.359463325
"4662","BALLINASLOE","Nenagh Vaccination Centre",67270.5242398787
"4663","BALLYBAY-CLONES","Nenagh Vaccination Centre",161105.713266933
"4664","BALLYFERMOT-DRIMNAGH","Nenagh Vaccination Centre",134102.311215283
"4665","BALLYJAMESDUFF","Nenagh Vaccination Centre",126587.536182469
"4666","BALLYMAHON","Nenagh Vaccination Centre",88390.815071464
"4667","BALLYMOTE-TOBERCURRY","Nenagh Vaccination Centre",142590.366253735
"4668","BALLYMUN-FINGLAS","Nenagh Vaccination Centre",140017.934722115
"4669","BALTINGLASS","Nenagh Vaccination Centre",111339.927155085
"4670","BANDON-KINSALE","Nenagh Vaccination Centre",131499.805101758
"4671","BANTRY-WEST CORK","Nenagh Vaccination Centre",163305.87809294
"4672","BELMULLET","Nenagh Vaccination Centre",173295.746980639
"4673","BIRR","Nenagh Vaccination Centre",38176.7729486566
"4674","BLACKROCK","Nenagh Vaccination Centre",142618.239860956
"4675","BLANCHARDSTOWN-MULHUDDART","Nenagh Vaccination Centre",137964.952802652
"4676","BORRIS-IN-OSSORY-MOUNTMELLICK","Nenagh Vaccination Centre",47519.9405034271
"4677","BOYLE","Nenagh Vaccination Centre",114956.614965968
"4678","BRAY EAST","Nenagh Vaccination Centre",144599.459845885
"4679","BRAY WEST","Nenagh Vaccination Centre",136851.247899554
"4680","BUNCRANA","Nenagh Vaccination Centre",253618.417841425
"4681","CABRA-GLASNEVIN","Nenagh Vaccination Centre",137817.527826917
"4682","CAHIR","Nenagh Vaccination Centre",62928.9215380779
"4683","CALLAN-THOMASTOWN","Nenagh Vaccination Centre",77910.1310160967
"4684","CAPPAMORE-KILMALLOCK","Nenagh Vaccination Centre",47286.1316356837
"4685","CARLOW","Nenagh Vaccination Centre",87364.5369200101
"4686","CARNDONAGH","Nenagh Vaccination Centre",272907.526406616
"4687","CARRICK-ON-SHANNON","Nenagh Vaccination Centre",119179.909332585
"4688","CARRICK-ON-SUIR","Nenagh Vaccination Centre",55488.0394134139
"4689","CARRICKMACROSS-CASTLEBLAYNEY","Nenagh Vaccination Centre",163070.644924028
"4690","CARRIGALINE","Nenagh Vaccination Centre",118977.445548887
"4691","CASHEL-TIPPERARY","Nenagh Vaccination Centre",39611.0185603194
"4692","CASTLEBAR","Nenagh Vaccination Centre",129495.665207617
"4693","CASTLECOMER","Nenagh Vaccination Centre",61019.5762681133
"4694","CASTLEISLAND","Nenagh Vaccination Centre",110035.639620778
"4695","CASTLEKNOCK","Nenagh Vaccination Centre",132227.835115318
"4696","CAVAN-BELTURBET","Nenagh Vaccination Centre",143766.629175312
"4697","CELBRIDGE","Nenagh Vaccination Centre",121302.138176294
"4698","CLANE","Nenagh Vaccination Centre",101708.688087334
"4699","CLAREMORRIS","Nenagh Vaccination Centre",106160.016976935
"4700","CLONDALKIN","Nenagh Vaccination Centre",124810.312552148
"4701","CLONMEL","Nenagh Vaccination Centre",61139.507072909
"4702","CLONTARF","Nenagh Vaccination Centre",144404.528285619
"4703","COBH","Nenagh Vaccination Centre",101070.249110255
"4704","CONAMARA NORTH","Nenagh Vaccination Centre",120213.866910001
"4705","CONAMARA SOUTH","Nenagh Vaccination Centre",93088.2345183435
"4706","CORCA DHUIBHNE","Nenagh Vaccination Centre",150243.489596324
"4707","CORK CITY NORTH EAST","Nenagh Vaccination Centre",105271.420760076
"4708","CORK CITY NORTH WEST","Nenagh Vaccination Centre",108145.304930428
"4709","CORK CITY SOUTH CENTRAL","Nenagh Vaccination Centre",112235.094858272
"4710","CORK CITY SOUTH EAST","Nenagh Vaccination Centre",111348.963207939
"4711","CORK CITY SOUTH WEST","Nenagh Vaccination Centre",112857.641008277
"4712","DONAGHMEDE","Nenagh Vaccination Centre",147713.107553684
"4713","DONEGAL","Nenagh Vaccination Centre",197789.209992305
"4714","DROGHEDA RURAL","Nenagh Vaccination Centre",158499.979684837
"4715","DROGHEDA URBAN","Nenagh Vaccination Centre",154837.84387962
"4716","DÚN LAOGHAIRE","Nenagh Vaccination Centre",145396.556443062
"4717","DUNDALK-CARLINGFORD","Nenagh Vaccination Centre",180909.55383177
"4718","DUNDALK SOUTH","Nenagh Vaccination Centre",169504.865835205
"4719","DUNDRUM","Nenagh Vaccination Centre",138232.283919073
"4720","DUNGARVAN","Nenagh Vaccination Centre",95701.3960308648
"4721","EDENDERRY","Nenagh Vaccination Centre",80236.1702357823
"4722","ENNIS","Nenagh Vaccination Centre",53053.5953809225
"4723","ENNISCORTHY","Nenagh Vaccination Centre",111521.39848658
"4724","ENNISTIMON","Nenagh Vaccination Centre",67628.7862565766
"4725","FERMOY","Nenagh Vaccination Centre",78732.3748991199
"4726","FIRHOUSE-BOHERNABREENA","Nenagh Vaccination Centre",131183.708475424
"4727","GALWAY CITY CENTRAL","Nenagh Vaccination Centre",75487.7253538776
"4728","GALWAY CITY EAST","Nenagh Vaccination Centre",71744.9636805354
"4729","GALWAY CITY WEST","Nenagh Vaccination Centre",76109.9771558168
"4730","GLENCULLEN-SANDYFORD","Nenagh Vaccination Centre",137457.498005046
"4731","GLENTIES","Nenagh Vaccination Centre",232035.886332789
"4732","GOREY","Nenagh Vaccination Centre",126308.001925041
"4733","GORT-KINVARA","Nenagh Vaccination Centre",50181.5132984599
"4734","GRAIGUECULLEN-PORTARLINGTON","Nenagh Vaccination Centre",74050.3578830492
"4735","GRANARD","Nenagh Vaccination Centre",111758.077027072
"4736","GREYSTONES","Nenagh Vaccination Centre",144130.535440596
"4737","HOWTH-MALAHIDE","Nenagh Vaccination Centre",149480.973124668
"4738","KANTURK","Nenagh Vaccination Centre",89823.5462841735
"4739","KELLS","Nenagh Vaccination Centre",131212.244694358
"4740","KENMARE","Nenagh Vaccination Centre",155135.646338741
"4741","KILDARE","Nenagh Vaccination Centre",90295.2595668605
"4742","KILKENNY","Nenagh Vaccination Centre",65932.2140927825
"4743","KILLALOE","Nenagh Vaccination Centre",30577.8300389068
"4744","KILLARNEY","Nenagh Vaccination Centre",125094.454387148
"4745","KILLINEY-SHANKILL","Nenagh Vaccination Centre",143240.904074576
"4746","KILMUCKRIDGE","Nenagh Vaccination Centre",128059.548329396
"4747","KILRUSH","Nenagh Vaccination Centre",80063.0362714246
"4748","KIMMAGE-RATHMINES","Nenagh Vaccination Centre",137044.389924323
"4749","KINNEGAD","Nenagh Vaccination Centre",104354.968450794
"4750","LAYTOWN-BETTYSTOWN","Nenagh Vaccination Centre",148192.636583543
"4751","LEIXLIP","Nenagh Vaccination Centre",126570.960431992
"4752","LETTERKENNY","Nenagh Vaccination Centre",233625.791554964
"4753","LIFFORD-STRANORLAR","Nenagh Vaccination Centre",220203.250857306
"4754","LIMERICK CITY EAST","Nenagh Vaccination Centre",33725.9267348127
"4755","LIMERICK CITY NORTH","Nenagh Vaccination Centre",37867.0436230296
"4756","LIMERICK CITY WEST","Nenagh Vaccination Centre",44046.6093175444
"4757","LISMORE","Nenagh Vaccination Centre",82464.3064987977
"4758","LISTOWEL","Nenagh Vaccination Centre",102960.027531675
"4759","LONGFORD","Nenagh Vaccination Centre",101894.856418901
"4760","LOUGHREA","Nenagh Vaccination Centre",35750.1096579094
"4761","LUCAN","Nenagh Vaccination Centre",128169.269688199
"4762","MACROOM","Nenagh Vaccination Centre",116981.492978424
"4763","MALLOW","Nenagh Vaccination Centre",87892.8859804695
"4764","MANORHAMILTON","Nenagh Vaccination Centre",159446.217158965
"4765","MAYNOOTH","Nenagh Vaccination Centre",115563.763104379
"4766","MIDLETON","Nenagh Vaccination Centre",104505.671169877
"4767","MILFORD","Nenagh Vaccination Centre",251609.449403555
"4768","MOATE","Nenagh Vaccination Centre",80576.6475770494
"4769","MONAGHAN","Nenagh Vaccination Centre",177534.134367914
"4770","MUINEBEAG","Nenagh Vaccination Centre",88949.4502817462
"4771","MULLINGAR","Nenagh Vaccination Centre",93778.7959975444
"4772","NAAS","Nenagh Vaccination Centre",113383.631479022
"4773","NAVAN","Nenagh Vaccination Centre",131494.310041544
"4774","NENAGH","Nenagh Vaccination Centre",15317.3979379749
"4775","NEW ROSS","Nenagh Vaccination Centre",107650.074564778
"4776","NEWBRIDGE","Nenagh Vaccination Centre",103124.014447615
"4777","NEWCASTLE WEST","Nenagh Vaccination Centre",78566.8431499053
"4778","NEWPORT","Nenagh Vaccination Centre",11009.2469068138
"4779","NORTH INNER CITY","Nenagh Vaccination Centre",141005.177832483
"4780","ONGAR","Nenagh Vaccination Centre",131855.251489743
"4781","PALMERSTOWN-FONTHILL","Nenagh Vaccination Centre",132215.619869353
"4782","PEMBROKE","Nenagh Vaccination Centre",140598.943360812
"4783","PILTOWN","Nenagh Vaccination Centre",89704.9615042139
"4784","PORTLAOISE","Nenagh Vaccination Centre",60421.5948573516
"4785","PORTLAW-KILMACTHOMAS","Nenagh Vaccination Centre",83739.4392365379
"4786","RATHFARNHAM-TEMPLEOGUE","Nenagh Vaccination Centre",134570.699571492
"4787","RATOATH","Nenagh Vaccination Centre",128061.601895142
"4788","ROSCOMMON","Nenagh Vaccination Centre",96868.0890113598
"4789","ROSCREA-TEMPLEMORE","Nenagh Vaccination Centre",23306.3103532439
"4790","ROSSLARE","Nenagh Vaccination Centre",129579.297688776
"4791","RUSH-LUSK","Nenagh Vaccination Centre",149335.9228318
"4792","SHANNON","Nenagh Vaccination Centre",43716.0287158774
"4793","SKIBBEREEN-WEST CORK","Nenagh Vaccination Centre",148652.607812699
"4794","SLIGO-DRUMCLIFF","Nenagh Vaccination Centre",161330.465701902
"4795","SLIGO-STRANDHILL","Nenagh Vaccination Centre",157787.507597061
"4796","SOUTH EAST INNER CITY","Nenagh Vaccination Centre",140959.35822405
"4797","SOUTH WEST INNER CITY","Nenagh Vaccination Centre",137351.145918266
"4798","STILLORGAN","Nenagh Vaccination Centre",141187.650710585
"4799","SWINFORD","Nenagh Vaccination Centre",125696.964926588
"4800","SWORDS","Nenagh Vaccination Centre",144745.992807115
"4801","TALLAGHT CENTRAL","Nenagh Vaccination Centre",131181.081015217
"4802","TALLAGHT SOUTH","Nenagh Vaccination Centre",127393.820037587
"4803","THURLES","Nenagh Vaccination Centre",33268.8082262408
"4804","TRALEE","Nenagh Vaccination Centre",123760.160944103
"4805","TRAMORE-WATERFORD CITY WEST","Nenagh Vaccination Centre",101140.99508312
"4806","TRIM","Nenagh Vaccination Centre",112244.221878836
"4807","TUAM","Nenagh Vaccination Centre",86434.8417898078
"4808","TULLAMORE","Nenagh Vaccination Centre",62302.9269771347
"4809","TULLOW","Nenagh Vaccination Centre",99545.6495259976
"4810","WATERFORD CITY EAST","Nenagh Vaccination Centre",107580.492291388
"4811","WATERFORD CITY SOUTH","Nenagh Vaccination Centre",102391.646050412
"4812","WESTPORT","Nenagh Vaccination Centre",137957.704658628
"4813","WEXFORD","Nenagh Vaccination Centre",126828.440925003
"4814","WICKLOW","Nenagh Vaccination Centre",133919.189622609
"4815","ADARE-RATHKEALE","Clonmel Vaccination Centre",81661.154246869
"4816","ARDEE","Clonmel Vaccination Centre",188173.007417284
"4817","ARKLOW","Clonmel Vaccination Centre",115233.999688241
"4818","ARTANE-WHITEHALL","Clonmel Vaccination Centre",153933.318567424
"4819","ASHBOURNE","Clonmel Vaccination Centre",161258.912447904
"4820","ATHENRY-ORANMORE","Clonmel Vaccination Centre",131796.987691443
"4821","ATHLONE","Clonmel Vaccination Centre",121799.703764314
"4822","ATHLONE","Clonmel Vaccination Centre",126279.309490375
"4823","ATHY","Clonmel Vaccination Centre",91988.923104045
"4824","BAILIEBOROUGH-COOTEHILL","Clonmel Vaccination Centre",186377.994724798
"4825","BALBRIGGAN","Clonmel Vaccination Centre",171823.835059799
"4826","BALLINA","Clonmel Vaccination Centre",224769.500898206
"4827","BALLINAMORE","Clonmel Vaccination Centre",186873.325109307
"4828","BALLINASLOE","Clonmel Vaccination Centre",130642.396391408
"4829","BALLYBAY-CLONES","Clonmel Vaccination Centre",203537.862928764
"4830","BALLYFERMOT-DRIMNAGH","Clonmel Vaccination Centre",143614.614831296
"4831","BALLYJAMESDUFF","Clonmel Vaccination Centre",171116.495624733
"4832","BALLYMAHON","Clonmel Vaccination Centre",141396.371750204
"4833","BALLYMOTE-TOBERCURRY","Clonmel Vaccination Centre",205487.942098348
"4834","BALLYMUN-FINGLAS","Clonmel Vaccination Centre",150777.877167105
"4835","BALTINGLASS","Clonmel Vaccination Centre",105399.13634735
"4836","BANDON-KINSALE","Clonmel Vaccination Centre",95620.2954986305
"4837","BANTRY-WEST CORK","Clonmel Vaccination Centre",147029.696054344
"4838","BELMULLET","Clonmel Vaccination Centre",237492.231729545
"4839","BIRR","Clonmel Vaccination Centre",87271.7798458281
"4840","BLACKROCK","Clonmel Vaccination Centre",147621.359645194
"4841","BLANCHARDSTOWN-MULHUDDART","Clonmel Vaccination Centre",150764.1371702
"4842","BORRIS-IN-OSSORY-MOUNTMELLICK","Clonmel Vaccination Centre",72451.9253609288
"4843","BOYLE","Clonmel Vaccination Centre",174823.254914348
"4844","BRAY EAST","Clonmel Vaccination Centre",144411.576268529
"4845","BRAY WEST","Clonmel Vaccination Centre",137014.354640668
"4846","BUNCRANA","Clonmel Vaccination Centre",305815.783508941
"4847","CABRA-GLASNEVIN","Clonmel Vaccination Centre",147791.270845572
"4848","CAHIR","Clonmel Vaccination Centre",16407.0250277448
"4849","CALLAN-THOMASTOWN","Clonmel Vaccination Centre",41518.9211019385
"4850","CAPPAMORE-KILMALLOCK","Clonmel Vaccination Centre",49216.4228671929
"4851","CARLOW","Clonmel Vaccination Centre",77741.1811744264
"4852","CARNDONAGH","Clonmel Vaccination Centre",324054.862223286
"4853","CARRICK-ON-SHANNON","Clonmel Vaccination Centre",175218.060329268
"4854","CARRICK-ON-SUIR","Clonmel Vaccination Centre",19809.0600432186
"4855","CARRICKMACROSS-CASTLEBLAYNEY","Clonmel Vaccination Centre",199035.86593026
"4856","CARRIGALINE","Clonmel Vaccination Centre",77252.338588397
"4857","CASHEL-TIPPERARY","Clonmel Vaccination Centre",30316.1857615639
"4858","CASTLEBAR","Clonmel Vaccination Centre",193924.665340296
"4859","CASTLECOMER","Clonmel Vaccination Centre",51219.3611383736
"4860","CASTLEISLAND","Clonmel Vaccination Centre",116817.775327259
"4861","CASTLEKNOCK","Clonmel Vaccination Centre",144459.764886064
"4862","CAVAN-BELTURBET","Clonmel Vaccination Centre",196028.929768815
"4863","CELBRIDGE","Clonmel Vaccination Centre",134348.25783279
"4864","CLANE","Clonmel Vaccination Centre",122865.693523202
"4865","CLAREMORRIS","Clonmel Vaccination Centre",170731.383092606
"4866","CLONDALKIN","Clonmel Vaccination Centre",134608.38761161
"4867","CLONMEL","Clonmel Vaccination Centre",6515.6160072579
"4868","CLONTARF","Clonmel Vaccination Centre",152906.22929354
"4869","COBH","Clonmel Vaccination Centre",61950.6397714488
"4870","CONAMARA NORTH","Clonmel Vaccination Centre",180367.165732936
"4871","CONAMARA SOUTH","Clonmel Vaccination Centre",152261.028764139
"4872","CORCA DHUIBHNE","Clonmel Vaccination Centre",162812.413665241
"4873","CORK CITY NORTH EAST","Clonmel Vaccination Centre",67067.5722905685
"4874","CORK CITY NORTH WEST","Clonmel Vaccination Centre",74444.4841494353
"4875","CORK CITY SOUTH CENTRAL","Clonmel Vaccination Centre",73714.3817472906
"4876","CORK CITY SOUTH EAST","Clonmel Vaccination Centre",70876.9474840153
"4877","CORK CITY SOUTH WEST","Clonmel Vaccination Centre",76896.6290296197
"4878","DONAGHMEDE","Clonmel Vaccination Centre",156316.550410765
"4879","DONEGAL","Clonmel Vaccination Centre",256564.642015581
"4880","DROGHEDA RURAL","Clonmel Vaccination Centre",182231.807874947
"4881","DROGHEDA URBAN","Clonmel Vaccination Centre",177413.897179733
"4882","DÚN LAOGHAIRE","Clonmel Vaccination Centre",149127.737890156
"4883","DUNDALK-CARLINGFORD","Clonmel Vaccination Centre",210202.641026477
"4884","DUNDALK SOUTH","Clonmel Vaccination Centre",200364.75556618
"4885","DUNDRUM","Clonmel Vaccination Centre",144365.433854011
"4886","DUNGARVAN","Clonmel Vaccination Centre",32995.8746825964
"4887","EDENDERRY","Clonmel Vaccination Centre",108729.03955846
"4888","ENNIS","Clonmel Vaccination Centre",100656.935442723
"4889","ENNISCORTHY","Clonmel Vaccination Centre",79045.6455193551
"4890","ENNISTIMON","Clonmel Vaccination Centre",120615.530022343
"4891","FERMOY","Clonmel Vaccination Centre",45975.6166452462
"4892","FIRHOUSE-BOHERNABREENA","Clonmel Vaccination Centre",136212.949302218
"4893","GALWAY CITY CENTRAL","Clonmel Vaccination Centre",137585.58913608
"4894","GALWAY CITY EAST","Clonmel Vaccination Centre",134281.000881663
"4895","GALWAY CITY WEST","Clonmel Vaccination Centre",137514.423866738
"4896","GLENCULLEN-SANDYFORD","Clonmel Vaccination Centre",141235.164302868
"4897","GLENTIES","Clonmel Vaccination Centre",290598.576410874
"4898","GOREY","Clonmel Vaccination Centre",101813.498661103
"4899","GORT-KINVARA","Clonmel Vaccination Centre",112013.50789959
"4900","GRAIGUECULLEN-PORTARLINGTON","Clonmel Vaccination Centre",81055.2359859349
"4901","GRANARD","Clonmel Vaccination Centre",161549.352393795
"4902","GREYSTONES","Clonmel Vaccination Centre",139347.0843015
"4903","HOWTH-MALAHIDE","Clonmel Vaccination Centre",159025.910065728
"4904","KANTURK","Clonmel Vaccination Centre",86693.8183631754
"4905","KELLS","Clonmel Vaccination Centre",165485.045522888
"4906","KENMARE","Clonmel Vaccination Centre",153362.081577718
"4907","KILDARE","Clonmel Vaccination Centre",105697.396353674
"4908","KILKENNY","Clonmel Vaccination Centre",46772.2270531844
"4909","KILLALOE","Clonmel Vaccination Centre",85239.8090928066
"4910","KILLARNEY","Clonmel Vaccination Centre",121734.450758927
"4911","KILLINEY-SHANKILL","Clonmel Vaccination Centre",145162.52924695
"4912","KILMUCKRIDGE","Clonmel Vaccination Centre",93139.8943630024
"4913","KILRUSH","Clonmel Vaccination Centre",116376.782646728
"4914","KIMMAGE-RATHMINES","Clonmel Vaccination Centre",144844.776276838
"4915","KINNEGAD","Clonmel Vaccination Centre",143171.565395084
"4916","LAYTOWN-BETTYSTOWN","Clonmel Vaccination Centre",173041.409959213
"4917","LEIXLIP","Clonmel Vaccination Centre",140479.559152375
"4918","LETTERKENNY","Clonmel Vaccination Centre",289070.670614248
"4919","LIFFORD-STRANORLAR","Clonmel Vaccination Centre",275142.654785708
"4920","LIMERICK CITY EAST","Clonmel Vaccination Centre",64312.3531207898
"4921","LIMERICK CITY NORTH","Clonmel Vaccination Centre",71642.8053770749
"4922","LIMERICK CITY WEST","Clonmel Vaccination Centre",73620.3405159522
"4923","LISMORE","Clonmel Vaccination Centre",25700.0154890773
"4924","LISTOWEL","Clonmel Vaccination Centre",124597.577366459
"4925","LONGFORD","Clonmel Vaccination Centre",155427.648227585
"4926","LOUGHREA","Clonmel Vaccination Centre",100356.183171366
"4927","LUCAN","Clonmel Vaccination Centre",140163.371299052
"4928","MACROOM","Clonmel Vaccination Centre",96697.1629472863
"4929","MALLOW","Clonmel Vaccination Centre",70367.5358477513
"4930","MANORHAMILTON","Clonmel Vaccination Centre",218350.578119062
"4931","MAYNOOTH","Clonmel Vaccination Centre",133064.80789557
"4932","MIDLETON","Clonmel Vaccination Centre",53154.1173721253
"4933","MILFORD","Clonmel Vaccination Centre",306656.738107698
"4934","MOATE","Clonmel Vaccination Centre",125731.354665216
"4935","MONAGHAN","Clonmel Vaccination Centre",220890.527693805
"4936","MUINEBEAG","Clonmel Vaccination Centre",64937.2670994572
"4937","MULLINGAR","Clonmel Vaccination Centre",133157.632065673
"4938","NAAS","Clonmel Vaccination Centre",122564.808927824
"4939","NAVAN","Clonmel Vaccination Centre",159025.26928505
"4940","NENAGH","Clonmel Vaccination Centre",76126.6778736369
"4941","NEW ROSS","Clonmel Vaccination Centre",61716.9232614046
"4942","NEWBRIDGE","Clonmel Vaccination Centre",112245.442008488
"4943","NEWCASTLE WEST","Clonmel Vaccination Centre",93200.1415087
"4944","NEWPORT","Clonmel Vaccination Centre",59510.5590598334
"4945","NORTH INNER CITY","Clonmel Vaccination Centre",149525.148220829
"4946","ONGAR","Clonmel Vaccination Centre",145281.694785777
"4947","PALMERSTOWN-FONTHILL","Clonmel Vaccination Centre",143007.811433007
"4948","PEMBROKE","Clonmel Vaccination Centre",147667.181202715
"4949","PILTOWN","Clonmel Vaccination Centre",38392.0424231482
"4950","PORTLAOISE","Clonmel Vaccination Centre",74357.3950525473
"4951","PORTLAW-KILMACTHOMAS","Clonmel Vaccination Centre",20830.2758332108
"4952","RATHFARNHAM-TEMPLEOGUE","Clonmel Vaccination Centre",142046.471609534
"4953","RATOATH","Clonmel Vaccination Centre",147100.636292951
"4954","ROSCOMMON","Clonmel Vaccination Centre",158671.801581407
"4955","ROSCREA-TEMPLEMORE","Clonmel Vaccination Centre",53317.8097463015
"4956","ROSSLARE","Clonmel Vaccination Centre",80484.375642967
"4957","RUSH-LUSK","Clonmel Vaccination Centre",164897.023892446
"4958","SHANNON","Clonmel Vaccination Centre",82321.3660355592
"4959","SKIBBEREEN-WEST CORK","Clonmel Vaccination Centre",121570.864104538
"4960","SLIGO-DRUMCLIFF","Clonmel Vaccination Centre",222497.907105515
"4961","SLIGO-STRANDHILL","Clonmel Vaccination Centre",219467.298380311
"4962","SOUTH EAST INNER CITY","Clonmel Vaccination Centre",148793.885461871
"4963","SOUTH WEST INNER CITY","Clonmel Vaccination Centre",146202.515458218
"4964","STILLORGAN","Clonmel Vaccination Centre",146158.081038486
"4965","SWINFORD","Clonmel Vaccination Centre",189982.595639497
"4966","SWORDS","Clonmel Vaccination Centre",157948.760047057
"4967","TALLAGHT CENTRAL","Clonmel Vaccination Centre",139511.460519241
"4968","TALLAGHT SOUTH","Clonmel Vaccination Centre",134505.66539844
"4969","THURLES","Clonmel Vaccination Centre",35872.554451796
"4970","TRALEE","Clonmel Vaccination Centre",137538.432229991
"4971","TRAMORE-WATERFORD CITY WEST","Clonmel Vaccination Centre",41612.8028193147
"4972","TRIM","Clonmel Vaccination Centre",139584.904142154
"4973","TUAM","Clonmel Vaccination Centre",151023.134111036
"4974","TULLAMORE","Clonmel Vaccination Centre",103772.682395025
"4975","TULLOW","Clonmel Vaccination Centre",83750.5045521261
"4976","WATERFORD CITY EAST","Clonmel Vaccination Centre",50533.0502152097
"4977","WATERFORD CITY SOUTH","Clonmel Vaccination Centre",44486.1624356306
"4978","WESTPORT","Clonmel Vaccination Centre",201112.774108504
"4979","WEXFORD","Clonmel Vaccination Centre",83455.3787291349
"4980","WICKLOW","Clonmel Vaccination Centre",127348.497436223
"4981","ADARE-RATHKEALE","Waterford Vaccination Centre - WIT Arena",120750.421543546
"4982","ARDEE","Waterford Vaccination Centre - WIT Arena",186136.39763655
"4983","ARKLOW","Waterford Vaccination Centre - WIT Arena",93934.8028570219
"4984","ARTANE-WHITEHALL","Waterford Vaccination Centre - WIT Arena",142766.077167934
"4985","ASHBOURNE","Waterford Vaccination Centre - WIT Arena",156231.11390629
"4986","ATHENRY-ORANMORE","Waterford Vaccination Centre - WIT Arena",163718.15851752
"4987","ATHLONE","Waterford Vaccination Centre - WIT Arena",140767.693841123
"4988","ATHLONE","Waterford Vaccination Centre - WIT Arena",149310.316703423
"4989","ATHY","Waterford Vaccination Centre - WIT Arena",86101.7046883398
"4990","BAILIEBOROUGH-COOTEHILL","Waterford Vaccination Centre - WIT Arena",193031.366840867
"4991","BALBRIGGAN","Waterford Vaccination Centre - WIT Arena",162528.041976558
"4992","BALLINA","Waterford Vaccination Centre - WIT Arena",253470.155992185
"4993","BALLINAMORE","Waterford Vaccination Centre - WIT Arena",203032.201602333
"4994","BALLINASLOE","Waterford Vaccination Centre - WIT Arena",157432.404944624
"4995","BALLYBAY-CLONES","Waterford Vaccination Centre - WIT Arena",209757.69179227
"4996","BALLYFERMOT-DRIMNAGH","Waterford Vaccination Centre - WIT Arena",133291.343925407
"4997","BALLYJAMESDUFF","Waterford Vaccination Centre - WIT Arena",180400.164061331
"4998","BALLYMAHON","Waterford Vaccination Centre - WIT Arena",158454.920288203
"4999","BALLYMOTE-TOBERCURRY","Waterford Vaccination Centre - WIT Arena",229820.498729639
"5000","BALLYMUN-FINGLAS","Waterford Vaccination Centre - WIT Arena",140516.206927012
"5001","BALTINGLASS","Waterford Vaccination Centre - WIT Arena",90743.4405973568
"5002","BANDON-KINSALE","Waterford Vaccination Centre - WIT Arena",118013.532887205
"5003","BANTRY-WEST CORK","Waterford Vaccination Centre - WIT Arena",175569.851537859
"5004","BELMULLET","Waterford Vaccination Centre - WIT Arena",269097.208059553
"5005","BIRR","Waterford Vaccination Centre - WIT Arena",108079.18011659
"5006","BLACKROCK","Waterford Vaccination Centre - WIT Arena",134204.660784598
"5007","BLANCHARDSTOWN-MULHUDDART","Waterford Vaccination Centre - WIT Arena",141729.358318421
"5008","BORRIS-IN-OSSORY-MOUNTMELLICK","Waterford Vaccination Centre - WIT Arena",85500.2447326496
"5009","BOYLE","Waterford Vaccination Centre - WIT Arena",196067.493990645
"5010","BRAY EAST","Waterford Vaccination Centre - WIT Arena",128202.193146412
"5011","BRAY WEST","Waterford Vaccination Centre - WIT Arena",121751.548157775
"5012","BUNCRANA","Waterford Vaccination Centre - WIT Arena",316925.577072049
"5013","CABRA-GLASNEVIN","Waterford Vaccination Centre - WIT Arena",137335.957071433
"5014","CAHIR","Waterford Vaccination Centre - WIT Arena",53698.0229367704
"5015","CALLAN-THOMASTOWN","Waterford Vaccination Centre - WIT Arena",30071.0999872129
"5016","CAPPAMORE-KILMALLOCK","Waterford Vaccination Centre - WIT Arena",88290.962540376
"5017","CARLOW","Waterford Vaccination Centre - WIT Arena",67591.4367264009
"5018","CARNDONAGH","Waterford Vaccination Centre - WIT Arena",333977.73844656
"5019","CARRICK-ON-SHANNON","Waterford Vaccination Centre - WIT Arena",192901.269032023
"5020","CARRICK-ON-SUIR","Waterford Vaccination Centre - WIT Arena",41003.3837297617
"5021","CARRICKMACROSS-CASTLEBLAYNEY","Waterford Vaccination Centre - WIT Arena",201088.036537078
"5022","CARRIGALINE","Waterford Vaccination Centre - WIT Arena",98231.9566838308
"5023","CASHEL-TIPPERARY","Waterford Vaccination Centre - WIT Arena",68491.802901602
"5024","CASTLEBAR","Waterford Vaccination Centre - WIT Arena",225024.909333539
"5025","CASTLECOMER","Waterford Vaccination Centre - WIT Arena",54696.9332362279
"5026","CASTLEISLAND","Waterford Vaccination Centre - WIT Arena",153518.682579331
"5027","CASTLEKNOCK","Waterford Vaccination Centre - WIT Arena",135689.789803997
"5028","CAVAN-BELTURBET","Waterford Vaccination Centre - WIT Arena",209816.085829896
"5029","CELBRIDGE","Waterford Vaccination Centre - WIT Arena",127170.836317297
"5030","CLANE","Waterford Vaccination Centre - WIT Arena",122062.956520505
"5031","CLAREMORRIS","Waterford Vaccination Centre - WIT Arena",201374.322085056
"5032","CLONDALKIN","Waterford Vaccination Centre - WIT Arena",125434.454377663
"5033","CLONMEL","Waterford Vaccination Centre - WIT Arena",38558.6731269669
"5034","CLONTARF","Waterford Vaccination Centre - WIT Arena",141101.358095465
"5035","COBH","Waterford Vaccination Centre - WIT Arena",87670.3271615217
"5036","CONAMARA NORTH","Waterford Vaccination Centre - WIT Arena",215876.436473527
"5037","CONAMARA SOUTH","Waterford Vaccination Centre - WIT Arena",188103.841773644
"5038","CORCA DHUIBHNE","Waterford Vaccination Centre - WIT Arena",199427.17370583
"5039","CORK CITY NORTH EAST","Waterford Vaccination Centre - WIT Arena",92325.350272145
"5040","CORK CITY NORTH WEST","Waterford Vaccination Centre - WIT Arena",101071.297294906
"5041","CORK CITY SOUTH CENTRAL","Waterford Vaccination Centre - WIT Arena",97549.2596344913
"5042","CORK CITY SOUTH EAST","Waterford Vaccination Centre - WIT Arena",93903.0037462536
"5043","CORK CITY SOUTH WEST","Waterford Vaccination Centre - WIT Arena",101818.715858011
"5044","DONAGHMEDE","Waterford Vaccination Centre - WIT Arena",144280.121024052
"5045","DONEGAL","Waterford Vaccination Centre - WIT Arena",274814.802502756
"5046","DROGHEDA RURAL","Waterford Vaccination Centre - WIT Arena",177448.07289365
"5047","DROGHEDA URBAN","Waterford Vaccination Centre - WIT Arena",172226.792282433
"5048","DÚN LAOGHAIRE","Waterford Vaccination Centre - WIT Arena",134815.102430972
"5049","DUNDALK-CARLINGFORD","Waterford Vaccination Centre - WIT Arena",207414.04814749
"5050","DUNDALK SOUTH","Waterford Vaccination Centre - WIT Arena",199040.981808045
"5051","DUNDRUM","Waterford Vaccination Centre - WIT Arena",131936.371847249
"5052","DUNGARVAN","Waterford Vaccination Centre - WIT Arena",41032.1492939576
"5053","EDENDERRY","Waterford Vaccination Centre - WIT Arena",114456.348243841
"5054","ENNIS","Waterford Vaccination Centre - WIT Arena",138568.971690642
"5055","ENNISCORTHY","Waterford Vaccination Centre - WIT Arena",51575.6432614123
"5056","ENNISTIMON","Waterford Vaccination Centre - WIT Arena",157965.026388479
"5057","FERMOY","Waterford Vaccination Centre - WIT Arena",78763.3544911213
"5058","FIRHOUSE-BOHERNABREENA","Waterford Vaccination Centre - WIT Arena",123971.328860397
"5059","GALWAY CITY CENTRAL","Waterford Vaccination Centre - WIT Arena",171783.857938068
"5060","GALWAY CITY EAST","Waterford Vaccination Centre - WIT Arena",168146.818099261
"5061","GALWAY CITY WEST","Waterford Vaccination Centre - WIT Arena",172159.547055352
"5062","GLENCULLEN-SANDYFORD","Waterford Vaccination Centre - WIT Arena",127705.790291694
"5063","GLENTIES","Waterford Vaccination Centre - WIT Arena",308120.614408999
"5064","GOREY","Waterford Vaccination Centre - WIT Arena",75733.5268203957
"5065","GORT-KINVARA","Waterford Vaccination Centre - WIT Arena",146250.168415457
"5066","GRAIGUECULLEN-PORTARLINGTON","Waterford Vaccination Centre - WIT Arena",80769.8181021036
"5067","GRANARD","Waterford Vaccination Centre - WIT Arena",175059.215722319
"5068","GREYSTONES","Waterford Vaccination Centre - WIT Arena",120889.785099269
"5069","HOWTH-MALAHIDE","Waterford Vaccination Centre - WIT Arena",147327.697539139
"5070","KANTURK","Waterford Vaccination Centre - WIT Arena",122904.160213072
"5071","KELLS","Waterford Vaccination Centre - WIT Arena",168411.876101448
"5072","KENMARE","Waterford Vaccination Centre - WIT Arena",186765.171573766
"5073","KILDARE","Waterford Vaccination Centre - WIT Arena",104278.848472714
"5074","KILKENNY","Waterford Vaccination Centre - WIT Arena",46567.3599354156
"5075","KILLALOE","Waterford Vaccination Centre - WIT Arena",121367.078761287
"5076","KILLARNEY","Waterford Vaccination Centre - WIT Arena",155929.299257636
"5077","KILLINEY-SHANKILL","Waterford Vaccination Centre - WIT Arena",130138.04727106
"5078","KILMUCKRIDGE","Waterford Vaccination Centre - WIT Arena",61595.1154326848
"5079","KILRUSH","Waterford Vaccination Centre - WIT Arena",155418.082938733
"5080","KIMMAGE-RATHMINES","Waterford Vaccination Centre - WIT Arena",133369.284670641
"5081","KINNEGAD","Waterford Vaccination Centre - WIT Arena",150755.686551332
"5082","LAYTOWN-BETTYSTOWN","Waterford Vaccination Centre - WIT Arena",169545.189531971
"5083","LEIXLIP","Waterford Vaccination Centre - WIT Arena",133135.128126261
"5084","LETTERKENNY","Waterford Vaccination Centre - WIT Arena",303416.644687539
"5085","LIFFORD-STRANORLAR","Waterford Vaccination Centre - WIT Arena",289237.621590876
"5086","LIMERICK CITY EAST","Waterford Vaccination Centre - WIT Arena",102653.516650288
"5087","LIMERICK CITY NORTH","Waterford Vaccination Centre - WIT Arena",110101.097274617
"5088","LIMERICK CITY WEST","Waterford Vaccination Centre - WIT Arena",112453.587492222
"5089","LISMORE","Waterford Vaccination Centre - WIT Arena",49821.0282612292
"5090","LISTOWEL","Waterford Vaccination Centre - WIT Arena",163134.752370965
"5091","LONGFORD","Waterford Vaccination Centre - WIT Arena",172024.952234601
"5092","LOUGHREA","Waterford Vaccination Centre - WIT Arena",130633.883413663
"5093","LUCAN","Waterford Vaccination Centre - WIT Arena",131696.359881107
"5094","MACROOM","Waterford Vaccination Centre - WIT Arena",126941.910026086
"5095","MALLOW","Waterford Vaccination Centre - WIT Arena",104394.47461372
"5096","MANORHAMILTON","Waterford Vaccination Centre - WIT Arena",237459.937177862
"5097","MAYNOOTH","Waterford Vaccination Centre - WIT Arena",128734.14208463
"5098","MIDLETON","Waterford Vaccination Centre - WIT Arena",71143.5973563731
"5099","MILFORD","Waterford Vaccination Centre - WIT Arena",320363.751068614
"5100","MOATE","Waterford Vaccination Centre - WIT Arena",138947.694539606
"5101","MONAGHAN","Waterford Vaccination Centre - WIT Arena",227083.442997643
"5102","MUINEBEAG","Waterford Vaccination Centre - WIT Arena",48972.4548082463
"5103","MULLINGAR","Waterford Vaccination Centre - WIT Arena",142054.605272125
"5104","NAAS","Waterford Vaccination Centre - WIT Arena",114564.520582674
"5105","NAVAN","Waterford Vaccination Centre - WIT Arena",158229.80319582
"5106","NENAGH","Waterford Vaccination Centre - WIT Arena",104489.832961795
"5107","NEW ROSS","Waterford Vaccination Centre - WIT Arena",27660.3833639506
"5108","NEWBRIDGE","Waterford Vaccination Centre - WIT Arena",105817.654284112
"5109","NEWCASTLE WEST","Waterford Vaccination Centre - WIT Arena",131714.829721223
"5110","NEWPORT","Waterford Vaccination Centre - WIT Arena",94101.1863332536
"5111","NORTH INNER CITY","Waterford Vaccination Centre - WIT Arena",138035.33672128
"5112","ONGAR","Waterford Vaccination Centre - WIT Arena",137149.814186991
"5113","PALMERSTOWN-FONTHILL","Waterford Vaccination Centre - WIT Arena",133517.321268689
"5114","PEMBROKE","Waterford Vaccination Centre - WIT Arena",135480.990417011
"5115","PILTOWN","Waterford Vaccination Centre - WIT Arena",11227.9064570154
"5116","PORTLAOISE","Waterford Vaccination Centre - WIT Arena",80627.1871502365
"5117","PORTLAW-KILMACTHOMAS","Waterford Vaccination Centre - WIT Arena",20214.0847874146
"5118","RATHFARNHAM-TEMPLEOGUE","Waterford Vaccination Centre - WIT Arena",130657.097698744
"5119","RATOATH","Waterford Vaccination Centre - WIT Arena",142182.000830047
"5120","ROSCOMMON","Waterford Vaccination Centre - WIT Arena",182539.587985546
"5121","ROSCREA-TEMPLEMORE","Waterford Vaccination Centre - WIT Arena",78510.524085345
"5122","ROSSLARE","Waterford Vaccination Centre - WIT Arena",42391.0094788487
"5123","RUSH-LUSK","Waterford Vaccination Centre - WIT Arena",156339.535122309
"5124","SHANNON","Waterford Vaccination Centre - WIT Arena",120757.234514933
"5125","SKIBBEREEN-WEST CORK","Waterford Vaccination Centre - WIT Arena",146587.206879565
"5126","SLIGO-DRUMCLIFF","Waterford Vaccination Centre - WIT Arena",244110.873044397
"5127","SLIGO-STRANDHILL","Waterford Vaccination Centre - WIT Arena",241797.653350385
"5128","SOUTH EAST INNER CITY","Waterford Vaccination Centre - WIT Arena",136961.226391181
"5129","SOUTH WEST INNER CITY","Waterford Vaccination Centre - WIT Arena",135225.605357198
"5130","STILLORGAN","Waterford Vaccination Centre - WIT Arena",132859.359644758
"5131","SWINFORD","Waterford Vaccination Centre - WIT Arena",217406.412728617
"5132","SWORDS","Waterford Vaccination Centre - WIT Arena",148527.784894385
"5133","TALLAGHT CENTRAL","Waterford Vaccination Centre - WIT Arena",128902.845403505
"5134","TALLAGHT SOUTH","Waterford Vaccination Centre - WIT Arena",123717.162739314
"5135","THURLES","Waterford Vaccination Centre - WIT Arena",63419.5552407845
"5136","TRALEE","Waterford Vaccination Centre - WIT Arena",174871.086758283
"5137","TRAMORE-WATERFORD CITY WEST","Waterford Vaccination Centre - WIT Arena",6112.08071733206
"5138","TRIM","Waterford Vaccination Centre - WIT Arena",140468.883714441
"5139","TUAM","Waterford Vaccination Centre - WIT Arena",181726.19973826
"5140","TULLAMORE","Waterford Vaccination Centre - WIT Arena",117673.96134613
"5141","TULLOW","Waterford Vaccination Centre - WIT Arena",67342.2130902504
"5142","WATERFORD CITY EAST","Waterford Vaccination Centre - WIT Arena",11586.5406910726
"5143","WATERFORD CITY SOUTH","Waterford Vaccination Centre - WIT Arena",5907.26666474072
"5144","WESTPORT","Waterford Vaccination Centre - WIT Arena",234425.833282981
"5145","WEXFORD","Waterford Vaccination Centre - WIT Arena",47904.6809115797
"5146","WICKLOW","Waterford Vaccination Centre - WIT Arena",109092.571883697
"5147","ADARE-RATHKEALE","Westmeath Community Vaccination Centre",121360.286135671
"5148","ARDEE","Westmeath Community Vaccination Centre",97738.8424741166
"5149","ARKLOW","Westmeath Community Vaccination Centre",112776.097477038
"5150","ARTANE-WHITEHALL","Westmeath Community Vaccination Centre",100000.445099128
"5151","ASHBOURNE","Westmeath Community Vaccination Centre",86271.696750382
"5152","ATHENRY-ORANMORE","Westmeath Community Vaccination Centre",72606.5211960497
"5153","ATHLONE","Westmeath Community Vaccination Centre",10973.3891728478
"5154","ATHLONE","Westmeath Community Vaccination Centre",28164.2087160744
"5155","ATHY","Westmeath Community Vaccination Centre",71015.8884832855
"5156","BAILIEBOROUGH-COOTEHILL","Westmeath Community Vaccination Centre",77792.4330010405
"5157","BALBRIGGAN","Westmeath Community Vaccination Centre",105538.518397326
"5158","BALLINA","Westmeath Community Vaccination Centre",132658.943668326
"5159","BALLINAMORE","Westmeath Community Vaccination Centre",71207.33140538
"5160","BALLINASLOE","Westmeath Community Vaccination Centre",46221.9676744939
"5161","BALLYBAY-CLONES","Westmeath Community Vaccination Centre",94312.5709756041
"5162","BALLYFERMOT-DRIMNAGH","Westmeath Community Vaccination Centre",92072.3625360599
"5163","BALLYJAMESDUFF","Westmeath Community Vaccination Centre",59781.5634347069
"5164","BALLYMAHON","Westmeath Community Vaccination Centre",25935.8766233797
"5165","BALLYMOTE-TOBERCURRY","Westmeath Community Vaccination Centre",101209.00912838
"5166","BALLYMUN-FINGLAS","Westmeath Community Vaccination Centre",95548.1545195252
"5167","BALTINGLASS","Westmeath Community Vaccination Centre",92421.6047884808
"5168","BANDON-KINSALE","Westmeath Community Vaccination Centre",197204.060741929
"5169","BANTRY-WEST CORK","Westmeath Community Vaccination Centre",229676.414670266
"5170","BELMULLET","Westmeath Community Vaccination Centre",156358.133983252
"5171","BIRR","Westmeath Community Vaccination Centre",29965.7091350018
"5172","BLACKROCK","Westmeath Community Vaccination Centre",103365.364734092
"5173","BLANCHARDSTOWN-MULHUDDART","Westmeath Community Vaccination Centre",91878.9876495927
"5174","BORRIS-IN-OSSORY-MOUNTMELLICK","Westmeath Community Vaccination Centre",47108.3556713032
"5175","BOYLE","Westmeath Community Vaccination Centre",64823.4072394463
"5176","BRAY EAST","Westmeath Community Vaccination Centre",110180.134304698
"5177","BRAY WEST","Westmeath Community Vaccination Centre",103765.702381194
"5178","BUNCRANA","Westmeath Community Vaccination Centre",190311.136764368
"5179","CABRA-GLASNEVIN","Westmeath Community Vaccination Centre",94551.4850730871
"5180","CAHIR","Westmeath Community Vaccination Centre",121280.736651124
"5181","CALLAN-THOMASTOWN","Westmeath Community Vaccination Centre",103950.232140233
"5182","CAPPAMORE-KILMALLOCK","Westmeath Community Vaccination Centre",113880.03330497
"5183","CARLOW","Westmeath Community Vaccination Centre",83967.996310836
"5184","CARNDONAGH","Westmeath Community Vaccination Centre",208949.218877457
"5185","CARRICK-ON-SHANNON","Westmeath Community Vaccination Centre",60373.4014934787
"5186","CARRICK-ON-SUIR","Westmeath Community Vaccination Centre",98427.7401450502
"5187","CARRICKMACROSS-CASTLEBLAYNEY","Westmeath Community Vaccination Centre",97614.1773283751
"5188","CARRIGALINE","Westmeath Community Vaccination Centre",183232.205484397
"5189","CASHEL-TIPPERARY","Westmeath Community Vaccination Centre",101320.930801699
"5190","CASTLEBAR","Westmeath Community Vaccination Centre",114661.738705068
"5191","CASTLECOMER","Westmeath Community Vaccination Centre",78556.9691521481
"5192","CASTLEISLAND","Westmeath Community Vaccination Centre",173508.257125391
"5193","CASTLEKNOCK","Westmeath Community Vaccination Centre",87852.305593888
"5194","CAVAN-BELTURBET","Westmeath Community Vaccination Centre",80207.6225376161
"5195","CELBRIDGE","Westmeath Community Vaccination Centre",78705.9436301168
"5196","CLANE","Westmeath Community Vaccination Centre",56418.9373238092
"5197","CLAREMORRIS","Westmeath Community Vaccination Centre",92896.55304992
"5198","CLONDALKIN","Westmeath Community Vaccination Centre",84704.0814301393
"5199","CLONMEL","Westmeath Community Vaccination Centre",110099.969987149
"5200","CLONTARF","Westmeath Community Vaccination Centre",101344.403171995
"5201","COBH","Westmeath Community Vaccination Centre",165385.000337553
"5202","CONAMARA NORTH","Westmeath Community Vaccination Centre",130104.120494225
"5203","CONAMARA SOUTH","Westmeath Community Vaccination Centre",111818.918384887
"5204","CORCA DHUIBHNE","Westmeath Community Vaccination Centre",209470.778581981
"5205","CORK CITY NORTH EAST","Westmeath Community Vaccination Centre",169936.42003855
"5206","CORK CITY NORTH WEST","Westmeath Community Vaccination Centre",173728.251332485
"5207","CORK CITY SOUTH CENTRAL","Westmeath Community Vaccination Centre",177043.366317278
"5208","CORK CITY SOUTH EAST","Westmeath Community Vaccination Centre",175697.589035105
"5209","CORK CITY SOUTH WEST","Westmeath Community Vaccination Centre",178179.157455183
"5210","DONAGHMEDE","Westmeath Community Vaccination Centre",103976.164638145
"5211","DONEGAL","Westmeath Community Vaccination Centre",142335.86061017
"5212","DROGHEDA RURAL","Westmeath Community Vaccination Centre",100238.340737544
"5213","DROGHEDA URBAN","Westmeath Community Vaccination Centre",97766.2199987494
"5214","DÚN LAOGHAIRE","Westmeath Community Vaccination Centre",106874.685523994
"5215","DUNDALK-CARLINGFORD","Westmeath Community Vaccination Centre",117921.464768614
"5216","DUNDALK SOUTH","Westmeath Community Vaccination Centre",106111.954431824
"5217","DUNDRUM","Westmeath Community Vaccination Centre",98739.0344409001
"5218","DUNGARVAN","Westmeath Community Vaccination Centre",148825.733460703
"5219","EDENDERRY","Westmeath Community Vaccination Centre",36749.7987752926
"5220","ENNIS","Westmeath Community Vaccination Centre",103560.875893376
"5221","ENNISCORTHY","Westmeath Community Vaccination Centre",119270.782118789
"5222","ENNISTIMON","Westmeath Community Vaccination Centre",106519.522476736
"5223","FERMOY","Westmeath Community Vaccination Centre",143211.388384889
"5224","FIRHOUSE-BOHERNABREENA","Westmeath Community Vaccination Centre",94430.7920341834
"5225","GALWAY CITY CENTRAL","Westmeath Community Vaccination Centre",90080.286278876
"5226","GALWAY CITY EAST","Westmeath Community Vaccination Centre",85912.0592838727
"5227","GALWAY CITY WEST","Westmeath Community Vaccination Centre",93140.6187830606
"5228","GLENCULLEN-SANDYFORD","Westmeath Community Vaccination Centre",100526.529371361
"5229","GLENTIES","Westmeath Community Vaccination Centre",175906.292154183
"5230","GOREY","Westmeath Community Vaccination Centre",121489.797220979
"5231","GORT-KINVARA","Westmeath Community Vaccination Centre",77746.156238909
"5232","GRAIGUECULLEN-PORTARLINGTON","Westmeath Community Vaccination Centre",62674.4374147793
"5233","GRANARD","Westmeath Community Vaccination Centre",46187.3183468096
"5234","GREYSTONES","Westmeath Community Vaccination Centre",114490.113343608
"5235","HOWTH-MALAHIDE","Westmeath Community Vaccination Centre",104547.419871944
"5236","KANTURK","Westmeath Community Vaccination Centre",156087.136276271
"5237","KELLS","Westmeath Community Vaccination Centre",67812.7797535762
"5238","KENMARE","Westmeath Community Vaccination Centre",219090.211100476
"5239","KILDARE","Westmeath Community Vaccination Centre",57381.8433408948
"5240","KILKENNY","Westmeath Community Vaccination Centre",86844.742032935
"5241","KILLALOE","Westmeath Community Vaccination Centre",83771.6853424233
"5242","KILLARNEY","Westmeath Community Vaccination Centre",190279.238888222
"5243","KILLINEY-SHANKILL","Westmeath Community Vaccination Centre",106964.494636978
"5244","KILMUCKRIDGE","Westmeath Community Vaccination Centre",133370.61663132
"5245","KILRUSH","Westmeath Community Vaccination Centre",133083.185427046
"5246","KIMMAGE-RATHMINES","Westmeath Community Vaccination Centre",96117.0247084918
"5247","KINNEGAD","Westmeath Community Vaccination Centre",40252.5581334048
"5248","LAYTOWN-BETTYSTOWN","Westmeath Community Vaccination Centre",89981.53460279
"5249","LEIXLIP","Westmeath Community Vaccination Centre",81754.0195252834
"5250","LETTERKENNY","Westmeath Community Vaccination Centre",173205.526619166
"5251","LIFFORD-STRANORLAR","Westmeath Community Vaccination Centre",159247.395790876
"5252","LIMERICK CITY EAST","Westmeath Community Vaccination Centre",99432.4274975733
"5253","LIMERICK CITY NORTH","Westmeath Community Vaccination Centre",101794.81143533
"5254","LIMERICK CITY WEST","Westmeath Community Vaccination Centre",108000.447371531
"5255","LISMORE","Westmeath Community Vaccination Centre",139589.943713504
"5256","LISTOWEL","Westmeath Community Vaccination Centre",161449.173005445
"5257","LONGFORD","Westmeath Community Vaccination Centre",39788.081932159
"5258","LOUGHREA","Westmeath Community Vaccination Centre",53340.5036240294
"5259","LUCAN","Westmeath Community Vaccination Centre",84945.0176280841
"5260","MACROOM","Westmeath Community Vaccination Centre",183785.390214368
"5261","MALLOW","Westmeath Community Vaccination Centre",154604.792999792
"5262","MANORHAMILTON","Westmeath Community Vaccination Centre",104873.543793575
"5263","MAYNOOTH","Westmeath Community Vaccination Centre",69802.7656549767
"5264","MIDLETON","Westmeath Community Vaccination Centre",165156.381693302
"5265","MILFORD","Westmeath Community Vaccination Centre",190754.264445353
"5266","MOATE","Westmeath Community Vaccination Centre",14761.2644953979
"5267","MONAGHAN","Westmeath Community Vaccination Centre",110747.669243343
"5268","MUINEBEAG","Westmeath Community Vaccination Centre",98390.531010865
"5269","MULLINGAR","Westmeath Community Vaccination Centre",30675.283649444
"5270","NAAS","Westmeath Community Vaccination Centre",77372.2978786479
"5271","NAVAN","Westmeath Community Vaccination Centre",72935.1621473643
"5272","NENAGH","Westmeath Community Vaccination Centre",51820.8829374986
"5273","NEW ROSS","Westmeath Community Vaccination Centre",129543.990295676
"5274","NEWBRIDGE","Westmeath Community Vaccination Centre",71143.6651187634
"5275","NEWCASTLE WEST","Westmeath Community Vaccination Centre",142151.763280858
"5276","NEWPORT","Westmeath Community Vaccination Centre",77812.2451982226
"5277","NORTH INNER CITY","Westmeath Community Vaccination Centre",98560.2082932115
"5278","ONGAR","Westmeath Community Vaccination Centre",86357.3370833857
"5279","PALMERSTOWN-FONTHILL","Westmeath Community Vaccination Centre",89299.6144327298
"5280","PEMBROKE","Westmeath Community Vaccination Centre",99679.5489273511
"5281","PILTOWN","Westmeath Community Vaccination Centre",122200.647482999
"5282","PORTLAOISE","Westmeath Community Vaccination Centre",54895.6684719268
"5283","PORTLAW-KILMACTHOMAS","Westmeath Community Vaccination Centre",128791.951900155
"5284","RATHFARNHAM-TEMPLEOGUE","Westmeath Community Vaccination Centre",94507.9426882875
"5285","RATOATH","Westmeath Community Vaccination Centre",77764.5626700078
"5286","ROSCOMMON","Westmeath Community Vaccination Centre",56178.2203941804
"5287","ROSCREA-TEMPLEMORE","Westmeath Community Vaccination Centre",63710.3716772685
"5288","ROSSLARE","Westmeath Community Vaccination Centre",149433.821793996
"5289","RUSH-LUSK","Westmeath Community Vaccination Centre",98820.6001832492
"5290","SHANNON","Westmeath Community Vaccination Centre",103948.277515951
"5291","SKIBBEREEN-WEST CORK","Westmeath Community Vaccination Centre",215393.234102713
"5292","SLIGO-DRUMCLIFF","Westmeath Community Vaccination Centre",112332.118825796
"5293","SLIGO-STRANDHILL","Westmeath Community Vaccination Centre",110573.48195317
"5294","SOUTH EAST INNER CITY","Westmeath Community Vaccination Centre",99204.3672707864
"5295","SOUTH WEST INNER CITY","Westmeath Community Vaccination Centre",95302.0392590243
"5296","STILLORGAN","Westmeath Community Vaccination Centre",102254.743381794
"5297","SWINFORD","Westmeath Community Vaccination Centre",95918.5390494128
"5298","SWORDS","Westmeath Community Vaccination Centre",97095.5843122377
"5299","TALLAGHT CENTRAL","Westmeath Community Vaccination Centre",91017.8122040812
"5300","TALLAGHT SOUTH","Westmeath Community Vaccination Centre",89428.919248132
"5301","THURLES","Westmeath Community Vaccination Centre",80629.3692917227
"5302","TRALEE","Westmeath Community Vaccination Centre",184014.836709255
"5303","TRAMORE-WATERFORD CITY WEST","Westmeath Community Vaccination Centre",138556.320780783
"5304","TRIM","Westmeath Community Vaccination Centre",57017.3551343494
"5305","TUAM","Westmeath Community Vaccination Centre",78130.4893397391
"5306","TULLAMORE","Westmeath Community Vaccination Centre",16410.855218176
"5307","TULLOW","Westmeath Community Vaccination Centre",95820.5543483563
"5308","WATERFORD CITY EAST","Westmeath Community Vaccination Centre",140809.2320815
"5309","WATERFORD CITY SOUTH","Westmeath Community Vaccination Centre",137681.564623889
"5310","WESTPORT","Westmeath Community Vaccination Centre",132574.133660675
"5311","WEXFORD","Westmeath Community Vaccination Centre",141145.529969366
"5312","WICKLOW","Westmeath Community Vaccination Centre",108523.525068594
"5313","ADARE-RATHKEALE","Gorey Vaccination Centre",176957.307427976
"5314","ARDEE","Gorey Vaccination Centre",127073.368387229
"5315","ARKLOW","Gorey Vaccination Centre",16987.4920914137
"5316","ARTANE-WHITEHALL","Gorey Vaccination Centre",73676.9622603198
"5317","ASHBOURNE","Gorey Vaccination Centre",95672.2577814219
"5318","ATHENRY-ORANMORE","Gorey Vaccination Centre",182519.674005575
"5319","ATHLONE","Gorey Vaccination Centre",132415.160577362
"5320","ATHLONE","Gorey Vaccination Centre",148088.57440225
"5321","ATHY","Gorey Vaccination Centre",50506.9702345078
"5322","BAILIEBOROUGH-COOTEHILL","Gorey Vaccination Centre",149197.878449416
"5323","BALBRIGGAN","Gorey Vaccination Centre",94046.948565991
"5324","BALLINA","Gorey Vaccination Centre",254093.608808381
"5325","BALLINAMORE","Gorey Vaccination Centre",177621.424449342
"5326","BALLINASLOE","Gorey Vaccination Centre",163588.332399325
"5327","BALLYBAY-CLONES","Gorey Vaccination Centre",163260.830397781
"5328","BALLYFERMOT-DRIMNAGH","Gorey Vaccination Centre",67192.1969884866
"5329","BALLYJAMESDUFF","Gorey Vaccination Centre",143528.067430452
"5330","BALLYMAHON","Gorey Vaccination Centre",141946.575613661
"5331","BALLYMOTE-TOBERCURRY","Gorey Vaccination Centre",220669.193214462
"5332","BALLYMUN-FINGLAS","Gorey Vaccination Centre",73268.7186644566
"5333","BALTINGLASS","Gorey Vaccination Centre",31232.640582581
"5334","BANDON-KINSALE","Gorey Vaccination Centre",198148.607473131
"5335","BANTRY-WEST CORK","Gorey Vaccination Centre",253246.182426195
"5336","BELMULLET","Gorey Vaccination Centre",277499.837605893
"5337","BIRR","Gorey Vaccination Centre",113812.728116498
"5338","BLACKROCK","Gorey Vaccination Centre",62703.3206037624
"5339","BLANCHARDSTOWN-MULHUDDART","Gorey Vaccination Centre",76403.7039541154
"5340","BORRIS-IN-OSSORY-MOUNTMELLICK","Gorey Vaccination Centre",87654.004748808
"5341","BOYLE","Gorey Vaccination Centre",183021.464942024
"5342","BRAY EAST","Gorey Vaccination Centre",53254.8307451427
"5343","BRAY WEST","Gorey Vaccination Centre",49222.0672056683
"5344","BUNCRANA","Gorey Vaccination Centre",272968.910468593
"5345","CABRA-GLASNEVIN","Gorey Vaccination Centre",70276.4127132018
"5346","CAHIR","Gorey Vaccination Centre",122962.761785007
"5347","CALLAN-THOMASTOWN","Gorey Vaccination Centre",65285.6099573107
"5348","CAPPAMORE-KILMALLOCK","Gorey Vaccination Centre",148372.82664159
"5349","CARLOW","Gorey Vaccination Centre",42443.9792851417
"5350","CARNDONAGH","Gorey Vaccination Centre",287131.408256166
"5351","CARRICK-ON-SHANNON","Gorey Vaccination Centre",172132.854248178
"5352","CARRICK-ON-SUIR","Gorey Vaccination Centre",92510.3185087673
"5353","CARRICKMACROSS-CASTLEBLAYNEY","Gorey Vaccination Centre",147719.121861155
"5354","CARRIGALINE","Gorey Vaccination Centre",178524.151038448
"5355","CASHEL-TIPPERARY","Gorey Vaccination Centre",124846.021782339
"5356","CASTLEBAR","Gorey Vaccination Centre",234846.117994134
"5357","CASTLECOMER","Gorey Vaccination Centre",69137.1882066123
"5358","CASTLEISLAND","Gorey Vaccination Centre",220916.890047799
"5359","CASTLEKNOCK","Gorey Vaccination Centre",71935.342687201
"5360","CAVAN-BELTURBET","Gorey Vaccination Centre",178527.670374941
"5361","CELBRIDGE","Gorey Vaccination Centre",68411.7268084842
"5362","CLANE","Gorey Vaccination Centre",77896.749347441
"5363","CLAREMORRIS","Gorey Vaccination Centre",211971.340761078
"5364","CLONDALKIN","Gorey Vaccination Centre",63221.9791014266
"5365","CLONMEL","Gorey Vaccination Centre",101794.518245602
"5366","CLONTARF","Gorey Vaccination Centre",71211.3788575827
"5367","COBH","Gorey Vaccination Centre",166145.470675286
"5368","CONAMARA NORTH","Gorey Vaccination Centre",241564.70444822
"5369","CONAMARA SOUTH","Gorey Vaccination Centre",217314.097424009
"5370","CORCA DHUIBHNE","Gorey Vaccination Centre",266355.933001755
"5371","CORK CITY NORTH EAST","Gorey Vaccination Centre",171089.34419541
"5372","CORK CITY NORTH WEST","Gorey Vaccination Centre",179347.173343601
"5373","CORK CITY SOUTH CENTRAL","Gorey Vaccination Centre",176960.212971737
"5374","CORK CITY SOUTH EAST","Gorey Vaccination Centre",173534.625585885
"5375","CORK CITY SOUTH WEST","Gorey Vaccination Centre",180874.467966434
"5376","DONAGHMEDE","Gorey Vaccination Centre",73611.3610203419
"5377","DONEGAL","Gorey Vaccination Centre",247850.620334951
"5378","DROGHEDA RURAL","Gorey Vaccination Centre",114647.347389149
"5379","DROGHEDA URBAN","Gorey Vaccination Centre",109316.158816369
"5380","DÚN LAOGHAIRE","Gorey Vaccination Centre",61844.1096864932
"5381","DUNDALK-CARLINGFORD","Gorey Vaccination Centre",145247.676625879
"5382","DUNDALK SOUTH","Gorey Vaccination Centre",139962.536470115
"5383","DUNDRUM","Gorey Vaccination Centre",62408.6399689837
"5384","DUNGARVAN","Gorey Vaccination Centre",121808.593453086
"5385","EDENDERRY","Gorey Vaccination Centre",86843.1320222384
"5386","ENNIS","Gorey Vaccination Centre",181938.227635633
"5387","ENNISCORTHY","Gorey Vaccination Centre",29662.1282400246
"5388","ENNISTIMON","Gorey Vaccination Centre",196500.898995238
"5389","FERMOY","Gorey Vaccination Centre",152624.541651942
"5390","FIRHOUSE-BOHERNABREENA","Gorey Vaccination Centre",56307.1998949285
"5391","GALWAY CITY CENTRAL","Gorey Vaccination Centre",196638.533835825
"5392","GALWAY CITY EAST","Gorey Vaccination Centre",192331.5673545
"5393","GALWAY CITY WEST","Gorey Vaccination Centre",198492.815469887
"5394","GLENCULLEN-SANDYFORD","Gorey Vaccination Centre",57040.8101990798
"5395","GLENTIES","Gorey Vaccination Centre",277722.714322715
"5396","GOREY","Gorey Vaccination Centre",5587.14516118137
"5397","GORT-KINVARA","Gorey Vaccination Centre",174545.216873437
"5398","GRAIGUECULLEN-PORTARLINGTON","Gorey Vaccination Centre",61303.1263802148
"5399","GRANARD","Gorey Vaccination Centre",147843.062150758
"5400","GREYSTONES","Gorey Vaccination Centre",43689.2532024398
"5401","HOWTH-MALAHIDE","Gorey Vaccination Centre",76814.8605257223
"5402","KANTURK","Gorey Vaccination Centre",191942.393676032
"5403","KELLS","Gorey Vaccination Centre",120763.925736208
"5404","KENMARE","Gorey Vaccination Centre",259748.162663604
"5405","KILDARE","Gorey Vaccination Centre",66438.9533121144
"5406","KILKENNY","Gorey Vaccination Centre",66855.7978152622
"5407","KILLALOE","Gorey Vaccination Centre",159763.426240919
"5408","KILLARNEY","Gorey Vaccination Centre",227949.719771563
"5409","KILLINEY-SHANKILL","Gorey Vaccination Centre",56697.5296333706
"5410","KILMUCKRIDGE","Gorey Vaccination Centre",25526.5982025658
"5411","KILRUSH","Gorey Vaccination Centre",206823.27107985
"5412","KIMMAGE-RATHMINES","Gorey Vaccination Centre",65227.4494251929
"5413","KINNEGAD","Gorey Vaccination Centre",115818.246716511
"5414","LAYTOWN-BETTYSTOWN","Gorey Vaccination Centre",109847.583470812
"5415","LEIXLIP","Gorey Vaccination Centre",72585.7346793045
"5416","LETTERKENNY","Gorey Vaccination Centre",266499.039485051
"5417","LIFFORD-STRANORLAR","Gorey Vaccination Centre",252518.927132512
"5418","LIMERICK CITY EAST","Gorey Vaccination Centre",152955.430245723
"5419","LIMERICK CITY NORTH","Gorey Vaccination Centre",159988.109013278
"5420","LIMERICK CITY WEST","Gorey Vaccination Centre",164731.829497195
"5421","LISMORE","Gorey Vaccination Centre",127282.422740221
"5422","LISTOWEL","Gorey Vaccination Centre",223617.278152355
"5423","LONGFORD","Gorey Vaccination Centre",151993.87556603
"5424","LOUGHREA","Gorey Vaccination Centre",150733.138502995
"5425","LUCAN","Gorey Vaccination Centre",69342.7408705427
"5426","MACROOM","Gorey Vaccination Centre",203191.632299924
"5427","MALLOW","Gorey Vaccination Centre",176970.373618268
"5428","MANORHAMILTON","Gorey Vaccination Centre",215158.04225329
"5429","MAYNOOTH","Gorey Vaccination Centre",75221.1614781272
"5430","MIDLETON","Gorey Vaccination Centre",151591.684868451
"5431","MILFORD","Gorey Vaccination Centre",281381.644288423
"5432","MOATE","Gorey Vaccination Centre",118722.960340624
"5433","MONAGHAN","Gorey Vaccination Centre",178996.554551676
"5434","MUINEBEAG","Gorey Vaccination Centre",43356.1021391422
"5435","MULLINGAR","Gorey Vaccination Centre",111937.139347896
"5436","NAAS","Gorey Vaccination Centre",58065.5609152884
"5437","NAVAN","Gorey Vaccination Centre",105139.38384278
"5438","NENAGH","Gorey Vaccination Centre",127106.326263202
"5439","NEW ROSS","Gorey Vaccination Centre",54741.6951798376
"5440","NEWBRIDGE","Gorey Vaccination Centre",56394.1208967967
"5441","NEWCASTLE WEST","Gorey Vaccination Centre",193549.181802098
"5442","NEWPORT","Gorey Vaccination Centre",133909.658104091
"5443","NORTH INNER CITY","Gorey Vaccination Centre",69105.1516594183
"5444","ONGAR","Gorey Vaccination Centre",74276.2993105698
"5445","PALMERSTOWN-FONTHILL","Gorey Vaccination Centre",68879.260722326
"5446","PEMBROKE","Gorey Vaccination Centre",65787.7789198805
"5447","PILTOWN","Gorey Vaccination Centre",73387.3199920506
"5448","PORTLAOISE","Gorey Vaccination Centre",73813.3123337074
"5449","PORTLAW-KILMACTHOMAS","Gorey Vaccination Centre",97386.1973773746
"5450","RATHFARNHAM-TEMPLEOGUE","Gorey Vaccination Centre",63161.4169497046
"5451","RATOATH","Gorey Vaccination Centre",84291.8386120265
"5452","ROSCOMMON","Gorey Vaccination Centre",177558.344171249
"5453","ROSCREA-TEMPLEMORE","Gorey Vaccination Centre",105959.204599882
"5454","ROSSLARE","Gorey Vaccination Centre",56658.8995182384
"5455","RUSH-LUSK","Gorey Vaccination Centre",89725.44855536
"5456","SHANNON","Gorey Vaccination Centre",169149.566127537
"5457","SKIBBEREEN-WEST CORK","Gorey Vaccination Centre",226024.54463088
"5458","SLIGO-DRUMCLIFF","Gorey Vaccination Centre",227093.300560079
"5459","SLIGO-STRANDHILL","Gorey Vaccination Centre",226690.099694993
"5460","SOUTH EAST INNER CITY","Gorey Vaccination Centre",67625.9059657447
"5461","SOUTH WEST INNER CITY","Gorey Vaccination Centre",67623.8382946306
"5462","STILLORGAN","Gorey Vaccination Centre",61744.1074715338
"5463","SWINFORD","Gorey Vaccination Centre",217420.157807725
"5464","SWORDS","Gorey Vaccination Centre",81510.7082089563
"5465","TALLAGHT CENTRAL","Gorey Vaccination Centre",63169.8408667366
"5466","TALLAGHT SOUTH","Gorey Vaccination Centre",58830.1602862642
"5467","THURLES","Gorey Vaccination Centre",103231.105790577
"5468","TRALEE","Gorey Vaccination Centre",240126.904721579
"5469","TRAMORE-WATERFORD CITY WEST","Gorey Vaccination Centre",85195.4714602449
"5470","TRIM","Gorey Vaccination Centre",94334.3989707387
"5471","TUAM","Gorey Vaccination Centre",194674.844322622
"5472","TULLAMORE","Gorey Vaccination Centre",105643.793507314
"5473","TULLOW","Gorey Vaccination Centre",29751.5226267919
"5474","WATERFORD CITY EAST","Gorey Vaccination Centre",77911.6296523526
"5475","WATERFORD CITY SOUTH","Gorey Vaccination Centre",80916.6356311994
"5476","WESTPORT","Gorey Vaccination Centre",250690.615371515
"5477","WEXFORD","Gorey Vaccination Centre",43663.8739126384
"5478","WICKLOW","Gorey Vaccination Centre",33930.8107969987
"5479","ADARE-RATHKEALE","Enniscorthy Vaccination Centre",156582.139986985
"5480","ARDEE","Enniscorthy Vaccination Centre",151654.157329079
"5481","ARKLOW","Enniscorthy Vaccination Centre",46949.2514602942
"5482","ARTANE-WHITEHALL","Enniscorthy Vaccination Centre",101522.719031514
"5483","ASHBOURNE","Enniscorthy Vaccination Centre",120258.140584072
"5484","ATHENRY-ORANMORE","Enniscorthy Vaccination Centre",176592.143275083
"5485","ATHLONE","Enniscorthy Vaccination Centre",135682.652693298
"5486","ATHLONE","Enniscorthy Vaccination Centre",149062.966774415
"5487","ATHY","Enniscorthy Vaccination Centre",59009.9328532846
"5488","BAILIEBOROUGH-COOTEHILL","Enniscorthy Vaccination Centre",167872.361737345
"5489","BALBRIGGAN","Enniscorthy Vaccination Centre",122007.003867096
"5490","BALLINA","Enniscorthy Vaccination Centre",256618.055054034
"5491","BALLINAMORE","Enniscorthy Vaccination Centre",189309.547877601
"5492","BALLINASLOE","Enniscorthy Vaccination Centre",162122.175816617
"5493","BALLYBAY-CLONES","Enniscorthy Vaccination Centre",183281.034397438
"5494","BALLYFERMOT-DRIMNAGH","Enniscorthy Vaccination Centre",93489.6215758466
"5495","BALLYJAMESDUFF","Enniscorthy Vaccination Centre",159169.213624804
"5496","BALLYMAHON","Enniscorthy Vaccination Centre",148999.773207753
"5497","BALLYMOTE-TOBERCURRY","Enniscorthy Vaccination Centre",226596.870668861
"5498","BALLYMUN-FINGLAS","Enniscorthy Vaccination Centre",100275.121547937
"5499","BALTINGLASS","Enniscorthy Vaccination Centre",51171.0868825383
"5500","BANDON-KINSALE","Enniscorthy Vaccination Centre",167976.298961046
"5501","BANTRY-WEST CORK","Enniscorthy Vaccination Centre",224564.301352362
"5502","BELMULLET","Enniscorthy Vaccination Centre",277226.978716244
"5503","BIRR","Enniscorthy Vaccination Centre",110177.681525481
"5504","BLACKROCK","Enniscorthy Vaccination Centre",91388.4173770354
"5505","BLANCHARDSTOWN-MULHUDDART","Enniscorthy Vaccination Centre",102617.795655987
"5506","BORRIS-IN-OSSORY-MOUNTMELLICK","Enniscorthy Vaccination Centre",83097.7757952002
"5507","BOYLE","Enniscorthy Vaccination Centre",189808.456565353
"5508","BRAY EAST","Enniscorthy Vaccination Centre",83295.6517360912
"5509","BRAY WEST","Enniscorthy Vaccination Centre",78044.3806304736
"5510","BUNCRANA","Enniscorthy Vaccination Centre",293099.144210205
"5511","CABRA-GLASNEVIN","Enniscorthy Vaccination Centre",97115.9425877071
"5512","CAHIR","Enniscorthy Vaccination Centre",96601.9216547247
"5513","CALLAN-THOMASTOWN","Enniscorthy Vaccination Centre",41169.0220391266
"5514","CAPPAMORE-KILMALLOCK","Enniscorthy Vaccination Centre",125921.130001638
"5515","CARLOW","Enniscorthy Vaccination Centre",41904.635330472
"5516","CARNDONAGH","Enniscorthy Vaccination Centre",308439.024577332
"5517","CARRICK-ON-SHANNON","Enniscorthy Vaccination Centre",181809.637455145
"5518","CARRICK-ON-SUIR","Enniscorthy Vaccination Centre",69607.7699465823
"5519","CARRICKMACROSS-CASTLEBLAYNEY","Enniscorthy Vaccination Centre",170292.808576831
"5520","CARRIGALINE","Enniscorthy Vaccination Centre",148228.299586203
"5521","CASHEL-TIPPERARY","Enniscorthy Vaccination Centre",102852.311377759
"5522","CASTLEBAR","Enniscorthy Vaccination Centre",233478.030941235
"5523","CASTLECOMER","Enniscorthy Vaccination Centre",55644.8135118624
"5524","CASTLEISLAND","Enniscorthy Vaccination Centre",196723.003582162
"5525","CASTLEKNOCK","Enniscorthy Vaccination Centre",97284.0519003643
"5526","CAVAN-BELTURBET","Enniscorthy Vaccination Centre",192624.169272101
"5527","CELBRIDGE","Enniscorthy Vaccination Centre",91214.787639653
"5528","CLANE","Enniscorthy Vaccination Centre",94110.3122192181
"5529","CLAREMORRIS","Enniscorthy Vaccination Centre",209916.214458169
"5530","CLONDALKIN","Enniscorthy Vaccination Centre",87482.5636881448
"5531","CLONMEL","Enniscorthy Vaccination Centre",76263.6884250144
"5532","CLONTARF","Enniscorthy Vaccination Centre",99360.07280878
"5533","COBH","Enniscorthy Vaccination Centre",136841.785063052
"5534","CONAMARA NORTH","Enniscorthy Vaccination Centre",234053.238738196
"5535","CONAMARA SOUTH","Enniscorthy Vaccination Centre",208052.363019241
"5536","CORCA DHUIBHNE","Enniscorthy Vaccination Centre",242631.945008614
"5537","CORK CITY NORTH EAST","Enniscorthy Vaccination Centre",141658.120900643
"5538","CORK CITY NORTH WEST","Enniscorthy Vaccination Centre",150188.729435541
"5539","CORK CITY SOUTH CENTRAL","Enniscorthy Vaccination Centre",147199.124582653
"5540","CORK CITY SOUTH EAST","Enniscorthy Vaccination Centre",143641.471388909
"5541","CORK CITY SOUTH WEST","Enniscorthy Vaccination Centre",151317.006440235
"5542","DONAGHMEDE","Enniscorthy Vaccination Centre",102152.187524922
"5543","DONEGAL","Enniscorthy Vaccination Centre",261183.027806521
"5544","DROGHEDA RURAL","Enniscorthy Vaccination Centre",140572.752232051
"5545","DROGHEDA URBAN","Enniscorthy Vaccination Centre",135197.905517904
"5546","DÚN LAOGHAIRE","Enniscorthy Vaccination Centre",91170.5560683193
"5547","DUNDALK-CARLINGFORD","Enniscorthy Vaccination Centre",171324.081849459
"5548","DUNDALK SOUTH","Enniscorthy Vaccination Centre",164741.6069489
"5549","DUNDRUM","Enniscorthy Vaccination Centre",90176.1633160028
"5550","DUNGARVAN","Enniscorthy Vaccination Centre",91109.5085461611
"5551","EDENDERRY","Enniscorthy Vaccination Centre",95812.1019913386
"5552","ENNIS","Enniscorthy Vaccination Centre",166516.818804417
"5553","ENNISCORTHY","Enniscorthy Vaccination Centre",6288.05376481134
"5554","ENNISTIMON","Enniscorthy Vaccination Centre",183238.448092207
"5555","FERMOY","Enniscorthy Vaccination Centre",125200.430807958
"5556","FIRHOUSE-BOHERNABREENA","Enniscorthy Vaccination Centre",82978.3237010299
"5557","GALWAY CITY CENTRAL","Enniscorthy Vaccination Centre",188677.908342221
"5558","GALWAY CITY EAST","Enniscorthy Vaccination Centre",184536.813648393
"5559","GALWAY CITY WEST","Enniscorthy Vaccination Centre",189995.585082245
"5560","GLENCULLEN-SANDYFORD","Enniscorthy Vaccination Centre",85193.5007319531
"5561","GLENTIES","Enniscorthy Vaccination Centre",292668.245509516
"5562","GOREY","Enniscorthy Vaccination Centre",26412.5785661326
"5563","GORT-KINVARA","Enniscorthy Vaccination Centre",164708.199890752
"5564","GRAIGUECULLEN-PORTARLINGTON","Enniscorthy Vaccination Centre",62945.7665450262
"5565","GRANARD","Enniscorthy Vaccination Centre",159557.366591354
"5566","GREYSTONES","Enniscorthy Vaccination Centre",74556.3647139658
"5567","HOWTH-MALAHIDE","Enniscorthy Vaccination Centre",105347.439924256
"5568","KANTURK","Enniscorthy Vaccination Centre",166840.449462041
"5569","KELLS","Enniscorthy Vaccination Centre",140384.831125329
"5570","KENMARE","Enniscorthy Vaccination Centre",233350.052157494
"5571","KILDARE","Enniscorthy Vaccination Centre",78513.7094052939
"5572","KILKENNY","Enniscorthy Vaccination Centre",49974.2679366677
"5573","KILLALOE","Enniscorthy Vaccination Centre",145624.416488743
"5574","KILLARNEY","Enniscorthy Vaccination Centre",201851.853352829
"5575","KILLINEY-SHANKILL","Enniscorthy Vaccination Centre",86130.8403729252
"5576","KILMUCKRIDGE","Enniscorthy Vaccination Centre",13087.6771151539
"5577","KILRUSH","Enniscorthy Vaccination Centre",188785.537285076
"5578","KIMMAGE-RATHMINES","Enniscorthy Vaccination Centre",92426.1027962578
"5579","KINNEGAD","Enniscorthy Vaccination Centre",129749.595619675
"5580","LAYTOWN-BETTYSTOWN","Enniscorthy Vaccination Centre",134380.54876385
"5581","LEIXLIP","Enniscorthy Vaccination Centre",96438.7418588873
"5582","LETTERKENNY","Enniscorthy Vaccination Centre",283881.778310253
"5583","LIFFORD-STRANORLAR","Enniscorthy Vaccination Centre",269710.241679533
"5584","LIMERICK CITY EAST","Enniscorthy Vaccination Centre",134176.203620414
"5585","LIMERICK CITY NORTH","Enniscorthy Vaccination Centre",141568.821630644
"5586","LIMERICK CITY WEST","Enniscorthy Vaccination Centre",145553.363236302
"5587","LISMORE","Enniscorthy Vaccination Centre",98163.2297338396
"5588","LISTOWEL","Enniscorthy Vaccination Centre",202234.351385261
"5589","LONGFORD","Enniscorthy Vaccination Centre",160839.749742278
"5590","LOUGHREA","Enniscorthy Vaccination Centre",143291.541619086
"5591","LUCAN","Enniscorthy Vaccination Centre",93931.2935173643
"5592","MACROOM","Enniscorthy Vaccination Centre",175091.206251774
"5593","MALLOW","Enniscorthy Vaccination Centre",150303.702138239
"5594","MANORHAMILTON","Enniscorthy Vaccination Centre",226241.524979649
"5595","MAYNOOTH","Enniscorthy Vaccination Centre",95809.8951700445
"5596","MIDLETON","Enniscorthy Vaccination Centre",121160.490851312
"5597","MILFORD","Enniscorthy Vaccination Centre",299666.399521716
"5598","MOATE","Enniscorthy Vaccination Centre",126382.902427712
"5599","MONAGHAN","Enniscorthy Vaccination Centre",199882.307924834
"5600","MUINEBEAG","Enniscorthy Vaccination Centre",28393.621942639
"5601","MULLINGAR","Enniscorthy Vaccination Centre",123584.849932469
"5602","NAAS","Enniscorthy Vaccination Centre",79117.4176535882
"5603","NAVAN","Enniscorthy Vaccination Centre",126691.16039857
"5604","NENAGH","Enniscorthy Vaccination Centre",117558.544616308
"5605","NEW ROSS","Enniscorthy Vaccination Centre",22907.086471269
"5606","NEWBRIDGE","Enniscorthy Vaccination Centre",73536.2203607081
"5607","NEWCASTLE WEST","Enniscorthy Vaccination Centre",171295.375557
"5608","NEWPORT","Enniscorthy Vaccination Centre",118222.966643564
"5609","NORTH INNER CITY","Enniscorthy Vaccination Centre",96772.3502724545
"5610","ONGAR","Enniscorthy Vaccination Centre",99290.7477329923
"5611","PALMERSTOWN-FONTHILL","Enniscorthy Vaccination Centre",94541.0890346429
"5612","PEMBROKE","Enniscorthy Vaccination Centre",93721.0377387116
"5613","PILTOWN","Enniscorthy Vaccination Centre",43672.1439945475
"5614","PORTLAOISE","Enniscorthy Vaccination Centre",71366.6988474652
"5615","PORTLAW-KILMACTHOMAS","Enniscorthy Vaccination Centre",67783.6794911526
"5616","RATHFARNHAM-TEMPLEOGUE","Enniscorthy Vaccination Centre",89991.3731638423
"5617","RATOATH","Enniscorthy Vaccination Centre",107337.073713254
"5618","ROSCOMMON","Enniscorthy Vaccination Centre",180961.143875094
"5619","ROSCREA-TEMPLEMORE","Enniscorthy Vaccination Centre",93010.3235961699
"5620","ROSSLARE","Enniscorthy Vaccination Centre",28354.5826527718
"5621","RUSH-LUSK","Enniscorthy Vaccination Centre",116819.68433739
"5622","SHANNON","Enniscorthy Vaccination Centre",151528.731929553
"5623","SKIBBEREEN-WEST CORK","Enniscorthy Vaccination Centre",196320.87087701
"5624","SLIGO-DRUMCLIFF","Enniscorthy Vaccination Centre",236243.375454212
"5625","SLIGO-STRANDHILL","Enniscorthy Vaccination Centre",235075.74386491
"5626","SOUTH EAST INNER CITY","Enniscorthy Vaccination Centre",95441.2040811215
"5627","SOUTH WEST INNER CITY","Enniscorthy Vaccination Centre",94639.5381978862
"5628","STILLORGAN","Enniscorthy Vaccination Centre",90230.5992772228
"5629","SWINFORD","Enniscorthy Vaccination Centre",219652.338072359
"5630","SWORDS","Enniscorthy Vaccination Centre",108610.805594796
"5631","TALLAGHT CENTRAL","Enniscorthy Vaccination Centre",89153.2279527378
"5632","TALLAGHT SOUTH","Enniscorthy Vaccination Centre",84223.8175115822
"5633","THURLES","Enniscorthy Vaccination Centre",85447.5913163071
"5634","TRALEE","Enniscorthy Vaccination Centre",216950.411796045
"5635","TRAMORE-WATERFORD CITY WEST","Enniscorthy Vaccination Centre",53618.2388418667
"5636","TRIM","Enniscorthy Vaccination Centre",112369.873331697
"5637","TUAM","Enniscorthy Vaccination Centre",191340.110068424
"5638","TULLAMORE","Enniscorthy Vaccination Centre",108985.254156888
"5639","TULLOW","Enniscorthy Vaccination Centre",32308.260594014
"5640","WATERFORD CITY EAST","Enniscorthy Vaccination Centre",45967.7684230872
"5641","WATERFORD CITY SOUTH","Enniscorthy Vaccination Centre",49247.3541568979
"5642","WESTPORT","Enniscorthy Vaccination Centre",247005.915289886
"5643","WEXFORD","Enniscorthy Vaccination Centre",16663.6681737988
"5644","WICKLOW","Enniscorthy Vaccination Centre",63597.0593407878
"5645","ADARE-RATHKEALE","Greystones Vaccination Centre - Shoreline Leisure Centre",200433.025617145
"5646","ARDEE","Greystones Vaccination Centre - Shoreline Leisure Centre",86020.6838023209
"5647","ARKLOW","Greystones Vaccination Centre - Shoreline Leisure Centre",31113.5937944165
"5648","ARTANE-WHITEHALL","Greystones Vaccination Centre - Shoreline Leisure Centre",30493.626082259
"5649","ASHBOURNE","Greystones Vaccination Centre - Shoreline Leisure Centre",56639.0203003674
"5650","ATHENRY-ORANMORE","Greystones Vaccination Centre - Shoreline Leisure Centre",184771.751671224
"5651","ATHLONE","Greystones Vaccination Centre - Shoreline Leisure Centre",124995.258798685
"5652","ATHLONE","Greystones Vaccination Centre - Shoreline Leisure Centre",142588.89045942
"5653","ATHY","Greystones Vaccination Centre - Shoreline Leisure Centre",57051.5882428251
"5654","BAILIEBOROUGH-COOTEHILL","Greystones Vaccination Centre - Shoreline Leisure Centre",116209.559442312
"5655","BALBRIGGAN","Greystones Vaccination Centre - Shoreline Leisure Centre",49233.016292898
"5656","BALLINA","Greystones Vaccination Centre - Shoreline Leisure Centre",241007.118658304
"5657","BALLINAMORE","Greystones Vaccination Centre - Shoreline Leisure Centre",153861.125950248
"5658","BALLINASLOE","Greystones Vaccination Centre - Shoreline Leisure Centre",160488.710250695
"5659","BALLYBAY-CLONES","Greystones Vaccination Centre - Shoreline Leisure Centre",127580.553702139
"5660","BALLYFERMOT-DRIMNAGH","Greystones Vaccination Centre - Shoreline Leisure Centre",29003.1607969976
"5661","BALLYJAMESDUFF","Greystones Vaccination Centre - Shoreline Leisure Centre",115683.508322841
"5662","BALLYMAHON","Greystones Vaccination Centre - Shoreline Leisure Centre",127774.318821611
"5663","BALLYMOTE-TOBERCURRY","Greystones Vaccination Centre - Shoreline Leisure Centre",203653.71862715
"5664","BALLYMUN-FINGLAS","Greystones Vaccination Centre - Shoreline Leisure Centre",32042.2626259524
"5665","BALTINGLASS","Greystones Vaccination Centre - Shoreline Leisure Centre",37099.913160017
"5666","BANDON-KINSALE","Greystones Vaccination Centre - Shoreline Leisure Centre",237106.044085009
"5667","BANTRY-WEST CORK","Greystones Vaccination Centre - Shoreline Leisure Centre",288607.054852432
"5668","BELMULLET","Greystones Vaccination Centre - Shoreline Leisure Centre",267902.95994458
"5669","BIRR","Greystones Vaccination Centre - Shoreline Leisure Centre",118809.097078823
"5670","BLACKROCK","Greystones Vaccination Centre - Shoreline Leisure Centre",19100.9133785338
"5671","BLANCHARDSTOWN-MULHUDDART","Greystones Vaccination Centre - Shoreline Leisure Centre",36484.2897933194
"5672","BORRIS-IN-OSSORY-MOUNTMELLICK","Greystones Vaccination Centre - Shoreline Leisure Centre",98418.029633434
"5673","BOYLE","Greystones Vaccination Centre - Shoreline Leisure Centre",166380.888146006
"5674","BRAY EAST","Greystones Vaccination Centre - Shoreline Leisure Centre",7468.51682573756
"5675","BRAY WEST","Greystones Vaccination Centre - Shoreline Leisure Centre",10758.5201558162
"5676","BUNCRANA","Greystones Vaccination Centre - Shoreline Leisure Centre",234877.517456183
"5677","CABRA-GLASNEVIN","Greystones Vaccination Centre - Shoreline Leisure Centre",29986.6482078449
"5678","CAHIR","Greystones Vaccination Centre - Shoreline Leisure Centre",157370.320670827
"5679","CALLAN-THOMASTOWN","Greystones Vaccination Centre - Shoreline Leisure Centre",101851.517764474
"5680","CAPPAMORE-KILMALLOCK","Greystones Vaccination Centre - Shoreline Leisure Centre",176089.515287039
"5681","CARLOW","Greystones Vaccination Centre - Shoreline Leisure Centre",65075.5641845763
"5682","CARNDONAGH","Greystones Vaccination Centre - Shoreline Leisure Centre",247456.133793875
"5683","CARRICK-ON-SHANNON","Greystones Vaccination Centre - Shoreline Leisure Centre",151724.020480832
"5684","CARRICK-ON-SUIR","Greystones Vaccination Centre - Shoreline Leisure Centre",124617.106332269
"5685","CARRICKMACROSS-CASTLEBLAYNEY","Greystones Vaccination Centre - Shoreline Leisure Centre",108848.533644657
"5686","CARRIGALINE","Greystones Vaccination Centre - Shoreline Leisure Centre",217976.377594525
"5687","CASHEL-TIPPERARY","Greystones Vaccination Centre - Shoreline Leisure Centre",153247.923157426
"5688","CASTLEBAR","Greystones Vaccination Centre - Shoreline Leisure Centre",228090.125223008
"5689","CASTLECOMER","Greystones Vaccination Centre - Shoreline Leisure Centre",94696.74036394
"5690","CASTLEISLAND","Greystones Vaccination Centre - Shoreline Leisure Centre",248945.995308666
"5691","CASTLEKNOCK","Greystones Vaccination Centre - Shoreline Leisure Centre",34934.3025018189
"5692","CAVAN-BELTURBET","Greystones Vaccination Centre - Shoreline Leisure Centre",151084.028007582
"5693","CELBRIDGE","Greystones Vaccination Centre - Shoreline Leisure Centre",38588.6839260985
"5694","CLANE","Greystones Vaccination Centre - Shoreline Leisure Centre",58860.4591399972
"5695","CLAREMORRIS","Greystones Vaccination Centre - Shoreline Leisure Centre",207098.343140188
"5696","CLONDALKIN","Greystones Vaccination Centre - Shoreline Leisure Centre",31752.6586208557
"5697","CLONMEL","Greystones Vaccination Centre - Shoreline Leisure Centre",136293.115134399
"5698","CLONTARF","Greystones Vaccination Centre - Shoreline Leisure Centre",27653.6859052023
"5699","COBH","Greystones Vaccination Centre - Shoreline Leisure Centre",203874.998981584
"5700","CONAMARA NORTH","Greystones Vaccination Centre - Shoreline Leisure Centre",243673.919099479
"5701","CONAMARA SOUTH","Greystones Vaccination Centre - Shoreline Leisure Centre",222856.922941353
"5702","CORCA DHUIBHNE","Greystones Vaccination Centre - Shoreline Leisure Centre",292783.189116718
"5703","CORK CITY NORTH EAST","Greystones Vaccination Centre - Shoreline Leisure Centre",208963.962426393
"5704","CORK CITY NORTH WEST","Greystones Vaccination Centre - Shoreline Leisure Centre",216578.641736057
"5705","CORK CITY SOUTH CENTRAL","Greystones Vaccination Centre - Shoreline Leisure Centre",215363.771176563
"5706","CORK CITY SOUTH EAST","Greystones Vaccination Centre - Shoreline Leisure Centre",212246.314294483
"5707","CORK CITY SOUTH WEST","Greystones Vaccination Centre - Shoreline Leisure Centre",218827.640793088
"5708","DONAGHMEDE","Greystones Vaccination Centre - Shoreline Leisure Centre",28975.6659699612
"5709","DONEGAL","Greystones Vaccination Centre - Shoreline Leisure Centre",219312.235030121
"5710","DROGHEDA RURAL","Greystones Vaccination Centre - Shoreline Leisure Centre",72074.6106555657
"5711","DROGHEDA URBAN","Greystones Vaccination Centre - Shoreline Leisure Centre",67054.9363083467
"5712","DÚN LAOGHAIRE","Greystones Vaccination Centre - Shoreline Leisure Centre",16691.4347659816
"5713","DUNDALK-CARLINGFORD","Greystones Vaccination Centre - Shoreline Leisure Centre",101578.868821538
"5714","DUNDALK SOUTH","Greystones Vaccination Centre - Shoreline Leisure Centre",98163.2290362529
"5715","DUNDRUM","Greystones Vaccination Centre - Shoreline Leisure Centre",21473.9229508543
"5716","DUNGARVAN","Greystones Vaccination Centre - Shoreline Leisure Centre",162992.337702813
"5717","EDENDERRY","Greystones Vaccination Centre - Shoreline Leisure Centre",78037.4689890274
"5718","ENNIS","Greystones Vaccination Centre - Shoreline Leisure Centre",197995.947351771
"5719","ENNISCORTHY","Greystones Vaccination Centre - Shoreline Leisure Centre",74239.930188874
"5720","ENNISTIMON","Greystones Vaccination Centre - Shoreline Leisure Centre",208767.280266703
"5721","FERMOY","Greystones Vaccination Centre - Shoreline Leisure Centre",187517.594400316
"5722","FIRHOUSE-BOHERNABREENA","Greystones Vaccination Centre - Shoreline Leisure Centre",21150.3983307141
"5723","GALWAY CITY CENTRAL","Greystones Vaccination Centre - Shoreline Leisure Centre",201142.982621994
"5724","GALWAY CITY EAST","Greystones Vaccination Centre - Shoreline Leisure Centre",196800.067359557
"5725","GALWAY CITY WEST","Greystones Vaccination Centre - Shoreline Leisure Centre",203697.331498779
"5726","GLENCULLEN-SANDYFORD","Greystones Vaccination Centre - Shoreline Leisure Centre",16669.9154708149
"5727","GLENTIES","Greystones Vaccination Centre - Shoreline Leisure Centre",246384.282561873
"5728","GOREY","Greystones Vaccination Centre - Shoreline Leisure Centre",52504.8628207827
"5729","GORT-KINVARA","Greystones Vaccination Centre - Shoreline Leisure Centre",182924.922460429
"5730","GRAIGUECULLEN-PORTARLINGTON","Greystones Vaccination Centre - Shoreline Leisure Centre",71820.6712945627
"5731","GRANARD","Greystones Vaccination Centre - Shoreline Leisure Centre",125896.349036936
"5732","GREYSTONES","Greystones Vaccination Centre - Shoreline Leisure Centre",3577.28655658939
"5733","HOWTH-MALAHIDE","Greystones Vaccination Centre - Shoreline Leisure Centre",31950.7049816083
"5734","KANTURK","Greystones Vaccination Centre - Shoreline Leisure Centre",222096.837528473
"5735","KELLS","Greystones Vaccination Centre - Shoreline Leisure Centre",88187.6322554761
"5736","KENMARE","Greystones Vaccination Centre - Shoreline Leisure Centre",290828.260993978
"5737","KILDARE","Greystones Vaccination Centre - Shoreline Leisure Centre",59091.8871336138
"5738","KILKENNY","Greystones Vaccination Centre - Shoreline Leisure Centre",96360.9700146146
"5739","KILLALOE","Greystones Vaccination Centre - Shoreline Leisure Centre",175161.976691907
"5740","KILLARNEY","Greystones Vaccination Centre - Shoreline Leisure Centre",258987.520346819
"5741","KILLINEY-SHANKILL","Greystones Vaccination Centre - Shoreline Leisure Centre",12138.2874469098
"5742","KILMUCKRIDGE","Greystones Vaccination Centre - Shoreline Leisure Centre",72770.324511078
"5743","KILRUSH","Greystones Vaccination Centre - Shoreline Leisure Centre",225746.298325263
"5744","KIMMAGE-RATHMINES","Greystones Vaccination Centre - Shoreline Leisure Centre",25145.6262424145
"5745","KINNEGAD","Greystones Vaccination Centre - Shoreline Leisure Centre",93424.2498103202
"5746","LAYTOWN-BETTYSTOWN","Greystones Vaccination Centre - Shoreline Leisure Centre",69766.8756874411
"5747","LEIXLIP","Greystones Vaccination Centre - Shoreline Leisure Centre",38986.5883378408
"5748","LETTERKENNY","Greystones Vaccination Centre - Shoreline Leisure Centre",232050.656747705
"5749","LIFFORD-STRANORLAR","Greystones Vaccination Centre - Shoreline Leisure Centre",218549.245351432
"5750","LIMERICK CITY EAST","Greystones Vaccination Centre - Shoreline Leisure Centre",175273.109896103
"5751","LIMERICK CITY NORTH","Greystones Vaccination Centre - Shoreline Leisure Centre",181421.580229743
"5752","LIMERICK CITY WEST","Greystones Vaccination Centre - Shoreline Leisure Centre",187009.386359119
"5753","LISMORE","Greystones Vaccination Centre - Shoreline Leisure Centre",165605.318580603
"5754","LISTOWEL","Greystones Vaccination Centre - Shoreline Leisure Centre",247142.119287966
"5755","LONGFORD","Greystones Vaccination Centre - Shoreline Leisure Centre",134201.157849253
"5756","LOUGHREA","Greystones Vaccination Centre - Shoreline Leisure Centre",157270.774551659
"5757","LUCAN","Greystones Vaccination Centre - Shoreline Leisure Centre",34892.6341332428
"5758","MACROOM","Greystones Vaccination Centre - Shoreline Leisure Centre",238116.368629081
"5759","MALLOW","Greystones Vaccination Centre - Shoreline Leisure Centre",210001.540852135
"5760","MANORHAMILTON","Greystones Vaccination Centre - Shoreline Leisure Centre",190753.168764342
"5761","MAYNOOTH","Greystones Vaccination Centre - Shoreline Leisure Centre",48177.6184608044
"5762","MIDLETON","Greystones Vaccination Centre - Shoreline Leisure Centre",191707.966488455
"5763","MILFORD","Greystones Vaccination Centre - Shoreline Leisure Centre",245548.430242162
"5764","MOATE","Greystones Vaccination Centre - Shoreline Leisure Centre",106169.527494417
"5765","MONAGHAN","Greystones Vaccination Centre - Shoreline Leisure Centre",141545.764442177
"5766","MUINEBEAG","Greystones Vaccination Centre - Shoreline Leisure Centre",78013.6232528869
"5767","MULLINGAR","Greystones Vaccination Centre - Shoreline Leisure Centre",93879.4877450632
"5768","NAAS","Greystones Vaccination Centre - Shoreline Leisure Centre",37066.299483648
"5769","NAVAN","Greystones Vaccination Centre - Shoreline Leisure Centre",70705.1847604471
"5770","NENAGH","Greystones Vaccination Centre - Shoreline Leisure Centre",138711.895800654
"5771","NEW ROSS","Greystones Vaccination Centre - Shoreline Leisure Centre",99771.5254329119
"5772","NEWBRIDGE","Greystones Vaccination Centre - Shoreline Leisure Centre",44734.8007157858
"5773","NEWCASTLE WEST","Greystones Vaccination Centre - Shoreline Leisure Centre",219245.700512487
"5774","NEWPORT","Greystones Vaccination Centre - Shoreline Leisure Centre",153236.446963002
"5775","NORTH INNER CITY","Greystones Vaccination Centre - Shoreline Leisure Centre",26988.8942059754
"5776","ONGAR","Greystones Vaccination Centre - Shoreline Leisure Centre",37532.9352277216
"5777","PALMERSTOWN-FONTHILL","Greystones Vaccination Centre - Shoreline Leisure Centre",31874.71881871
"5778","PEMBROKE","Greystones Vaccination Centre - Shoreline Leisure Centre",23604.9989934441
"5779","PILTOWN","Greystones Vaccination Centre - Shoreline Leisure Centre",114755.914357236
"5780","PORTLAOISE","Greystones Vaccination Centre - Shoreline Leisure Centre",85284.2852649008
"5781","PORTLAW-KILMACTHOMAS","Greystones Vaccination Centre - Shoreline Leisure Centre",137466.806762753
"5782","RATHFARNHAM-TEMPLEOGUE","Greystones Vaccination Centre - Shoreline Leisure Centre",24696.7909115412
"5783","RATOATH","Greystones Vaccination Centre - Shoreline Leisure Centre",49881.7783775735
"5784","ROSCOMMON","Greystones Vaccination Centre - Shoreline Leisure Centre",166306.743357774
"5785","ROSCREA-TEMPLEMORE","Greystones Vaccination Centre - Shoreline Leisure Centre",124491.797012071
"5786","ROSSLARE","Greystones Vaccination Centre - Shoreline Leisure Centre",103912.217224126
"5787","RUSH-LUSK","Greystones Vaccination Centre - Shoreline Leisure Centre",46575.1224462366
"5788","SHANNON","Greystones Vaccination Centre - Shoreline Leisure Centre",188984.181936895
"5789","SKIBBEREEN-WEST CORK","Greystones Vaccination Centre - Shoreline Leisure Centre",263706.7236905
"5790","SLIGO-DRUMCLIFF","Greystones Vaccination Centre - Shoreline Leisure Centre",205127.307105692
"5791","SLIGO-STRANDHILL","Greystones Vaccination Centre - Shoreline Leisure Centre",205855.011569345
"5792","SOUTH EAST INNER CITY","Greystones Vaccination Centre - Shoreline Leisure Centre",25399.9916229228
"5793","SOUTH WEST INNER CITY","Greystones Vaccination Centre - Shoreline Leisure Centre",27452.1751710798
"5794","STILLORGAN","Greystones Vaccination Centre - Shoreline Leisure Centre",18895.204037749
"5795","SWINFORD","Greystones Vaccination Centre - Shoreline Leisure Centre",205986.751882531
"5796","SWORDS","Greystones Vaccination Centre - Shoreline Leisure Centre",39033.4681900033
"5797","TALLAGHT CENTRAL","Greystones Vaccination Centre - Shoreline Leisure Centre",27081.2539676056
"5798","TALLAGHT SOUTH","Greystones Vaccination Centre - Shoreline Leisure Centre",26239.5331816492
"5799","THURLES","Greystones Vaccination Centre - Shoreline Leisure Centre",128128.160833733
"5800","TRALEE","Greystones Vaccination Centre - Shoreline Leisure Centre",266121.685654052
"5801","TRAMORE-WATERFORD CITY WEST","Greystones Vaccination Centre - Shoreline Leisure Centre",128925.982658405
"5802","TRIM","Greystones Vaccination Centre - Shoreline Leisure Centre",67952.4170105044
"5803","TUAM","Greystones Vaccination Centre - Shoreline Leisure Centre",192482.188246549
"5804","TULLAMORE","Greystones Vaccination Centre - Shoreline Leisure Centre",101749.204555871
"5805","TULLOW","Greystones Vaccination Centre - Shoreline Leisure Centre",58708.8484320328
"5806","WATERFORD CITY EAST","Greystones Vaccination Centre - Shoreline Leisure Centre",122831.034891566
"5807","WATERFORD CITY SOUTH","Greystones Vaccination Centre - Shoreline Leisure Centre",124947.00395762
"5808","WESTPORT","Greystones Vaccination Centre - Shoreline Leisure Centre",246848.681493204
"5809","WEXFORD","Greystones Vaccination Centre - Shoreline Leisure Centre",90911.0268859592
"5810","WICKLOW","Greystones Vaccination Centre - Shoreline Leisure Centre",15130.3407774496
