"CSO_LEA","p_age_12to17","p_age_18to54","p_age_55to64","p_age_65to70","p_age_71plus","p_edu_NoFormal","p_edu_Primary","p_edu_UpperSecondary","p_edu_Apprenticeship","p_edu_HonoursBachelor","p_edu_Postgraduate","p_health_VeryBad","p_health_Bad","p_health_Fair","p_health_Good","p_health_VeryGood","Weighted_Access_Initial_Vacc_Center","Access_Pharmacies","Access_GPs","Index22_rel","UNEMPM22","UNEMPF22","p_age_12to17_sex_female","p_age_12to17_sex_male","p_age_18to54_sex_female","p_age_18to54_sex_male","p_age_55to64_sex_female","p_age_55to64_sex_male","p_age_65to70_sex_female","p_age_65to70_sex_male","p_age_71plus_sex_female","p_age_71plus_sex_male","p_sex_female","p_sex_male","Primary_Vax_Rate"
"ADARE-RATHKEALE",0.107471412604247,0.504771730719629,0.164302295589373,0.13133006620239,0.0921244948843608,0.0408000708027259,0.134702186034162,0.327639614125144,0.124347287370564,0.216302327639614,0.15620851402779,0.00375953571558929,0.0153666459831368,0.0927108807533672,0.323940577435486,0.564222360112421,0.625261176902765,23.8063556222483,9.44346861108998,0.950476033461445,6.23015873015873,6.44132653061224,0.0497807583182873,0.0576906542859599,0.256813687559109,0.247958043160519,0.0815493078841028,0.0827529877052704,0.0649557217780071,0.0663743444243831,0.0501246668386209,0.0419998280457398,0.503224142378127,0.496775857621873,97.3
"ARDEE",0.126323218066337,0.543824982357092,0.147447659374265,0.103505057633498,0.0788990825688073,0.0631732168850073,0.155943716642407,0.307714701601164,0.135177098495876,0.201358563803979,0.136632702571567,0.00321418890136699,0.0133989079502769,0.0952251868489331,0.307710180846532,0.580451535452891,1.31324935612161,22.8655545454853,5.61102170128378,-1.40038304650632,7.94405594405594,7.84178847807395,0.0611620795107034,0.065161138555634,0.27635850388144,0.267466478475653,0.0713714420136438,0.076076217360621,0.0502470007057163,0.0532580569277817,0.043095742178311,0.0358033403904964,0.502234768289814,0.497765231710186,91.4
"ARKLOW",0.120059488935959,0.532786515841183,0.156203524268782,0.113119113074046,0.0778313578800306,0.0545454545454545,0.145454545454545,0.337121212121212,0.151704545454545,0.183996212121212,0.12717803030303,0.00384716931316712,0.0165201976388941,0.0965564062912534,0.319390487685286,0.563685739071399,0.570178481281406,15.3306869873054,5.57187557457838,-3.52028438122039,10.2417213916445,9.89565802760014,0.0585425210689982,0.0615169678669611,0.273739240164045,0.259047275677137,0.0767497408625896,0.0794537834061923,0.0563342196583893,0.0567848934156564,0.0402000991482266,0.037631258731804,0.505565820902249,0.494434179097751,92
"ARTANE-WHITEHALL",0.0874915873473704,0.548336698394385,0.142366118642438,0.0957359869243342,0.126069608691472,0.0480709913159019,0.196697195463389,0.314620604565083,0.123712807858397,0.179566269634129,0.1373321311631,0.00519568293661689,0.0221555747988257,0.118845967009525,0.330538365683148,0.523264409571884,0.67520254264749,47.5561399665609,16.0506257348069,-6.37184994561899,10.8723041577114,8.96991207550214,0.0438179021247957,0.0436736852225748,0.282040188443419,0.266296509950966,0.074079415440823,0.0682867032016152,0.0525430247091626,0.0431929622151716,0.0756658013652533,0.0504038073262186,0.528146332083454,0.471853667916546,88.9
"ASHBOURNE",0.124256883604506,0.591989987484355,0.126329787234043,0.0986780350438048,0.0587453066332916,0.0320829620027546,0.0960058332658187,0.32860730778579,0.134732236895406,0.236895406303168,0.171676253747063,0.00243346956603126,0.0109818113749103,0.0736904501918697,0.310048981374598,0.60284528749259,1.44465094252141,23.7605655845753,7.48619029124205,3.734560242628,5.34359538207807,7.06416072585872,0.0610137672090113,0.0632431163954944,0.30049280350438,0.291497183979975,0.0636342302878598,0.0626955569461827,0.0506492490613267,0.0480287859824781,0.0304677722152691,0.0282775344180225,0.506257822277847,0.493742177722153,88.3
"ATHENRY-ORANMORE",0.124542124542125,0.566630036630037,0.140879120879121,0.0964468864468864,0.0715018315018315,0.0286996154393961,0.101837345107535,0.284574846887908,0.116222760290557,0.253453923942458,0.215211508332146,0.00234233700002965,0.0100809440507605,0.076407625937676,0.305660153586148,0.605508939425386,2.75859565874123,22.2968247412099,13.9251982349979,5.23821453645717,5.55024938979094,5.79622458857696,0.0602930402930403,0.0642490842490843,0.286923076923077,0.27970695970696,0.0695604395604396,0.0713186813186813,0.0481684981684982,0.0482783882783883,0.0392307692307692,0.0322710622710623,0.504175824175824,0.495824175824176,91.8
"ATHLONE",0.120127718537261,0.526296764865353,0.158985481053076,0.113621302488102,0.0809687330562082,0.034379849588158,0.112450758027934,0.345469738569894,0.11292825593888,0.22800525247702,0.166766145398114,0.00325107137579429,0.0123146643022511,0.0820649229102015,0.306044037239545,0.596325304172208,1.43051688498331,28.0372702427907,4.1146892708825,-1.09765408397499,10.738255033557,10.5495313361514,0.0588589674076752,0.0612687511295861,0.268871618772215,0.257425146093138,0.0784384601482017,0.0805470209048738,0.0556057593830954,0.0580155431050063,0.0441592867040183,0.0368094463521899,0.505934092415206,0.494065907584794,90.2
"ATHLONE_WESTMEATH",0.0944645954896704,0.567576092099038,0.140514114492982,0.114072438626925,0.0833727592913841,0.0384292314153717,0.128202435951281,0.314048719025619,0.106572868542629,0.22060058798824,0.192146157076858,0.003614512266751,0.0166267564270546,0.0992635431256495,0.334839380111146,0.545655808069399,0.882890309449864,28.8803730144315,5.23307819987627,2.49195349828727,6.29535558780842,6.12589776087875,0.0456815433948378,0.0487830520948326,0.28434000946223,0.283236082636808,0.0717026757083531,0.0688114387846291,0.0577721705304106,0.0563002680965147,0.0453661357304316,0.0380066235609525,0.504862534826263,0.495137465173737,93.2
"ATHY",0.126203160675113,0.55634149617227,0.145006043783856,0.103415857098088,0.069033442270672,0.0517741784477109,0.13978091938957,0.360827637861623,0.149236962831196,0.180601067315794,0.117779234154105,0.00426063321824726,0.0175934768236245,0.099169911114376,0.314993021376625,0.563982957467127,0.512271873539717,24.413808602873,5.79487872367487,-4.06655524787758,10.6201756720788,10.5245517010223,0.0610198325648028,0.0651833281103102,0.284684604020235,0.271656892152035,0.0697497425795765,0.0752563012042799,0.0505887093163809,0.0528271477817075,0.0382325289877781,0.0308009132828939,0.504275417468774,0.495724582531226,91.7
"BAILIEBOROUGH-COOTEHILL",0.117493857493857,0.527272727272727,0.155921375921376,0.116658476658477,0.0826535626535626,0.0698676515851031,0.168154303888376,0.334667077049349,0.157073971478404,0.166820560172361,0.103416435826408,0.00278631427986068,0.0144642491292768,0.0849416103257529,0.302233148944888,0.595574677320221,1.95358725651893,22.28744115809,6.23229184883425,-3.88364568826011,7.55385487528345,8.17655571635311,0.0573955773955774,0.0600982800982801,0.263439803439803,0.263832923832924,0.0758230958230958,0.0800982800982801,0.0575921375921376,0.0590663390663391,0.0446683046683047,0.037985257985258,0.498918918918919,0.501081081081081,89.6
"BALBRIGGAN",0.139458758710096,0.596532166585643,0.121860314373683,0.0896451142440447,0.0525036460865338,0.0355791067373202,0.0893950863670773,0.335352006056018,0.138531415594247,0.218636019544422,0.182506365700915,0.00389975041597337,0.0161449667221298,0.0882903494176373,0.31886959234609,0.57279534109817,0.164099962811408,24.9907804958167,7.36586534810813,0.798348925843913,9.28550193241502,8.90754470126472,0.0662777507697294,0.0731810079403662,0.315086695835359,0.281445470750284,0.0613838923999352,0.0604764219737482,0.0461189434451467,0.0435261707988981,0.0297844757737806,0.0227191703127532,0.518651758223951,0.481348241776049,85.4
"BALLINA",0.105697369698146,0.491798505289721,0.160826943608658,0.136901873240804,0.104775308162671,0.0625455207574654,0.164785142024763,0.380553532410779,0.11717042971595,0.165877640203933,0.109067734887109,0.00365877908132829,0.0172996619606283,0.10988268045337,0.332113740306224,0.537045138198449,0.0248890075609628,19.1194934239795,8.23933181032406,-6.86962157742721,12.450624111234,10.097192224622,0.0498398524701543,0.0558575172279918,0.251577210521207,0.240221294768514,0.0811414151218092,0.0796855284868485,0.0687663787246433,0.0681354945161603,0.0560516354459866,0.0487236727166845,0.507376492283801,0.492623507716199,92.6
"BALLINAMORE",0.105620043673141,0.47661188369153,0.169865532697391,0.148488679462131,0.0994138604758074,0.0665745219995393,0.151347615756738,0.321354526606773,0.161944252476388,0.183598249251325,0.115180833909238,0.00200573065902578,0.0169054441260745,0.10487106017192,0.323686723973257,0.552531041069723,0.267862644513314,9.01084068958384,2.84015323661612,-3.62510520001432,10.1906158357771,7.62635379061372,0.0514883346741754,0.0541317089989656,0.244339731065395,0.232272152626135,0.0802206642914608,0.0896448684059303,0.0718308240432134,0.0766578554189174,0.0521779105849902,0.0472359498908171,0.500057464659235,0.499942535340765,90.6
"BALLINASLOE",0.10296484540449,0.489284201609487,0.158703939008895,0.136213468869123,0.112833545108005,0.0503008021390374,0.176888368983957,0.334475267379679,0.132352941176471,0.184074197860963,0.121908422459893,0.00448681996634885,0.0151079641054403,0.101444195176669,0.327713123948402,0.551247896803141,0.350812335733024,31.3646864291254,8.54455133207217,-3.87901328684263,8.86699507389163,8.3745466534784,0.0516730199068191,0.0512918254976705,0.246929267259636,0.242354934349852,0.0786107581533249,0.0800931808555697,0.0672596357475646,0.0689538331215587,0.0611181702668361,0.051715374841169,0.50559085133418,0.49440914866582,92.6
"BALLYBAY-CLONES",0.120555982398547,0.513515401271216,0.149542501920793,0.12726129775791,0.0891248166515331,0.0727220465651049,0.19272779534349,0.308565679793044,0.139551595286002,0.179793043978155,0.106639839034205,0.00282956058588548,0.0119285397248114,0.091988459831336,0.307922769640479,0.585330670217488,1.17571672181416,10.2237500517819,3.44423710928898,-3.74311804890271,7.411188240098,6.58145227087299,0.0585318153244395,0.0620241670741077,0.252566878536006,0.26094852273521,0.0718725990081721,0.0776699029126214,0.0614653907941608,0.0657959069637494,0.046378431235594,0.0427463854159391,0.490815114898373,0.509184885101627,87.3
"BALLYFERMOT-DRIMNAGH",0.0881157033300736,0.591100931597097,0.141978485768696,0.104920479695301,0.0738843996088322,0.0631807154286894,0.229236566355237,0.300624580601869,0.129458524750942,0.153254529499819,0.124245083363444,0.00593031875463306,0.025179942131567,0.125923623233458,0.347019297448528,0.495946818431813,0.889064730830852,32.0832230655512,12.598484879801,-7.84938101779147,12.2954477833978,9.40894705328886,0.0425909722579649,0.0455247310721087,0.293144268876422,0.297956662720675,0.0725719285603994,0.0694065572082969,0.0541973338823408,0.05072314581296,0.0459622214215863,0.0279221781872459,0.508466724998713,0.491533275001287,84.2
"BALLYJAMESDUFF",0.127963176064442,0.538780207134637,0.146881472957422,0.106283084004603,0.0800920598388953,0.0567416810925178,0.155895364493172,0.335833814195037,0.170802077322562,0.169936526255049,0.110790536641662,0.00289467824537964,0.0133971646997699,0.0915534773250204,0.315297261189045,0.576857418540785,0.932814830834067,19.9978414459621,4.68504738613651,-3.007354723744,7.78787069195832,8.45712356515868,0.062692750287687,0.0652704257767549,0.273233601841197,0.265546605293441,0.0704718066743383,0.076409666283084,0.0509551208285385,0.0553279631760644,0.0416570771001151,0.0384349827387802,0.499010356731876,0.500989643268124,88.6
"BALLYMAHON",0.113769044567849,0.56386159760786,0.138117613555461,0.108999003274954,0.0752527409938773,0.0595751742449386,0.150182542316628,0.321938267507468,0.150016594756057,0.182708264188516,0.135579156986392,0.00411078913673428,0.0164431565469371,0.104858817979648,0.331963070287755,0.542624166048925,0.64948276609047,11.1962095291067,5.38210314134842,-2.45521105295612,9.46647290844924,8.59613428280773,0.0538231524989321,0.0599458920689164,0.284422611419621,0.279438986188239,0.067848497792966,0.0702691157624947,0.0533247899757938,0.0556742132991599,0.0398690018510608,0.0353837391428165,0.499288053538374,0.500711946461626,76.1
"BALLYMOTE-TOBERCURRY",0.114106969777073,0.480350691690898,0.166490439686316,0.135650718124945,0.103401180720768,0.033215234720992,0.154118689105403,0.353587245349867,0.143312666076174,0.186802480070859,0.128963684676705,0.0031128689665275,0.0141727092946605,0.103859957518494,0.324104592397275,0.554749871823043,0.989953807369797,9.62661500185385,11.9916741186207,-2.33846680877633,8.77413937867338,7.25567620927937,0.0554233853202925,0.0586835844567803,0.2451757864129,0.235174905277998,0.0838840426469292,0.0826063970393867,0.0666137985725615,0.0690369195523835,0.0548065908890651,0.0485945898317032,0.505903603841748,0.494096396158252,93.1
"BALLYMUN-FINGLAS",0.101909827419825,0.568392468412666,0.14086940909805,0.0961197513409188,0.0927085437285397,0.0685786664254049,0.218311770560029,0.341671944268524,0.137745408486384,0.133945535148828,0.0997466751108296,0.00671463832991674,0.0260636740158139,0.122411412793373,0.341630757645484,0.503179517215412,0.470077952480518,33.892377492285,10.4442850627394,-11.1057032273997,14.2924944064004,10.9528703567758,0.0495971633115644,0.052312664108261,0.295002132004758,0.273390336407909,0.0736327116856303,0.0672366974124195,0.050517291680693,0.0456024596602258,0.056397136380978,0.0363114073475617,0.525146435063623,0.474853564936376,83
"BALTINGLASS",0.11838768115942,0.526766304347826,0.158378623188406,0.11195652173913,0.0845108695652174,0.0505770854837196,0.146194989208971,0.321385005160927,0.14206624753683,0.199305620718776,0.140471051890776,0.00377570093457943,0.0140560747663551,0.0865046728971963,0.314504672897196,0.581158878504673,0.902627977050668,13.6219444085544,5.38257096877919,-1.41381847618324,7.78168062685761,8.03467244540757,0.0576539855072464,0.0607336956521739,0.270063405797101,0.256702898550725,0.0791666666666667,0.0792119565217391,0.0551630434782609,0.0567934782608696,0.0427989130434783,0.0417119565217391,0.504846014492754,0.495153985507246,91.9
"BANDON-KINSALE",0.122738447960663,0.536815230410389,0.150381390657505,0.107262182437118,0.0828027485343252,0.0325892857142857,0.096875,0.274362244897959,0.143686224489796,0.252869897959184,0.199617346938776,0.00220863937541733,0.0110688787302892,0.0726539627099491,0.301941548102111,0.612126971082233,0.268557503394824,16.9775893901114,12.1654678519824,6.13545936400424,4.60986208199509,5.59735522115823,0.0592258715249322,0.063512576435731,0.273813276177268,0.263001954233121,0.073220702263128,0.0771606883943769,0.0526382147134842,0.0546239677236336,0.0463657567925361,0.0364369917417891,0.505263821471348,0.494736178528652,91.3
"BANTRY-WEST CORK",0.0939045312342315,0.441467352911495,0.191038449894036,0.156423453426178,0.11716621253406,0.0469020246210194,0.154847899074168,0.313053209889104,0.146708719096551,0.191575948723166,0.146912198595991,0.00410857117881026,0.0142925827177761,0.104069233795183,0.338563748415578,0.538965863892653,4.47094705106575,13.9716362544618,11.904307259268,-0.379022086306199,6.51994042694026,6.77827684769294,0.0443536179231002,0.0495509133111313,0.223332324149763,0.218135028761732,0.0972348370168534,0.0938036128771824,0.0751337168230901,0.0812897366030881,0.0621657079422747,0.0550005045917852,0.502220203855081,0.497779796144919,93.8
"BELMULLET",0.088393616016621,0.423174992917178,0.173009727075267,0.178298234016432,0.137123429974502,0.0830299878661813,0.266770670826833,0.311839140232276,0.114231235916103,0.137978852487433,0.0861501126711735,0.00562163923741241,0.0220791917875183,0.148036499918527,0.345934495681929,0.478328173374613,0.00689520475078253,9.76506183916576,6.94704587137404,-10.4217281304358,12.810773480663,8.59077443927211,0.0446689961280574,0.0437246198885636,0.2138067806214,0.209368212295779,0.0861271130418359,0.0868826140334309,0.0857493625460383,0.0925488714703938,0.0711115308338842,0.0660118991406176,0.501463783171215,0.498536216828785,98.1
"BIRR",0.10649701715138,0.506058911260254,0.157485085756898,0.131991051454139,0.0979679343773304,0.0635696821515892,0.166259168704156,0.351419973669362,0.137577581342863,0.16795185254843,0.1132217415836,0.00418053727645738,0.0174963226755439,0.100719981419834,0.338894480142448,0.538708678485716,1.12500644334375,27.6833699462401,7.31024032906335,-4.99321991079166,9.88422575976845,9.02461257976299,0.0488907531692767,0.0576062639821029,0.253309097688292,0.252749813571961,0.0764821029082774,0.0810029828486204,0.0677199850857569,0.0642710663683818,0.050755033557047,0.0472129008202834,0.49715697240865,0.50284302759135,94.5
"BLACKROCK",0.0913057949040346,0.519655338190156,0.153877445360748,0.112273954365593,0.122887467179468,0.00944762864521005,0.029161680418215,0.17270265163444,0.052591799458336,0.334697990804308,0.401398249039491,0.00207582880517736,0.00989071371878625,0.0688686733011783,0.270712497710483,0.648452286464375,0.579629534279216,35.253067699744,11.8394104428561,10.7783243252003,5.56280393784842,5.08838383838384,0.0428608409452313,0.0484449539588033,0.268444214341186,0.25121112384897,0.0843164084168485,0.0695610369439,0.0604637402462927,0.0518102141193003,0.0737398764838579,0.0491475906956104,0.529825080433416,0.470174919566584,97.7
"BLANCHARDSTOWN-MULHUDDART",0.136427332176698,0.69631656212465,0.0856799679701054,0.049713065527826,0.0318630722007207,0.0396616391349453,0.090415768893145,0.311627164631713,0.161679035990743,0.220892187375309,0.175724203974144,0.00343347639484978,0.0139628040057225,0.08,0.330071530758226,0.572532188841202,1.15545371262339,68.8097890459077,21.6908333085453,0.200666125820332,9.94731672470756,11.0594419733118,0.0666622180701989,0.0697651141064994,0.358067529694381,0.338249032430268,0.0423728813559322,0.0433070866141732,0.0270252235419725,0.0226878419858535,0.0179834512211397,0.0138796209795809,0.512111303883625,0.487888696116375,69.2
"BORRIS-IN-OSSORY-MOUNTMELLICK",0.118837220532136,0.527693273455985,0.152542372881356,0.115843353131489,0.0850837799990342,0.0498076923076923,0.169038461538462,0.371730769230769,0.138846153846154,0.166730769230769,0.103846153846154,0.00338063603129053,0.0163921537796297,0.0989818782184834,0.320059750776367,0.561185581194229,1.01521401667353,16.4464103769543,8.7535109834639,-3.71354735128362,7.76515151515152,8.6197778952935,0.05949104254189,0.0593461779902458,0.269882659713168,0.257810613742817,0.0752812786711092,0.0772610942102468,0.0568834806122942,0.0589598725191946,0.0465015210777923,0.038582258921242,0.508039982616254,0.491960017383746,96.4
"BOYLE",0.101677629901586,0.474427617153638,0.167661006577941,0.148131150884708,0.108102595482127,0.0588054502612437,0.14691117713349,0.342075607007479,0.145374449339207,0.177748181538777,0.129085134719803,0.00440849169662729,0.0183187810306454,0.11402157164869,0.338169833932546,0.525081321691491,3.10421570534202,9.53351979528678,9.870628082151,-4.02516481904499,10.2695551513147,9.42892358258012,0.0502779052572536,0.0513997246443323,0.239355463770333,0.235072153383305,0.0830656264341441,0.0845953801437968,0.0722553668859314,0.0758757839987762,0.0570598133700474,0.05104278211208,0.502014175717709,0.497985824282291,89.2
"BRAY EAST",0.0852366538249862,0.526141992294992,0.146326362135388,0.129334067143643,0.112960924600991,0.0444063776518645,0.125708261958097,0.269996046910001,0.130056660956648,0.221241270259586,0.208591382263803,0.00469172932330827,0.017203007518797,0.10796992481203,0.342015037593985,0.52812030075188,0.0481085620382619,2.6750138604954,1.37640885026024,-0.533499244939062,10.7158836689038,8.02139037433155,0.0390753990093561,0.0461612548156302,0.27063841496973,0.255503577325261,0.0763621353880022,0.0699642267473858,0.0705833791964777,0.0587506879471657,0.0633599339570721,0.0496009906439185,0.520019262520638,0.479980737479362,96.9
"BRAY WEST",0.112948022748314,0.536106335140854,0.16856235947626,0.10864964951726,0.0737336331173125,0.0329048843187661,0.0996143958868895,0.291131105398458,0.126478149100257,0.238688946015424,0.211182519280206,0.00354590282010083,0.0129647071859937,0.0859327386558812,0.300404454540418,0.597152196797607,0.848560911050037,13.7677290669664,6.1469404471838,2.47902589008757,7.92399434000404,7.99566630552546,0.0572675572014284,0.0556804655468853,0.286668430101838,0.249437905039016,0.086893268086232,0.0816690913900278,0.0575320724771856,0.0511175770400741,0.04119825419918,0.0325353789181325,0.529559582065864,0.470440417934136,95.1
"BUNCRANA",0.131118979373911,0.519923565447086,0.150621030742427,0.111335918619682,0.0870005058168943,0.0733526268922529,0.210040071237756,0.276046304541407,0.127337488869101,0.182769367764915,0.130454140694568,0.00389014958551382,0.0154216644282869,0.106793868383272,0.313157041633863,0.560737275969064,0.171762543719771,25.6439215882647,2.06908107927338,-5.75458538961224,11.0453991998608,9.66773847802787,0.0647445624683864,0.0663744169055246,0.262575170010678,0.257348395436408,0.0763221491597819,0.0742988815826449,0.0559770696341258,0.0553588489855561,0.0452987129770134,0.0417017928398809,0.504917664249986,0.495082335750014,64.4
"CABRA-GLASNEVIN",0.0593179215435082,0.641180923542771,0.129641491488577,0.0896756536423455,0.0801840097827986,0.0328826392644673,0.12143500991527,0.221128537948441,0.0842617631151974,0.266594555615648,0.273697494140977,0.00414598221591838,0.0179841070681723,0.0960304038695834,0.32178640917935,0.560053097666976,1.01713313707955,68.3235642475534,25.0803922803584,4.78836821420164,8.23872679045093,6.7032837231278,0.0282614181175877,0.0310565034259205,0.311593780935189,0.329587142607582,0.0658591975775927,0.0637822939109843,0.0466623963974456,0.0430132572448999,0.0485646072322832,0.0316194025505153,0.500941400260098,0.499058599739902,89.8
"CAHIR",0.11071984276472,0.512734419785439,0.156907706166571,0.127999344853001,0.0916386864302678,0.0449342217666154,0.140269947035708,0.362890825217837,0.154109003929609,0.181616265163164,0.116179736887066,0.00345017940932928,0.0135937068727574,0.0944659122274358,0.343085840463704,0.545404361026773,0.937217291888124,10.154994016943,3.18431898483752,-0.969652323474646,6.82478218780252,6.29262244265344,0.055933175006142,0.0547866677585783,0.254033248710179,0.25870117107526,0.0780443862091557,0.0788633199574154,0.0606829907460486,0.0673163541069527,0.0496273851445418,0.042011301285726,0.498321185816067,0.501678814183933,88.9
"CALLAN-THOMASTOWN",0.118676677616143,0.503003284842797,0.16316283435007,0.123510089160019,0.0916471140309714,0.040472335968003,0.121321778878202,0.316922197885916,0.133987239310542,0.228644890962765,0.158651556994572,0.00342186102578061,0.0124431310028386,0.0848465995256056,0.307189796632578,0.592098611813197,1.70078749617633,43.0483439968904,8.20721235234063,-0.0039781971530762,7.77187185749174,6.88757807078418,0.0567339277334585,0.0619427498826842,0.255983106522759,0.247020178320038,0.0810417644298451,0.0821210699202252,0.060253402158611,0.0632566870014078,0.0488972313467855,0.0427498826841858,0.502909432191459,0.497090567808541,96.9
"CAPPAMORE-KILMALLOCK",0.118948161336712,0.508594124494967,0.146750667671027,0.131856467849072,0.093850578648223,0.040366326171187,0.147798520605847,0.349982388164847,0.138569918985558,0.19147587178584,0.131806974286721,0.00366825242161976,0.0145583767983034,0.0985556256089872,0.327190921075256,0.556026824095833,0.362988154968075,30.8716827842794,9.80276278488391,-0.485286360772709,6.38592750533049,6.3395225464191,0.0558104499075532,0.0631377114291584,0.254160104088201,0.254434020406766,0.0714921591453811,0.0752585085256454,0.06440457440252,0.0674518934465521,0.0496815722796686,0.0441690063685544,0.495548859823324,0.504451140176676,95.4
"CARLOW",0.106129543479372,0.585041664536578,0.132559685087674,0.0984101017330402,0.0778590051633352,0.0346972176759411,0.131042007637752,0.310529187124932,0.16442989634479,0.207855973813421,0.151445717403164,0.00493250259605399,0.0210280373831776,0.111976462443752,0.342852197992385,0.519210799584631,1.05196978553879,7.66067630840692,3.52700792893577,-3.23696570769993,12.290931410158,11.8841114596789,0.0518378406011963,0.054291702878176,0.295639282245284,0.289402382291294,0.0664587700015337,0.0661009150861408,0.0515311078165738,0.0468789939164664,0.0433515668933081,0.0345074382700271,0.508818567557896,0.491181432442104,85.6
"CARNDONAGH",0.126100129851392,0.485283508873178,0.148391285528784,0.139013129418554,0.101211946328091,0.0820167605440308,0.245363374089848,0.270504190136008,0.124330265146311,0.164583047121857,0.113202362961945,0.00379185625947964,0.0168591762921479,0.107455372768638,0.329366468323416,0.542527126356318,0.00683522599209595,9.80027006181786,3.87353263878117,-8.21900227382175,12.6110977660341,8.57142857142857,0.0611022940412639,0.0649978358101284,0.249458952532102,0.235824556341076,0.0760352041552445,0.0723560813735392,0.0701197518395614,0.0688933775789929,0.0521569759053528,0.0490549704227384,0.508873178473525,0.491126821526475,74.5
"CARRICK-ON-SHANNON",0.107117617364967,0.526299848561333,0.142655224634023,0.128319030792529,0.0956082786471479,0.0476386036960986,0.118069815195072,0.31129363449692,0.149281314168378,0.209445585215606,0.164271047227926,0.00251593425025159,0.0182824555518282,0.110114055686011,0.322375041932237,0.546712512579671,2.13061145894537,7.94990248816064,2.50785748629106,-1.28419036095924,10.3053435114504,7.87429378531073,0.0515901060070671,0.0555275113579001,0.269459868753155,0.256839979808178,0.0723876829883897,0.0702675416456335,0.0652195860676426,0.0630994447248864,0.0517920242301868,0.0438162544169611,0.510449268046441,0.489550731953559,85.6
"CARRICK-ON-SUIR",0.113040243070627,0.493024121039251,0.167979165374837,0.128170149438829,0.0977863210764556,0.0603739288496494,0.166190599844196,0.384056089327447,0.134121007530512,0.162944689690989,0.0923136847572059,0.00601160862354892,0.0202632669983416,0.108675373134328,0.31695688225539,0.548092868988391,0.264243449235372,10.7478610540672,6.66271218983778,-5.76206312887113,9.80082823900611,8.92509727626459,0.054318844174366,0.0587213988962609,0.251131642586966,0.241892478452285,0.0823463756433311,0.0856327897315062,0.0599615551559496,0.0682085942828796,0.054318844174366,0.0434674769020897,0.502077261734979,0.497922738265021,95.5
"CARRICKMACROSS-CASTLEBLAYNEY",0.119529827272226,0.549528171734452,0.137078527675073,0.109044754704487,0.084818718613763,0.0765233821445442,0.150330656589513,0.319437883797827,0.146197449220595,0.195914029286726,0.111596598960794,0.00327839403601742,0.0144608613643508,0.0933668657654826,0.313378542237392,0.575515336596758,2.33818136629247,19.4733769088104,4.3043180660086,-2.99988281970288,8.84200354324368,9.02834008097166,0.0593786214888803,0.0601512057833453,0.272391148391369,0.277137023343083,0.069201478947078,0.0678770487279951,0.0538049776502401,0.0552397770542465,0.0465206114452845,0.0382981071684786,0.501296837922852,0.498703162077148,89
"CARRIGALINE",0.123528633778601,0.566161883348763,0.148293876471366,0.100052903055151,0.0619627033461182,0.0186677146787188,0.0655662540119211,0.299600445405122,0.124975437217528,0.262461518307461,0.228728630379249,0.00230965066533686,0.00986850738825752,0.0654838455683578,0.289624944227186,0.632713052150862,0.416565737538061,32.6536104324465,15.4739801778245,7.42061833731678,5.28902870625246,5.55177883525946,0.059648194683243,0.0638804390953578,0.294670017193493,0.27149186615527,0.0740312128025394,0.0742626636688269,0.0518449940484063,0.0482079090067451,0.0342877926200238,0.0276749107260944,0.514482211347705,0.485517788652295,94.4
"CASHEL-TIPPERARY",0.107607000519841,0.514338936059608,0.15638537515162,0.124761739733148,0.0969069485357824,0.0496196709711657,0.146824694852291,0.387581814965505,0.132053776755705,0.174951353263754,0.10896868919158,0.00349953099069196,0.0172451114799047,0.103651057074825,0.330074319936503,0.545529980518075,0.186250971643679,22.9237932820864,8.81962456634133,-3.07007759324504,8.33557046979866,8.21962313190383,0.0522006584647375,0.0554063420551031,0.261566452954427,0.252772483105181,0.0765465257321088,0.0798388494195113,0.0614278287991683,0.0633339109339802,0.0532836596776988,0.0436232888580835,0.505025125628141,0.494974874371859,91.3
"CASTLEBAR",0.103808929128942,0.513307836403372,0.161098969715891,0.129995316890415,0.09178894786138,0.0447784440464138,0.123354878903512,0.331905614827506,0.127949536640449,0.21454715364847,0.15746437193365,0.00270993753924452,0.0160943851416108,0.0948478138735583,0.328299018473843,0.558048844971744,4.01355092594682,26.504463338985,9.69867548100815,0.0966165190429431,8.86687306501548,6.83324130314743,0.0515922572588199,0.0522166718701218,0.263034655010927,0.250273181392445,0.0825788323446769,0.0785201373712145,0.0649781454886044,0.0650171714018108,0.0500312207305651,0.0417577271308149,0.512215110833594,0.487784889166406,91.9
"CASTLECOMER",0.11237727018365,0.507198453477133,0.163249732919571,0.124027064150176,0.0931474792694714,0.0479155672823219,0.153562005277045,0.324960422163588,0.133192612137203,0.207598944591029,0.132770448548813,0.00351420323808726,0.0134292766598335,0.0873948876710036,0.312973266953939,0.582688365477137,2.07714793917116,16.7109943025258,8.46282504298402,-0.829675816679064,6.99037883343355,6.60234581914491,0.0526529989316783,0.0597242712519713,0.255939360024419,0.251259093452714,0.0802767461972834,0.0829729867222872,0.0584524596835733,0.0655746044666022,0.0487866917637483,0.0443607875057231,0.496108256600702,0.503891743399298,97.2
"CASTLEISLAND",0.107682792743266,0.501305662451897,0.160940076965366,0.137575590984057,0.0924958768554151,0.0493425703379047,0.169659267637495,0.336349498091333,0.145624204722183,0.185352749893963,0.113671709317121,0.00320586214792763,0.011506755209526,0.0895923975269063,0.327684909548889,0.568010075566751,0.575108798217926,19.2395360484209,6.7832289916095,-2.68720748984331,7.39414366968612,8.84284992420414,0.0568993952721275,0.050783397471138,0.251030786146234,0.250274876305662,0.0801951621770203,0.0807449147883453,0.0676882902693788,0.0698873007146784,0.0498213304013194,0.0426745464540957,0.50563496426608,0.49436503573392,95.3
"CASTLEKNOCK",0.102601745371503,0.58839681374548,0.131147540983607,0.111845145855422,0.0660087540439877,0.0251818979307498,0.0703338665565819,0.25770163579132,0.0908199597502451,0.27694927498839,0.279013364982713,0.0024297749619638,0.0120807502781752,0.0738697004791425,0.299407316574699,0.61221245770602,0.382363190253475,35.713705266953,16.1103133740513,5.47801979198935,7.38413197172035,7.36395632163162,0.0506212108854634,0.0519805344860397,0.296658782589783,0.291738031155697,0.070358589565832,0.0607889514177745,0.0599461707854172,0.0518989750700052,0.0367289236875731,0.0292798303564146,0.514313677514069,0.485686322485931,88.9
"CAVAN-BELTURBET",0.109843742755135,0.541011730885149,0.145314601010804,0.118143459915612,0.0856864654333009,0.0689256834809395,0.154793993068926,0.29457065845206,0.175683480939546,0.180785521755872,0.125240662302657,0.00421190927006453,0.0156883959967541,0.105220449012713,0.325244406661772,0.549634839058696,1.58072315605651,20.9944681507663,7.35155860898586,-5.08777389837005,11.7462580185317,11.959629941127,0.0547132192701813,0.0551305234849539,0.272963323596235,0.268048407288914,0.0727500347753512,0.0725645662354523,0.0590253628228312,0.0591180970927806,0.0465989706496036,0.0390874947836973,0.506050911114202,0.493949088885798,83.1
"CELBRIDGE",0.11703628463405,0.580046272783703,0.153828790700299,0.103662321539417,0.0454263303425315,0.0297265160523187,0.0681007458653119,0.286239325478327,0.117717003567182,0.269592476489028,0.228623932547833,0.00218888230197455,0.0101235806466323,0.077933330293219,0.31269095717999,0.597063249578184,0.117083214495839,12.0544460758725,5.3382512100866,6.23136575345491,5.8413110498134,6.43863179074447,0.0575588285085492,0.0594774561255008,0.292308560464985,0.287737712318718,0.0791151740872411,0.0747136166130579,0.0524801083460301,0.0511822131933864,0.0255064612606512,0.0199198690818803,0.506969132667457,0.493030867332543,97.3
"CLANE",0.12660123107636,0.577274995840958,0.143154217268341,0.0942438862086175,0.0587256696057228,0.0447213450541948,0.129470000853461,0.330886745754033,0.135188188102757,0.205428010582914,0.154305709652641,0.00286745606045272,0.0131565631009007,0.083797186519583,0.31693823162298,0.583240562696083,0.218043778207781,4.81668665782296,6.18734546006906,0.501881737186358,6.56577693040991,7.9288256227758,0.0621776742638496,0.0644235568125104,0.298078522708368,0.27919647313259,0.0703293961071369,0.0728248211612045,0.0462485443353851,0.0479953418732324,0.0297371485609716,0.0289885210447513,0.506571285975711,0.493428714024289,91.3
"CLAREMORRIS",0.106487619210538,0.510156951631527,0.15169139973485,0.126673224137194,0.104990805285891,0.0487018496521296,0.144493466825047,0.370609197352791,0.129221109791278,0.18080773799423,0.126166638384524,0.00347750489024125,0.014018691588785,0.100086937622256,0.346627544736651,0.535789321162066,0.21688099815376,22.770265648371,10.0585048374395,-1.80208667184974,7.52913447688883,8.16064257028113,0.0519180601291537,0.0545695590813839,0.255655818329556,0.254501133301971,0.0750545267929693,0.0766368729418809,0.0637642731899243,0.0629089509472694,0.0582474447248001,0.0467433605610914,0.504640123166403,0.495359876833597,89
"CLONDALKIN",0.111828815123326,0.610993341147717,0.124872184951493,0.0942215128313839,0.0580841459460808,0.0434530095036959,0.136430834213305,0.354276663146779,0.159662090813094,0.174868004223865,0.131309398099261,0.00417000126363674,0.0166589444421044,0.0974053325470705,0.334358283138874,0.547407438608315,2.72892866187222,38.8449880500427,18.3522059488623,-2.95532591913859,8.84693949425935,9.33836518387667,0.0528219068758261,0.0590069082474998,0.311644262663042,0.299349078484675,0.0651669700975135,0.0597052148539791,0.0488814624535501,0.0453400503778338,0.0327455919395466,0.0253385540065342,0.511260194029479,0.488739805970521,80
"CLONMEL",0.106006541778174,0.520566954108435,0.156457528000793,0.12359996035286,0.0933690157597383,0.0377111826226871,0.136162510056315,0.35277554304103,0.14712389380531,0.188857602574417,0.137369267900241,0.00428237736828445,0.0177783545289385,0.10615105112899,0.340816679643568,0.530971537330219,2.41111790724212,27.2029302462578,3.81482063380471,-0.818986535240107,7.97555625195863,7.03428773418169,0.0500545148181187,0.0559520269600555,0.267766874814154,0.252800079294281,0.0804341361879274,0.0760233918128655,0.0644761621568044,0.0591237981960551,0.0506492219248687,0.0427197938348697,0.513380909901873,0.486619090098127,94.5
"CLONTARF",0.077191680670435,0.553261604940966,0.151655354531765,0.114859998690557,0.103031361166277,0.0190217391304348,0.0860631328171531,0.226436867182847,0.083382966051221,0.2914309112567,0.293664383561644,0.00337689032447511,0.0137461459403905,0.0847342534135957,0.289770224636617,0.608372485684921,0.731584338170945,55.0572549054074,19.7854679752165,7.33602406519597,6.08297941849069,5.37979094076655,0.0375591977477576,0.0396324829226774,0.282665153532223,0.270596451408743,0.0790249012461535,0.0726304532856114,0.060954584142642,0.0539054145479147,0.0620676109207569,0.0409637502455206,0.522271447589533,0.477728552410467,94.1
"COBH",0.123913799096281,0.580743830378867,0.133611400764685,0.0962113312478276,0.0655196385123392,0.0248557795028844,0.0871732782565344,0.324763193504736,0.139662417206752,0.23324549533509,0.190299836194003,0.00300158416942275,0.0117006197715461,0.0773741697006754,0.296934493204747,0.610989133153609,0.406937896362702,20.5826082267311,15.0299228752009,4.91273749296327,5.73022312373225,5.91907792051867,0.0602363573166493,0.0636774417796316,0.297254084115398,0.283489746263469,0.0655196385123392,0.0680917622523462,0.048627042057699,0.0475842891901286,0.0345846367744178,0.0309350017379214,0.506221758776503,0.493778241223497,93.1
"CONAMARA NORTH",0.104132901134522,0.457725553754727,0.170380875202593,0.161669367909238,0.10609130199892,0.0576517150395778,0.185356200527704,0.296437994722955,0.122295514511873,0.176912928759894,0.161345646437995,0.00423188405797101,0.0147826086956522,0.113333333333333,0.340289855072464,0.52736231884058,0.00770169109595185,0.995677807850256,9.15788229186924,-2.77022409907178,10.0730927364093,8.50455136540962,0.0521339816315505,0.0519989195029714,0.236426256077796,0.221299297676931,0.0854943273905997,0.0848865478119935,0.0780659103187466,0.0836034575904916,0.0528092922744462,0.0532820097244733,0.504929767693139,0.495070232306861,93.1
"CONAMARA SOUTH",0.110358799381564,0.500346537292744,0.164258676760676,0.131097723516554,0.0939382630484619,0.0502885408079143,0.130358615004122,0.236912613355317,0.104492992580379,0.2219703215169,0.255976916735367,0.00322375590265165,0.0134398837631675,0.0935343261896113,0.293997457319288,0.595804576825282,0.0696658732189324,23.0468459893606,14.7803638985259,1.89463118126374,9.28138528138528,7.67477203647417,0.0542730713866823,0.0560857279948819,0.259956282987685,0.240390254305059,0.0823692488137762,0.0818894279468998,0.0654155781841446,0.0656821453324092,0.049208295569654,0.0447299674788079,0.511222476941942,0.488777523058058,93.3
"CORCA DHUIBHNE",0.0965070514922926,0.482617251557888,0.168907838635618,0.151771072482781,0.10019678583142,0.0352343493936414,0.127335299901672,0.327597509013438,0.125860373647984,0.214683710258931,0.169288757784333,0.00229869044302034,0.0114934522151017,0.0929924770130956,0.331429367511842,0.561786012816941,0.139886017659389,10.9563244289846,6.16737977922104,0.294512383570224,7.95193045256968,7.21836303231652,0.0500983929157101,0.0464086585765825,0.245982289275172,0.236634962282716,0.0853558543784848,0.0835519842571335,0.0722367989504756,0.0795342735323057,0.0521482453263365,0.0480485405050836,0.505821580846179,0.494178419153821,92.7
"CORK CITY NORTH EAST",0.0954583921015515,0.593399153737659,0.134950634696756,0.0993229901269393,0.0768688293370945,0.0376681103259631,0.118589012992934,0.328755413722362,0.124230681559152,0.207203100068384,0.183553681331206,0.00383735517673972,0.0173418935871891,0.0949991390549283,0.321526086635673,0.56229552554547,0.45026386217564,31.7929717991488,12.4458394073743,-0.0286806830944157,9.13387109916076,8.56591018831482,0.0482087447108604,0.0472496473906911,0.294386459802539,0.29901269393512,0.0690267983074753,0.0659238363892807,0.0508603667136812,0.0484626234132581,0.04262341325811,0.0342454160789845,0.505105782792666,0.494894217207334,92.2
"CORK CITY NORTH WEST",0.0913540929464496,0.571066289219155,0.144049304081151,0.112556027364945,0.0809742863882991,0.048687292000493,0.189942068285468,0.327930481942561,0.118328608406262,0.168988043880192,0.146123505485024,0.00617432443268382,0.0219442439793655,0.120466148130329,0.329591318525646,0.521823964931975,0.462990263999045,42.5332771397186,14.1740634498875,-6.48277629748783,11.2881568346612,10.4741833508957,0.0449398443029016,0.046414248643548,0.288953762679877,0.282112526539278,0.0734843123378155,0.0705649917433357,0.0572363765038924,0.0553196508610521,0.0461193677754187,0.0348549186128804,0.510733663599906,0.489266336400094,94.4
"CORK CITY SOUTH CENTRAL",0.0577960361264425,0.639582288008028,0.135066482689413,0.0893439538384345,0.0782112393376819,0.0278999622973482,0.101420133216036,0.255938167651125,0.105693100414729,0.263415860248838,0.245632776171924,0.00355613028368221,0.0171071418949864,0.102265686036801,0.333791319809262,0.543279721975269,0.555634170696657,31.7509334077208,11.9425132539264,4.7283198419113,8.62728431789205,7.59353997391915,0.027753386853989,0.0300426492724536,0.314067987957852,0.325514300050176,0.0669844455594581,0.0680820371299548,0.0434332664325138,0.0459106874059207,0.0460361264425489,0.032175112895133,0.498275213246362,0.501724786753638,91.7
"CORK CITY SOUTH EAST",0.0955076246737189,0.557136969363924,0.157466684984201,0.100810550899849,0.0890781700783075,0.0185166344490793,0.0578390477159426,0.258622443788788,0.0954827551124224,0.291586122698138,0.277952996235629,0.00285455684745526,0.012416161897468,0.0824572396667363,0.293856900833159,0.608415140755181,0.688906021138721,42.8224194026061,16.1734314672954,7.0356274956696,6.20958381694578,6.12639131634624,0.0468470943810963,0.0486605302926226,0.286907542244814,0.27022942711911,0.0820717131474104,0.0753949718367908,0.0539359802170628,0.0468745706827861,0.0520675917021569,0.0370105783761506,0.52182992169254,0.47817007830746,96.4
"CORK CITY SOUTH WEST",0.0872396493184007,0.569350833628946,0.135407692697512,0.107991689048802,0.10001013530634,0.0232841940837645,0.0808845064922386,0.272527579810602,0.103338865566728,0.280142536366299,0.239822317680367,0.00333569611808364,0.0140099236959513,0.0872909977901013,0.309135637743402,0.586227744652462,0.830323641068112,52.1289097228034,18.336215074834,5.2178309682349,6.73206233684044,5.92630765266684,0.043961891248163,0.0432777580702377,0.294227943039578,0.275122890589368,0.0716312775553641,0.0637764151421477,0.0577965844017635,0.050195104647038,0.0577712461359145,0.0422388891704252,0.525388942380783,0.474611057619217,88.5
"DONAGHMEDE",0.0901126071649332,0.583756618022521,0.126958531538069,0.0955145260555242,0.103657717218952,0.0361778231987736,0.146704138988247,0.315074092999489,0.128461931527849,0.203117015840572,0.170464997445069,0.00481813246471227,0.0170557365182772,0.0988735070575462,0.328628302569671,0.550624321389794,0.0983123996554569,21.3952247160578,8.24008628052786,-1.00646179056924,8.41611698323134,7.68695652173913,0.0450697411916472,0.045042865973286,0.300088688220592,0.28366792980193,0.065038028433981,0.0619205031040877,0.051519793598323,0.0439947324572012,0.0589642290843613,0.0446934881345911,0.520680480528904,0.479319519471096,87.1
"DONEGAL",0.103787811585204,0.478621484964073,0.163798456488956,0.144371507140956,0.109420739820811,0.0423127463863338,0.200876040297854,0.320367936925099,0.143583004818222,0.166710468681559,0.126149802890933,0.00323720930232558,0.0152930232558139,0.108167441860465,0.338120930232558,0.535181395348837,0.0223770154133219,33.6025070767835,8.13824303134457,-4.40383660053062,9.45244956772334,8.49388507287653,0.049631863745232,0.0541559478399716,0.244877140069192,0.233744344894882,0.0860463053313226,0.0777521511576333,0.0711877938436973,0.0731837132972589,0.0594340459505012,0.0499866938703096,0.511177148939945,0.488822851060055,91.3
"DROGHEDA RURAL",0.149336137767845,0.577954515577757,0.129091626133824,0.0851189693703168,0.0584987511502563,0.0419002242152466,0.114489910313901,0.326513452914798,0.151625560538117,0.210622197309417,0.15484865470852,0.00305102577590741,0.0132035770647028,0.0866912151499211,0.302472382956339,0.59458179905313,0.134207479684469,19.984670727267,8.48547625484854,0.706437130286487,8.32999599519423,8.05206265166556,0.0724332851321152,0.0769028526357303,0.30623110293151,0.271723412646247,0.0628368607861181,0.0662547653477061,0.0425923491520968,0.0425266202182201,0.032272906533456,0.0262258446168003,0.516366504535296,0.483633495464704,86.2
"DROGHEDA URBAN",0.100065717415115,0.556495071193866,0.149397590361446,0.104841182913472,0.0892004381161008,0.0609590896775941,0.191456696468888,0.317619434660887,0.146482434751197,0.164634697010747,0.118847647430687,0.00480452555310163,0.0238676430702468,0.122515401604092,0.342826145918091,0.505986283854469,0.0128968833794747,5.26357377449187,1.91924854061926,-7.0461507685846,12.7588510354041,12.7142411966345,0.0499452354874042,0.0501204819277108,0.282935377875137,0.273559693318729,0.0739101861993428,0.075487404162103,0.0551588170865279,0.0496823658269441,0.052223439211391,0.0369769989047097,0.514173055859803,0.485826944140197,90
"DÚN LAOGHAIRE",0.0894952973903828,0.520439793350113,0.15114584713207,0.117393032189694,0.12152602993774,0.021962337124177,0.0614669183664073,0.20341636355265,0.0755559648234265,0.282563653943552,0.355034762189788,0.00328222750903163,0.0131289100361265,0.0840162128821923,0.289893382676888,0.609679266895762,0.12886068462947,40.3111992083504,10.1018483426578,7.44378073866378,6.84449781284844,6.78230543318649,0.0440853093124917,0.0454099880778911,0.271347198304411,0.249092595045701,0.0809113789905948,0.0702344681414757,0.0624188634256193,0.0549741687640747,0.0720095376871109,0.0495164922506292,0.530772287720228,0.469227712279772,96
"DUNDALK-CARLINGFORD",0.115290669272106,0.531509526135808,0.146995603321935,0.114655593551539,0.0915486077186126,0.0698151950718686,0.162525667351129,0.325770020533881,0.135626283367556,0.18305954825462,0.123203285420945,0.00445110207575433,0.0208431414508881,0.109522790498609,0.322105713674299,0.543077252300449,0.810035684576198,32.4278413476157,8.06670156440927,-6.90167542091715,13.3652657601978,12.1747042766151,0.0574987787005374,0.0577918905715681,0.274694675134343,0.256814851001466,0.072447484123107,0.0745481191988275,0.0575964826575476,0.0570591108939912,0.0535417684416219,0.0380068392769907,0.515779189057157,0.484220810942843,85
"DUNDALK SOUTH",0.114193504085697,0.573988875918423,0.133763647600082,0.102932088168647,0.075121884227151,0.0444491110177796,0.122217555648887,0.314643707125857,0.128587428251435,0.231415371692566,0.158686826263475,0.00386325736520289,0.0146192329071707,0.0962201222901612,0.318232351306281,0.567065036131184,2.0257936320841,22.5017821120986,9.63680124433601,-2.52597251029462,12.5368111064367,11.0432330827068,0.0562040788299114,0.0579894252557852,0.294582160269175,0.279406715649248,0.0701778479708851,0.0635857996291973,0.0532513905101971,0.0496806976584495,0.0412689693057749,0.0338529149213761,0.515484446885944,0.484515553114056,85.5
"DUNDRUM",0.086256036735017,0.532222310189217,0.142546116697015,0.114836513340195,0.124139023038556,0.0198079231692677,0.0771641990129385,0.203081232492997,0.07703081232493,0.298185941043084,0.324729891956783,0.00293075684380032,0.0131400966183575,0.0793558776167472,0.291884057971014,0.612689210950081,0.572223299185256,30.6625868727227,12.5075674758818,7.26462510599994,6.31565937461377,6.06476399560922,0.042831129760114,0.043424906974903,0.268466471379938,0.263755838809279,0.0737867152244478,0.0687594014725675,0.0631383105058982,0.0516982028342966,0.0733116934526166,0.0508273295859394,0.521534320323015,0.478465679676985,98
"DUNGARVAN",0.111424223637491,0.513047398974243,0.156174265907682,0.124048920701122,0.0953051907794623,0.0419656447053707,0.133289845618613,0.301587301587302,0.15220700152207,0.210154381387258,0.160795825179387,0.00351666901111267,0.0149106766071177,0.0960285084634501,0.32062643597318,0.56491770994514,0.0375313505869068,17.3698580816036,6.27006159605688,-0.0816484706517913,8.37988826815642,6.9052102950408,0.0521332356422251,0.0592909879952657,0.266189483176464,0.246857915797779,0.079693400214169,0.0764808656935129,0.0628416840444119,0.0612072366567097,0.0511187510567548,0.0441864397227075,0.511976554134025,0.488023445865975,91.2
"EDENDERRY",0.124528878476113,0.562952022002648,0.142609758582052,0.0993175104410716,0.0705918304981155,0.0495677864098917,0.168180326075063,0.383958857643068,0.15329904803589,0.147499726447095,0.0974942553889922,0.00385250412768299,0.0186274924855002,0.102154862198891,0.333389780280259,0.541975360907667,0.432131129369655,5.58055119650626,4.17053805317188,-4.78407011017344,8.79787076741091,9.47775628626692,0.0595395742080065,0.0649893042681063,0.283385963125191,0.279566058877457,0.0702353061016604,0.0723744524803912,0.0473668126718957,0.0519506977691759,0.0390139553835184,0.0315778751145971,0.499541611490272,0.500458388509728,92.4
"ENNIS",0.110209550749991,0.552201585588268,0.147504373394871,0.105222019577921,0.0848624706889493,0.0302917257330448,0.097366261284787,0.323509662015967,0.129448630903529,0.230843840931135,0.188539879131538,0.00412266514445184,0.0168395014746456,0.100878444803856,0.327529889322297,0.550629499254749,5.77912553705471,32.3355575128908,9.91953236691414,1.14180784589143,9.2246613731901,8.34682945060421,0.0541556556370268,0.0560538951129639,0.288569620724309,0.26363196486396,0.0765251051475788,0.0709792682472922,0.0555328097666282,0.0496892098112927,0.0484237168273347,0.0364387538616146,0.523206908102877,0.476793091897123,91.1
"ENNISCORTHY",0.106052789957871,0.531940503825982,0.154371937064741,0.118777405210214,0.0888573639411916,0.0662702516373664,0.180110306790762,0.345398138572906,0.149086521889004,0.160720441227163,0.098414339882799,0.0044186386210926,0.017565001460707,0.109553023663453,0.32540899795501,0.543054338299737,3.29439596590846,23.7882707262724,6.44907902298168,-7.29299495747617,12.2478576137113,11.4383338756915,0.0534347863468317,0.0526180036110395,0.27125784541312,0.260682658412862,0.079098959676726,0.0752729773880148,0.0580775513713352,0.0606998538388789,0.0481042042816611,0.0407531596595306,0.509973347089674,0.490026652910326,91.5
"ENNISTIMON",0.0963830661734484,0.489176599534183,0.172763392245513,0.14063570352103,0.101041238525825,0.0351216814159292,0.128180309734513,0.325774336283186,0.125553097345133,0.207549778761062,0.177820796460177,0.00364497904137051,0.0132434238503129,0.0973816900552822,0.348702994957779,0.537026912095255,0.862682369744201,5.23012714527829,7.19209456295234,0.348029307632131,7.99475753604194,7.70556376169375,0.0480202767502398,0.0483627894232087,0.257569530072613,0.23160706946157,0.0854226606384436,0.0873407316070695,0.0715851486505001,0.0690505548705302,0.0531579668447733,0.0478832716810522,0.515755582956569,0.484244417043431,90.3
"FERMOY",0.118237190970978,0.539982410996384,0.141005178984398,0.112927917657405,0.0878473013908342,0.0408681135225376,0.138430717863105,0.337562604340568,0.1489816360601,0.198397328881469,0.13575959933222,0.00312608544633553,0.0130921527239693,0.0856868036444278,0.322494455874102,0.575600502311166,0.0938510477609174,49.4601266900094,7.03878843781576,0.194646348683704,6.57920501272763,7.55087031135082,0.0585648675938895,0.0596723233770887,0.275039900980424,0.26494251001596,0.0673267971727305,0.0736783818116674,0.0560568059672323,0.056871111690173,0.0483371877137553,0.0395101136770789,0.505325559428032,0.494674440571968,92
"FIRHOUSE-BOHERNABREENA",0.117880242019612,0.586897558940121,0.143473120522985,0.10042422977954,0.0513248487377425,0.0211230648123852,0.0706507478352139,0.287129362372081,0.108239307268433,0.278995014431908,0.233862503279979,0.00237247924080664,0.0109796132307098,0.0697950288283815,0.282987116885983,0.633865761814119,0.368055870717937,25.3983756175553,13.0254525350684,5.55823325595875,6.75960284825995,6.13930240139085,0.0577230683635858,0.0601571736560262,0.304228388622296,0.282669170317825,0.0765352249808749,0.06693789554211,0.054489185617915,0.0459350441616246,0.0278531191320676,0.0234717296056749,0.52082898671674,0.47917101328326,92.6
"GALWAY CITY CENTRAL",0.0544619126987702,0.641109959908104,0.117212487048966,0.106130906797603,0.0810847335465562,0.0357241000274801,0.0930658605844096,0.22964184299716,0.104882293670422,0.280937986626363,0.255747916094165,0.00310608474036317,0.017601146862058,0.105168843580758,0.351306148454922,0.522817776361899,0.119915364168994,26.9693456001939,10.2323035660343,3.91890215321447,11.0700636942675,8.85588558855886,0.0257669264381278,0.0286949862606424,0.324338934186225,0.316771025721879,0.0619397270147304,0.0552727600342358,0.0567142664083968,0.0494166403892067,0.0463083922699221,0.0347763412766341,0.515068246317402,0.484931753682598,87.1
"GALWAY CITY EAST",0.0952227094391876,0.651096238172167,0.113501038541426,0.0771290099238403,0.0630510039233787,0.0342159239231773,0.0814842438933433,0.284262539623345,0.139753869103114,0.252750326309901,0.207533097147119,0.00434228348338777,0.0168114094494463,0.103338379411999,0.355668871006294,0.519839056648873,0.865136674211488,19.6211210069323,7.19479546597367,2.46097651870242,10.1731058705469,8.93854748603352,0.0467574428802216,0.0484652665589661,0.326194322640203,0.324901915531964,0.0585737364412647,0.0549273021001615,0.0412185552734826,0.0359104546503577,0.0380336948996077,0.0250173090237711,0.51077775213478,0.48922224786522,85.6
"GALWAY CITY WEST",0.0994309962387887,0.595910888224515,0.134390973092873,0.093258752049378,0.077008390394445,0.0163145982648057,0.0387589588834402,0.214258770275368,0.0932666918144097,0.289230479064504,0.348170501697473,0.00288430289242768,0.0140965225869353,0.0802729931751706,0.304070523236919,0.598675658108547,0.0282296355126376,16.4750776358058,6.71654216866989,7.64846539306949,7.79279279279279,8.2999851785979,0.0500530427235027,0.0493779535152859,0.320522711929791,0.275388176294725,0.073006075802874,0.061384897289999,0.0518372070595043,0.0414215449898737,0.0465811553669592,0.0304272350274858,0.542000192882631,0.457999807117369,93.3
"GLENCULLEN-SANDYFORD",0.0973420871498915,0.635993011065813,0.114470270556467,0.0821729231746704,0.0700217080531583,0.0138358778625954,0.0474713740458015,0.206106870229008,0.0806774809160305,0.314837786259542,0.337070610687023,0.00201911717323595,0.00977338631725915,0.0643754698743422,0.282654924283106,0.641177102352057,0.633578954772307,34.5688287397809,18.504095499624,9.69189593660137,5.81785634370105,6.28603459320948,0.0482607084237836,0.0490813787261079,0.327103298565151,0.308889712500662,0.0601736644252661,0.0542966061312014,0.0450574469211627,0.0371154762535077,0.0392068618626569,0.0308148461905014,0.51980198019802,0.48019801980198,88.2
"GLENTIES",0.0971538832609744,0.444042450554752,0.179160636758321,0.148721659430777,0.130921369995176,0.0674478422406402,0.245212917976565,0.295417738401448,0.114889968562446,0.155949318853006,0.121082213965895,0.00575460998865879,0.019952114924182,0.134078212290503,0.319359852144327,0.520855210652329,0.0926161261027007,29.50457152382,9.87947476837075,-7.53391782794249,13.6135616675316,10.1466275659824,0.0473227206946454,0.049831162566329,0.229184756391703,0.214857694163049,0.0916546068499759,0.0875060299083454,0.0719729860106126,0.076748673420164,0.0701881331403763,0.0607332368547998,0.510323203087313,0.489676796912687,94.1
"GOREY",0.12114219786559,0.550166879558284,0.143063167003173,0.107503399398409,0.0781243561745437,0.0499671268902038,0.133382642998028,0.34335963182117,0.151545036160421,0.19017094017094,0.131574621959237,0.00368509212730318,0.0165829145728643,0.0967169179229481,0.313333333333333,0.569681742043551,3.90520046920238,30.7136352537891,4.31028742083013,-2.56690826455827,9.90673052684648,9.45644080416977,0.0578103753759941,0.0633318224895958,0.285631876055874,0.26453500350241,0.0739626684247394,0.0691004985784334,0.0542255552350736,0.0532778441633359,0.0440479624211958,0.0340763937533479,0.515678437512877,0.484321562487123,87.5
"GORT-KINVARA",0.122987765614939,0.547179156966665,0.150725642676705,0.105205805141414,0.0739016296002774,0.0325661350396333,0.0967433864960367,0.264349154808519,0.10753509693439,0.252888931334161,0.24591729538726,0.00259698100957636,0.00900827787696802,0.0770167180652492,0.300641129686739,0.610736893361467,0.689928030422076,14.1846069805481,6.08802462980404,6.49397689842376,5.39826903329911,5.11843630942521,0.058398137599683,0.0645896280152558,0.280945069097033,0.266234087869632,0.076081034226559,0.0746446084501461,0.0516617960275398,0.0535440091138739,0.0396750705829907,0.0342265590172866,0.506761107533806,0.493238892466194,93.3
"GRAIGUECULLEN-PORTARLINGTON",0.132041441214714,0.568558365840359,0.14001090558282,0.0953819051214295,0.0640073822406778,0.0447604002106372,0.120677549587502,0.339301386694752,0.149201334035457,0.20502018606284,0.141039143408812,0.00304752773592658,0.0143815915627996,0.0881043692644843,0.314991097109985,0.579475414326804,2.16739340551215,22.1681463728147,7.74605473227653,-0.241128057659664,7.918105574741,7.46449078271381,0.0638396040434546,0.0682018371712596,0.291934063168491,0.276624302671868,0.0684535044670945,0.071557401115725,0.0472295625183507,0.0481523426030787,0.0336395285432658,0.030367853697412,0.505096262740657,0.494903737259343,91.1
"GRANARD",0.11505400044082,0.51091029314525,0.151752259202116,0.12938064800529,0.0929027992065241,0.0639114724480578,0.176377597109304,0.341011743450768,0.152439024390244,0.161472448057814,0.104787714543812,0.00360710321864594,0.0154458009618942,0.0994265630780614,0.314742878283389,0.56677765445801,0.630386219557657,5.05132459181859,2.72088281037054,-5.0825497970255,8.53976531942634,7.89022298456261,0.0580780251267357,0.0569759753140842,0.25170817720961,0.25920211593564,0.0716332378223496,0.0801190213797664,0.0618249944897509,0.0675556535155389,0.0497024465505841,0.04320035265594,0.49294688119903,0.50705311880097,92.5
"GREYSTONES",0.123106779732523,0.559633801628486,0.138379108129773,0.100535797156478,0.0783445133527402,0.0184842883548983,0.0624447480511131,0.239813549787029,0.106164108334003,0.291891023065177,0.281202282407779,0.00281680464429253,0.0121603517570678,0.0689086599567174,0.274260588780873,0.641853594861049,2.45758412345428,23.7922958700443,6.65352997707362,7.91459415790621,5.69819229761593,6.03843947217441,0.0603721047968612,0.0627346749356621,0.293169640973716,0.266464160654769,0.0730709192929165,0.0653081888368561,0.0533687718854153,0.0471670252710627,0.044677888874826,0.0336666244779142,0.524659325823735,0.475340674176265,92.9
"HOWTH-MALAHIDE",0.102774997725412,0.541861523064325,0.140151032663088,0.112728596124102,0.102483850423073,0.016849792308723,0.0641163071151012,0.275525927911028,0.0928580999598017,0.282225646522846,0.2684242261825,0.00226819089094538,0.0108419524587189,0.0734137785035989,0.292551261114135,0.620924817032601,1.32108978811909,62.3737631195761,25.0970478358613,6.39349661306195,6.28888134826377,6.74664522911385,0.0499681557638068,0.0528068419616049,0.280192885087799,0.261668637976526,0.0736056773723956,0.0665453552906924,0.060867982895096,0.0518606132290056,0.0555181512146301,0.0469656992084433,0.520152852333728,0.479847147666272,93.3
"KANTURK",0.102138555645123,0.505097444165205,0.154677794110674,0.138223718526246,0.0998624875527526,0.0532751091703057,0.163609898107715,0.340805434255216,0.153032508491024,0.181174187287724,0.108102862688016,0.00345457433290978,0.0139771283354511,0.0913675349428208,0.328502223634053,0.562698538754765,0.0353250433435356,30.2622580085365,8.90276970839203,-2.09519669906029,6.63972286374134,6.81652046783626,0.0504528427142112,0.0516857129309118,0.251695196547963,0.253402247617241,0.0751576651334819,0.0795201289771919,0.0708426193750296,0.0673810991512163,0.0526814927213239,0.0471809948314287,0.50082981649201,0.49917018350799,94.9
"KELLS",0.115637951450562,0.523201598579041,0.160820011841326,0.115563943161634,0.0847764949674363,0.0523329600597238,0.145427398282941,0.353415453527436,0.140873460246361,0.182456140350877,0.125494587532661,0.00320926186976995,0.0137668336282655,0.0910890495186107,0.318166821631025,0.573768033352329,1.54937016649919,19.1912729030319,7.8387064251116,-2.82728345279091,7.8782646233542,8.75713897198803,0.0569123741859088,0.0587255772646536,0.264838661930136,0.258362936648905,0.0776346950858496,0.0831853167554766,0.0559872705743043,0.0595766725873298,0.0460331557134399,0.0387433392539965,0.501406157489639,0.498593842510361,92.4
"KENMARE",0.0982547444927991,0.474494145093993,0.167481717439096,0.151240522230697,0.108528870743416,0.0485623003194888,0.152259242355089,0.323505248744865,0.141670470104975,0.188041989958923,0.145960748516659,0.00282212858081725,0.0128348861483744,0.0966482390690842,0.335137433795956,0.552557312405768,0.0336086046544525,8.64635041457846,8.27440719145696,-1.04253321671653,8.20972242620062,8.8933804951996,0.0485889900847952,0.0496657544080039,0.243573062945848,0.230921082148145,0.0830903136076091,0.0843914038314864,0.0749248508232761,0.0763156714074207,0.0574274305711337,0.0511014401722823,0.507604648032662,0.492395351967338,92.6
"KILDARE",0.12173156406352,0.600826626060474,0.122819229932565,0.0922775723297803,0.0623450076136611,0.0499726427138428,0.136786430786066,0.35673901149006,0.140798832755791,0.182017143899325,0.133685938354915,0.00383210371749874,0.0137884105723086,0.0910035097772366,0.318888331781391,0.572487644151565,0.301145718951428,29.7756620114237,5.62072357830085,-1.8725848135639,8.50635459921983,8.73498442829601,0.059734609527953,0.0619969545355667,0.309332173156406,0.291494452904068,0.0613443550141397,0.0614748749184251,0.0482923645855993,0.043985207744181,0.0330215357842071,0.029323471829454,0.511725038068305,0.488274961931695,88.7
"KILKENNY",0.102125868238266,0.555588297200589,0.147716270258893,0.110755630393601,0.0838139339086508,0.0378274332580132,0.103690685413005,0.296593857226546,0.128964766926103,0.242530755711775,0.190392501464558,0.00373281648182046,0.0163669645741359,0.0969455511288181,0.324683248986038,0.558271418829188,1.19339075358176,32.5914845102358,3.66566734865797,-0.34986385937854,10.9579965549225,8.53067047075606,0.049757945695643,0.0523679225426226,0.286381814354873,0.269206482845717,0.0793938118290886,0.0683224584298043,0.0559461166070301,0.0548095137865712,0.0492948852873079,0.0345190486213429,0.520774573773942,0.479225426226058,90.3
"KILLALOE",0.125556951902205,0.510682051867931,0.16554324231692,0.116302981834799,0.0819147720781446,0.0315927515498331,0.108130662851693,0.307105388650453,0.126490224129709,0.235693848354793,0.190987124463519,0.00300797112347721,0.0119316187897929,0.0822178773750439,0.309470095753747,0.593372436957939,1.07489520083767,12.1204204815005,5.12246282895177,2.87695048692079,7.10908772544213,6.57314629258517,0.0600936821661145,0.0654632697360905,0.261396092768194,0.249285959099737,0.0814577859019765,0.0840854564149434,0.0559808065806009,0.0603221752541986,0.0424997143836399,0.0394150576945047,0.501428081800526,0.498571918199474,91
"KILLARNEY",0.104575426182052,0.546759408169829,0.150209070440656,0.113179478932133,0.0852766162753297,0.0361994698475812,0.121272365805169,0.329937044400265,0.150016567263088,0.212226640159046,0.150347912524851,0.00283489309379055,0.0119543684677915,0.0848418607828404,0.331784957988934,0.568583919666644,0.0396644540892712,25.2338686972719,7.95591825988521,1.71205409131255,7.09715639810427,7.79429489754922,0.0486088774525571,0.055966548729495,0.276334834351882,0.270424573817948,0.0775168864586684,0.0726921839819878,0.0578562238661949,0.0553232550659376,0.0467594081698295,0.0385172081055002,0.507076230299132,0.492923769700868,84.3
"KILLINEY-SHANKILL",0.0988906195365396,0.530563590705363,0.151149114720748,0.11554722019136,0.10384945484599,0.0262584565990139,0.0973512211902305,0.265336543974315,0.0980392156862745,0.258915262011237,0.254099300538929,0.00356966049141457,0.0133666849058079,0.0844993355741421,0.304671825738034,0.593892493290602,0.41123561565819,44.3433575795451,15.7492144526293,3.33487735022537,7.92622133599202,7.08934969058734,0.0494612034711847,0.0494294160653549,0.273784926412156,0.256778664293207,0.081916144823421,0.0692329698973267,0.0621125909914492,0.053434629199911,0.0590927874376172,0.0447566674083728,0.526367653135828,0.473632346864172,96.8
"KILMUCKRIDGE",0.117735952740761,0.513806841599121,0.169116636900673,0.119521912350598,0.0798186564088474,0.0552121961269056,0.151215492377421,0.34761708556517,0.143112209861283,0.189809092157671,0.113033923911551,0.00329451860266969,0.0149957398466345,0.0980403294518603,0.313717693836978,0.569951718261857,0.872504335070687,6.10233721991387,3.47234013863517,-1.83152647376656,7.4535472972973,7.22307299642675,0.0579749965654623,0.0597609561752988,0.26624536337409,0.247561478225031,0.0856573705179283,0.0834592663827449,0.0585932133534826,0.060928698997115,0.0410770710262399,0.0387415853826075,0.509548014837203,0.490451985162797,94.5
"KILRUSH",0.109404458245536,0.456970167461462,0.174337362759233,0.15049351225463,0.108794499279139,0.0486255612747782,0.170956083671011,0.352863870331837,0.14554813273464,0.167780089803965,0.11422626218377,0.00347989654361627,0.0166470726545968,0.108958382318364,0.349870679520339,0.521043968963085,1.19260679626554,17.502600462742,8.96803106942814,-4.62278169789581,9.86947970677633,7.83590188843065,0.0560607740933792,0.053343684152157,0.231618054785405,0.225352112676056,0.0878340911611401,0.0865032715980925,0.0716979039591882,0.0787956082954419,0.0572806920261728,0.0515138072529666,0.504491516025286,0.495508483974714,95.5
"KIMMAGE-RATHMINES",0.0677573417335637,0.626013616502388,0.128442231480541,0.0988314195711818,0.078955390712326,0.0298507462686567,0.104010070131271,0.182197446502428,0.0728286279446143,0.289875921596835,0.321237187556195,0.00390838029449191,0.016415197236866,0.0945282675877113,0.305217233230322,0.579930921650609,0.82141205405088,59.6297325503404,23.3969471064294,6.6601497943802,7.98835151030663,6.37563574715428,0.0353216136571487,0.032435728076415,0.321369779493954,0.304643837008434,0.065948582461132,0.0624936490194086,0.053023066761508,0.0458083528096738,0.0470887104969007,0.0318666802154253,0.522751752870643,0.477248247129357,92.6
"KINNEGAD",0.125408763897973,0.539132330499237,0.155384783082625,0.102844996729889,0.0772291257902769,0.0538336052202284,0.139827546026567,0.35131670939175,0.149382428338383,0.182941039384759,0.122698671638313,0.00302101181350888,0.0148796104247452,0.0945982505185319,0.323789340788168,0.563711786455045,0.113228974491416,15.1581073043712,5.31365975507509,-1.71992524109637,7.51795690343176,8.89066880256308,0.0585894920427295,0.0668192718552431,0.272182254196643,0.266950076302594,0.0767931109657728,0.078591672116852,0.0500872029649008,0.052757793764988,0.0431109657728363,0.0341181600174406,0.500763025942882,0.499236974057118,92.3
"LAYTOWN-BETTYSTOWN",0.132922761098281,0.596292019502181,0.125320759558635,0.0842635360533744,0.0612009237875289,0.0349640963693712,0.114757398832293,0.327159251056976,0.134957385410375,0.217300852291792,0.170861016039192,0.00300693909020817,0.0130814700591108,0.0791313287072732,0.314957594448728,0.58982266769468,0.695549211997745,37.2861911538312,11.6083703031564,1.7742078297968,7.94104099493321,8.16035145524437,0.0647934308442392,0.0681293302540416,0.307448036951501,0.28884398255068,0.0620990505517064,0.0632217090069284,0.0434308442391583,0.0408326918142161,0.0333589940980241,0.0278419296895047,0.511130356684629,0.488869643315371,84.4
"LEIXLIP",0.0981826408264837,0.554106025186638,0.132342960561044,0.143578915617223,0.0717894578086117,0.0216107189165826,0.0835614464774528,0.2885751332661,0.116121596311771,0.272439129808385,0.217691975219709,0.0027875859505668,0.0131326271448925,0.0823267050734064,0.307253918106919,0.594499163724215,0.057843109404647,8.86760155040948,3.66927227449038,4.85027183955694,6.45446507515473,6.11770779556015,0.0495437749792625,0.0486388658472212,0.273885830631174,0.280220194555463,0.073373048789684,0.0589699117713596,0.0745041852047357,0.0690747304124877,0.0363471834703265,0.0354422743382852,0.507654023075183,0.492345976924817,90.3
"LETTERKENNY",0.119052407191409,0.584281864618107,0.135462333588063,0.0925873788360214,0.0686160157663999,0.0474393963718093,0.137582276448868,0.293466045914272,0.111334082517258,0.224995986514689,0.185182212233103,0.00460602072709327,0.0167132752097384,0.0987333443000494,0.316992926468169,0.56295443329495,3.09386541440534,26.8521131957625,6.2310378315828,-0.813279167652121,11.4233353695785,9.24415443175639,0.0579978280979769,0.061054579093432,0.298234324096046,0.286047540522061,0.0705465953424768,0.0649157382455858,0.0464947914571854,0.046092587378836,0.0378071833648393,0.0308088324015606,0.511080722358525,0.488919277641475,86.1
"LIFFORD-STRANORLAR",0.116990982439487,0.523398196487898,0.148410061699098,0.121831988609397,0.0893687707641196,0.088974148168448,0.223805608842605,0.31588563076642,0.124965744039463,0.154471544715447,0.0918973234676167,0.00535610324083058,0.0194449835047545,0.119153890937318,0.333203958858917,0.52284106345818,0.565799249548534,14.6860891437792,3.34393586073244,-9.85900775322669,13.4415186772811,10.7136437174187,0.0543426672994779,0.0626483151400095,0.268723303274798,0.254674893213099,0.074703369719981,0.0737066919791172,0.0610821072615093,0.060749881347888,0.0473184622686284,0.0420503084954912,0.506169909824395,0.493830090175605,83.8
"LIMERICK CITY EAST",0.103743917375617,0.58730841802112,0.131881227448774,0.10271773312589,0.0743487040286007,0.0399030135088327,0.118877727745064,0.289573952199515,0.106546588153793,0.247038448216141,0.198060270176654,0.00392950014446691,0.0175093903496099,0.0953770586535683,0.322536839063854,0.5606472117885,1.43135398844294,32.5236880837954,21.4338745500073,0.769836735785014,10.6118739903069,7.92920353982301,0.0492237412691582,0.0545201761064583,0.294647290542554,0.292661127478566,0.0663709490549174,0.0655102783938561,0.0536926081631302,0.0490251249627594,0.0420404515210699,0.0323082525075309,0.505975040550829,0.494024959449171,90
"LIMERICK CITY NORTH",0.0908554572271386,0.550026028110359,0.145340968245705,0.116571230262016,0.0972063161547805,0.0402045745134252,0.162665151299901,0.343514703793152,0.124378462849837,0.186532177866174,0.142704929677511,0.00557431356310123,0.0245906861183666,0.124291265846977,0.354271516850354,0.491272217621201,0.653492771319156,14.9023809178093,10.511131769165,-7.42036891350885,13.5171637591446,11.8211276733636,0.0471629359708485,0.0436925212562901,0.280652437966337,0.269373590144022,0.0758632656602464,0.069477702585459,0.0602811035918792,0.0562901266701371,0.0571230262016311,0.0400832899531494,0.521082769390942,0.478917230609058,91.7
"LIMERICK CITY WEST",0.0909509101662614,0.62505750147861,0.12650325294079,0.0912466320562529,0.0662417033580864,0.0300111669458403,0.0933835845896147,0.271705750977108,0.119905080960357,0.273659966499162,0.211334450027917,0.00404785999166617,0.0186320614322281,0.0963152568605274,0.327579022560867,0.553425799154712,0.998930692661392,19.0418817703594,14.6132850635169,3.57139852520002,9.40815187046343,8.35335226031885,0.0445554314253795,0.0463954787408819,0.311198002234343,0.313859499244266,0.0626930406781889,0.063810212262601,0.0463954787408819,0.044851153315371,0.0381809817966748,0.0280607215614116,0.503022934875468,0.496977065124532,89.7
"LISMORE",0.108778418361797,0.48852387686283,0.172848906776895,0.125856630044599,0.103992167953878,0.0440753045404208,0.16766334440753,0.333111849390919,0.158582502768549,0.178294573643411,0.118272425249169,0.00371208691715708,0.0120416478044364,0.0893617021276596,0.332820280669986,0.562064282480761,0.0645455556888708,1.93130498633563,7.11983682835443,-1.42620451753147,7.06840390879479,6.54284508231321,0.0523224192320244,0.0564559991297727,0.247470901773088,0.241052975089742,0.0828891547916893,0.0899597519852061,0.0630914826498423,0.0627651473947569,0.0556945502012401,0.0482976177526379,0.501468508647884,0.498531491352116,94.5
"LISTOWEL",0.101798410706817,0.473316603931409,0.163989962358846,0.148138854035968,0.112756168966959,0.0517167930476272,0.175939337138962,0.354264292408622,0.138536252875522,0.166567265911221,0.112976058618045,0.00334719188217884,0.0160312874356987,0.103692481150025,0.345113099852019,0.531815939680079,0.888241740981331,32.5974744753497,9.5817852228237,-4.88047038111048,9.77082475641553,8.34200485605272,0.0502300292764534,0.0515683814303639,0.238895859473024,0.234420744458386,0.0824759514847344,0.0815140108741113,0.0713927227101631,0.0767461313258051,0.0613550815558344,0.0514010874111251,0.504349644500209,0.495650355499791,97.4
"LONGFORD",0.119914661958361,0.54071948797175,0.138747884940778,0.111675126903553,0.0889428382255573,0.0690862782553327,0.159184972938555,0.337312957656797,0.172397325692455,0.158070678127985,0.103947787328876,0.00576014497443531,0.0234289042780403,0.122775224904537,0.344379004595172,0.503656721247816,2.70257926964494,32.8925506260011,11.6031699305431,-8.46390703691044,15.1005917159763,13.2592190889371,0.0585595527109542,0.0613551092474068,0.279334951813433,0.261384536158317,0.07025674979769,0.0684911351430884,0.0564996689472523,0.055175457956301,0.0505407194879718,0.0384021187375855,0.515191642757302,0.484808357242698,82.7
"LOUGHREA",0.112964253709051,0.525191675794085,0.150303694115304,0.116150552623718,0.0953898237578413,0.0358624777711915,0.145524599881446,0.333926101560956,0.128729500098795,0.204603833234539,0.151353487453073,0.00270765641922852,0.0126635007914688,0.0968091310505707,0.320669832541865,0.567149879196867,0.200818010684884,18.4057076316178,7.48656577215178,1.06766908717886,6.93474962063733,6.79251940719831,0.0552623718012546,0.0577018819077965,0.269640545653689,0.255551130140396,0.0740316638454645,0.0762720302698397,0.0579508115105048,0.0581997411132132,0.0507318530319626,0.0446579707258787,0.507617245842876,0.492382754157124,90.1
"LUCAN",0.137043189368771,0.653559563360228,0.112743236829616,0.0609634551495017,0.0356905552918842,0.0257778220981252,0.0608296769046669,0.280165536497806,0.119664938173115,0.276625448743518,0.236936577582768,0.00219268976299883,0.0110587831525159,0.0661810971075562,0.310828074055713,0.609739355921216,0.220529096667539,16.1396737444575,8.22474342980081,6.64494024641857,6.16640946502058,7.50416093783921,0.0675367821547223,0.0695064072140484,0.334765068818225,0.318794494542003,0.0554342667299478,0.0573089700996678,0.0326293308020883,0.0283341243474134,0.0198623635500712,0.015828191741813,0.510227812055055,0.489772187944945,84.7
"MACROOM",0.115300335137922,0.534061613817994,0.154840164990977,0.115558133539572,0.0802397525135344,0.0294501763092595,0.0997779809324801,0.297766749379653,0.1394802141831,0.247681859736189,0.185843019459318,0.00191863932173507,0.0088153698566206,0.0672560864943348,0.291529466670124,0.630480437657186,0.443250540544657,49.4536144066253,13.2202396641101,4.99116187036018,4.57704067451126,5,0.0562322763598866,0.0590680587780356,0.266821345707657,0.267240268110338,0.0744070636762052,0.0804331013147719,0.0570056715648363,0.0585524619747358,0.0441157514823408,0.0361240010311936,0.498582108790926,0.501417891209075,93.8
"MALLOW",0.122994652406417,0.544117647058823,0.139361529735861,0.107235456165937,0.0862907146329606,0.0358552067249957,0.120518099159376,0.332475553268142,0.15654486189741,0.206296105678504,0.148310173271573,0.00243155019652255,0.0130237825594564,0.0908000799413763,0.315735127573113,0.578009459729532,0.0672633687278304,21.2672663888706,10.8298044733534,0.324586579879901,7.08720784116612,7.46690465565968,0.0596337708637174,0.0633608815426997,0.279209204342894,0.264908442715929,0.0678577216010371,0.0715038081348242,0.053030303030303,0.0542051531356344,0.0498298492950899,0.0364608653378707,0.509560849133042,0.490439150866958,92.3
"MANORHAMILTON",0.112834679133022,0.490862728431789,0.162770930726732,0.132065448363791,0.101466213344666,0.0652690728333694,0.140263669764426,0.299546142208775,0.141128160795332,0.196671709531014,0.157121244867085,0.00230741924032658,0.0166844160454384,0.108803691870785,0.329783457578985,0.542421015264466,0.287391161340383,9.09377669446897,3.3349453309416,-2.49038135501582,10.2202339986235,8.86935677187375,0.0534424139396515,0.0593922651933702,0.251062473438164,0.239800254993625,0.0808542286442839,0.0819167020824479,0.0641733956651084,0.0678920526986825,0.0538674033149171,0.0475988100297493,0.503399915002125,0.496600084997875,90.5
"MAYNOOTH",0.11971697036558,0.631985392018869,0.118005097576749,0.0775288165252787,0.0527637235135238,0.0193878329898481,0.0648805434699641,0.23486756736127,0.0957178841309824,0.292878406228532,0.292267765819403,0.00178923426838514,0.00970432145564821,0.067778620166793,0.286004548900682,0.634723275208491,0.165795033729606,24.6052301183866,11.3898329362222,8.78818523111678,5.44046871730488,5.87076923076923,0.0517365998402252,0.0679803705253547,0.316734507551261,0.315250884467608,0.0583177996728421,0.0596872979039069,0.0402099897287633,0.0373188267965154,0.0286453379997718,0.024118385513752,0.495644234792863,0.504355765207137,82.1
"MIDLETON",0.125006431695395,0.55955749935683,0.136197581682532,0.101903781836892,0.0773347054283509,0.0324014567266495,0.104327335047129,0.318926735218509,0.153384747215081,0.220062125107112,0.170897600685518,0.00313820929934674,0.0116775543315828,0.0836428845907519,0.312881601981128,0.588659749797191,0.0846567435989977,36.6564463489638,15.1685991193083,2.68769030545212,6.77926158680283,6.55543398978848,0.0614870079753023,0.0635194237200926,0.290944172883972,0.268613326472858,0.0668381785438642,0.0693594031386674,0.0509904810908155,0.0509133007460767,0.0432467198353486,0.0340879855930023,0.513506560329303,0.486493439670697,88.9
"MILFORD",0.110652211323352,0.49406298399587,0.155480984340045,0.132163138874548,0.107640681466185,0.0561835106382979,0.192154255319149,0.295212765957447,0.120844414893617,0.188663563829787,0.146941489361702,0.0035610465116279,0.0130813953488372,0.096875,0.328488372093023,0.557994186046512,0.672488690633035,8.95674099036554,5.7119745068656,-3.90814546119197,11.1454239191465,7.59534583063995,0.0536052314575804,0.0570469798657718,0.252280158320427,0.241782825675443,0.0785579074169678,0.0769230769230769,0.0659094820168646,0.0662536568576837,0.0552400619514713,0.0524006195147135,0.505592841163311,0.494407158836689,89.5
"MOATE",0.11553488372093,0.519441860465116,0.156899224806202,0.120124031007752,0.088,0.0483558994197292,0.142101869761444,0.336041263700838,0.127659574468085,0.20180528691167,0.144036105738233,0.00320310859063222,0.0125498844780508,0.0893719806763285,0.316950220541903,0.577924805713085,2.33621290098817,8.94557235812391,6.48310109718227,-0.627076617224811,7.75700934579439,7.5801749271137,0.0564961240310078,0.0590387596899225,0.267038759689922,0.252403100775194,0.0766511627906977,0.0802480620155039,0.0568682170542636,0.0632558139534884,0.0473798449612403,0.0406201550387597,0.504434108527132,0.495565891472868,92.8
"MONAGHAN",0.11381360091618,0.520477722637291,0.159240879096908,0.119757866608496,0.0867099307411245,0.0710005652911249,0.157377049180328,0.315771622385529,0.151950254381006,0.186433013001696,0.117467495760317,0.00277305662402719,0.0122551212094105,0.0912872349941855,0.321316754629215,0.572367832543161,0.616860527667316,26.371339542617,5.48695174008606,-3.4121015736847,8.14390842191333,8.31435079726652,0.0556797731362818,0.0581338277798986,0.262256639581175,0.258221083056116,0.0823471669302503,0.0768937121666576,0.0597153296613405,0.060042536947156,0.0489174892294268,0.0377924415116977,0.508916398538474,0.491083601461526,81.8
"MUINEBEAG",0.107145563385618,0.519057361521558,0.158445101159354,0.124801091157081,0.0905508827763886,0.0333282372725883,0.179024613973399,0.315242317688427,0.149059776792539,0.192478214340315,0.130866839932732,0.00280269058295964,0.0137020428500249,0.096537120079721,0.311410064773293,0.575548081714001,1.91061237826557,11.8464423119459,4.51135872273951,-2.29930949344214,7.8976890284945,6.93185141854343,0.0519057361521558,0.0552398272334622,0.258467833598545,0.260589527923013,0.0810790331135864,0.077366068045768,0.0603925134500265,0.0644085777070546,0.0475107979086156,0.043040084867773,0.499355914222929,0.500644085777071,95.9
"MULLINGAR",0.109548245212132,0.572161642078255,0.137175845322093,0.103729496930267,0.0773847704572528,0.0473511486169714,0.112611345522738,0.324988279418659,0.141397093295827,0.212283169245195,0.161368963900609,0.00262022194821208,0.0149121454993835,0.0956381011097411,0.326525893958076,0.560303637484587,0.0271379665891813,27.5585309338522,10.1776674365627,-2.06425994202051,11.5288220551378,10.1769218725536,0.053514157426922,0.0560340877852103,0.29501511958215,0.277146522496106,0.0716576560065976,0.0655181893154953,0.0556217355447631,0.0481077613855035,0.0437551544030056,0.0336296160542472,0.519563822963438,0.480436177036562,86
"NAAS",0.10943438722937,0.606069990709198,0.136631098848504,0.0884596976266224,0.0594048255863059,0.0222560809707787,0.064918104151929,0.269848179789955,0.111606899929259,0.286336181095935,0.245034554062143,0.00245722401316531,0.0108884330124665,0.0706057395342546,0.299600982889605,0.616447620550508,3.32362750711574,30.2854208025168,13.8064636403992,7.39899205811477,6.07414374167255,6.24377884354357,0.0550128100453279,0.0544215771840423,0.309130324614995,0.296939666094203,0.0683859342886906,0.0682451645598131,0.0465384723669022,0.0419212252597201,0.033531349418621,0.0258734761676849,0.512598890734536,0.487401109265464,91.8
"NAVAN",0.130943672275055,0.607102480547982,0.121766309769236,0.0817317284032719,0.0584558090044557,0.0452370901927677,0.112002251301534,0.35232869002392,0.154847333614746,0.190938511326861,0.144646123540172,0.00393311036789297,0.013752508361204,0.0862341137123746,0.323157190635452,0.572923076923077,2.14290414831718,27.8095890135897,6.04378313329912,-1.30178272379669,9.60324191876355,9.85389058783554,0.065305579570393,0.0656380927046618,0.309370220123695,0.297732260424287,0.0607168983174835,0.0610494114517523,0.0432599587683714,0.0384717696349006,0.0321540200837933,0.0263017889206624,0.510806676863736,0.489193323136264,84.9
"NENAGH",0.107432651736449,0.520610191496267,0.153900248836958,0.119712214648924,0.0983446932814021,0.0413800515907137,0.134673258813414,0.341680997420464,0.147463456577816,0.192390369733448,0.142411865864144,0.00391292614914095,0.0155617522712962,0.100791580462355,0.331969056400108,0.5477646847171,2.77325186597281,19.227575943037,7.31922485030644,-0.57388004323579,8.00200467758102,7.04390243902439,0.0538786108406362,0.053554040895813,0.265930974791734,0.254679216704533,0.0782754516931732,0.0756247971437845,0.0586389700313751,0.0610732446175484,0.0533917559234015,0.0449529373580006,0.51011576328032,0.48988423671968,90.6
"NEW ROSS",0.111936539914379,0.513892386468564,0.156257869554268,0.124276001007303,0.0936372030554856,0.0534754797441365,0.17091684434968,0.342089552238806,0.150874200426439,0.177057569296375,0.105586353944563,0.00309358081979891,0.0163116079589397,0.100857765590944,0.32046684946917,0.559270196161147,0.471459955857946,16.3166318951542,6.45497500802126,-5.23418358907291,10.5564968069855,10.6991358994501,0.0548140686644842,0.0571224712498951,0.262486359439268,0.251406027029296,0.078107949299085,0.0781499202551834,0.0612356249475363,0.0630403760597666,0.0484344833375304,0.0452027197179552,0.505078485687904,0.494921514312096,90.1
"NEWBRIDGE",0.128117875250961,0.584033756422908,0.136046551196107,0.0878619797869806,0.0639398373430428,0.035957713172903,0.103491445263597,0.333147864793434,0.13478926137154,0.212129642509389,0.180484072889136,0.00290202862962859,0.0147891843625303,0.0844936797164941,0.307782459469264,0.590032647822083,1.172280193556,27.6872353239975,8.6640796010968,1.46428626410645,7.71448454120688,8.3256351039261,0.0626807772144145,0.0654370980365468,0.298227107224283,0.285806649198625,0.0703031952904346,0.0657433559056726,0.0455983938476197,0.0422635859393609,0.0351175689930922,0.0288222683499507,0.511927042569844,0.488072957430156,93.2
"NEWCASTLE WEST",0.100232899163288,0.506340032778401,0.156387475200552,0.134563961010955,0.102475631846804,0.0497936243084219,0.185825941863529,0.341090717484851,0.141389303591815,0.174321594801089,0.107578817950294,0.00278790478232897,0.0132246765315605,0.0980413181785689,0.344806633783687,0.541139466723854,0.0474061274069737,35.0689082582664,9.68302328226567,-2.88180822320237,7.32031353793012,7.42155072223145,0.0475286811006642,0.052704218062624,0.253126886914517,0.253213145863883,0.0768998533597861,0.079487621840766,0.0641335288536186,0.0704304321573363,0.0558095402397999,0.0466660916070042,0.497498490468386,0.502501509531614,93.4
"NEWPORT",0.127577693871624,0.525704327621261,0.154371187917514,0.11167586407203,0.0806709265175719,0.0347305389221557,0.106437125748503,0.312724550898204,0.12125748502994,0.231437125748503,0.193413173652695,0.00382637809398541,0.0148272151141935,0.0844792538562717,0.293973454501973,0.602893698433576,1.49096843073417,14.9836300500582,6.98077924903205,3.69590805856585,5.93886462882096,5.32712697181278,0.0623729305837932,0.0652047632878304,0.266918385129248,0.258785942492013,0.0750072611094975,0.0793639268080163,0.0553296543711879,0.0563462097008423,0.0429857682253848,0.037685158292187,0.502613999419111,0.497386000580889,94.4
"NORTH INNER CITY",0.0590592452319762,0.766654267550385,0.0908967942648451,0.0543419450831868,0.0290477478696064,0.0461473490229201,0.107382808000921,0.209889814565977,0.0913348946135831,0.258647828924636,0.286597304871962,0.00467655354380857,0.0211627695387135,0.0982622145391684,0.348885451733236,0.527013010645073,0.777932639567707,53.1363836587474,20.1626165291182,3.5638231975264,11.6878503197284,10.4590100165321,0.0290984715271202,0.0299607737048559,0.360594481266062,0.406059786284323,0.0423880697957527,0.0485087244690924,0.0262241309346679,0.0281178141485189,0.0160286757743812,0.0130190720952252,0.474333829297985,0.525666170702015,74.8
"ONGAR",0.140250611246944,0.670507334963325,0.109596577017115,0.0611246943765281,0.018520782396088,0.0294621445700582,0.0752312435765673,0.334361082562521,0.144227475162727,0.226652963343611,0.190065090784515,0.00233459169481422,0.0109030399364196,0.0730180806675939,0.324930458970793,0.588813828730379,0.0894136043776096,10.57330430554,4.55332324012974,3.05742493297214,7.29099157485418,8.83725270623367,0.0676650366748166,0.0725855745721271,0.34419315403423,0.326314180929095,0.0555929095354523,0.0540036674816626,0.0327933985330073,0.0283312958435208,0.0111552567237164,0.00736552567237164,0.511399755501223,0.488600244498777,77.3
"PALMERSTOWN-FONTHILL",0.113094899641781,0.532609313697618,0.156365497242281,0.126855063399102,0.0710752260192187,0.0838569633268594,0.228607334628127,0.349480178224609,0.134925168513652,0.114932023306295,0.088198332000457,0.00595001983339944,0.0244446648155494,0.114587465291551,0.34158072193574,0.51343712812376,0.330870217580178,15.3987751014874,7.25636580974456,-12.5749546338315,12.9649499284692,11.8365711996796,0.0560641382839597,0.0570307613578211,0.276454199124353,0.256155114573264,0.082333541820663,0.0740319554216182,0.0690282595098652,0.0578268038892364,0.0398589867515779,0.0312162392676409,0.523739125490419,0.476260874509581,82.7
"PEMBROKE",0.0613039074577536,0.632603017218402,0.117357001972387,0.0947278639586332,0.0940082093928248,0.0097354886113152,0.0256245407788391,0.114391991182954,0.041100293901543,0.360442689199118,0.448704996326231,0.0028175976272862,0.0107760751359367,0.0652001977261493,0.27071181413742,0.650494315373208,1.09715292412658,54.5662826459648,20.7051176660916,12.3925466840954,5.79945399542537,5.22748519788096,0.0300389146542993,0.0312649928034543,0.324857401780479,0.307745615437923,0.0625566394797164,0.0548003624926702,0.0502158963697425,0.0445119675888907,0.0565062103523642,0.0375019990404606,0.524175062636601,0.475824937363399,90.4
"PILTOWN",0.117240610721052,0.540566142873064,0.14270589546417,0.108436420372228,0.0910509305694862,0.0421211417962404,0.116384311905314,0.341262473891854,0.149338593641216,0.213622650266883,0.137270828498492,0.00336455396926434,0.011230335546058,0.0869327998545058,0.310130035464218,0.588342275165954,0.93443205425884,19.6836250951862,7.55346845731192,-0.517586945455847,8.05280528052805,6.94698354661792,0.0547197146996545,0.0625208960213975,0.272707009918645,0.267859132954419,0.0698205728295999,0.0728853226345704,0.0542739329098406,0.0541624874623872,0.0512091831048702,0.0398417474646161,0.50273041346261,0.49726958653739,90.1
"PORTLAOISE",0.123979324293955,0.593902164956177,0.131657802082553,0.0906434938946738,0.0598172147726421,0.0412338181237015,0.108438548825316,0.355521815566565,0.153667891961004,0.201214639603644,0.13992328591977,0.00358322427868137,0.0167944164018196,0.0938493176294635,0.330716021686296,0.555057020003739,2.50946470718814,15.789515691619,9.160227512352,-2.30913960626603,10.5948762483717,10.3968469692851,0.0613903663195745,0.0625889579743801,0.288972956775788,0.304929208180388,0.0636002696831223,0.0680575323994307,0.0438609633680426,0.0467825305266312,0.0331860064424301,0.026631208330212,0.491010562588958,0.508989437411042,85.8
"PORTLAW-KILMACTHOMAS",0.118479524167635,0.505776987762357,0.161482190469679,0.124290695289533,0.0899706023107951,0.0389287686361126,0.151987852015461,0.321093318608504,0.132523467697405,0.211761457758145,0.143705135284373,0.00256911477240994,0.0120636693660988,0.0845573862049707,0.307456017872103,0.593353811784418,2.15392234843429,14.1471730464526,5.45691274574752,1.17730485543058,6.11145639113321,5.95298926928973,0.0566076433991933,0.0618718807684419,0.257947631093184,0.247829356669173,0.0791002939768921,0.0823818964927873,0.0596841457578451,0.064606549531688,0.0450536678744787,0.0449169344363164,0.498393382101593,0.501606617898407,93.8
"RATHFARNHAM-TEMPLEOGUE",0.0855762272695441,0.476668456313173,0.161908541282476,0.147995984966969,0.127850790167838,0.0202350129456284,0.0955984863572993,0.253216490738897,0.0901812387970524,0.276877116112328,0.263891655048795,0.00261460693742374,0.0125501132996339,0.0815951039064164,0.297290492514477,0.605949683342049,0.478760847471045,50.4859678645884,19.7536804250594,5.35702000759484,5.24410904050516,5.01583069488419,0.0427414272041831,0.042834800065361,0.24304955764607,0.233618898667102,0.0858796890683723,0.076028852214104,0.0800672284600481,0.0679287565069213,0.0738345899764234,0.0540162001914144,0.525572492355097,0.474427507644903,98.3
"RATOATH",0.121933357744416,0.583702273559469,0.143870044272827,0.0927399221064545,0.0577544023168337,0.0245637141916365,0.0711228185709582,0.296674349687191,0.117550214027,0.26460322686862,0.225485676654593,0.00172959740294297,0.0091003432585615,0.0633032649477129,0.284345813043825,0.641520981346957,3.40417571212246,33.9596957551479,12.3483473472138,6.93460961521672,5.18876697042961,5.62513496005183,0.0609167471122799,0.0610166106321361,0.297759728371226,0.285942545188243,0.0715355680569888,0.0723344762158384,0.0475683232915016,0.0451715988149529,0.0313571452348457,0.026397257081988,0.509137512066842,0.490862487933158,90.9
"ROSCOMMON",0.10472819216182,0.497446270543616,0.155802781289507,0.130821744627054,0.111201011378003,0.0568807339449541,0.14638124362895,0.35769622833843,0.140672782874618,0.174413863404689,0.123955147808359,0.00400810240055165,0.0180149118648451,0.107313709434125,0.331853639615567,0.538809636684911,2.97277684923104,23.4193675270532,10.2548047841321,-3.75040586275412,9.54847062631494,8.10919309514251,0.0516308470290771,0.0530973451327434,0.245461441213654,0.251984829329962,0.0782806573957016,0.0775221238938053,0.0656890012642225,0.0651327433628319,0.0603792667509482,0.0508217446270544,0.501441213653603,0.498558786346397,91.2
"ROSCREA-TEMPLEMORE",0.109830408927392,0.512737684457823,0.155715439395052,0.123926290287057,0.0977901769326775,0.0502445531347265,0.156662220246035,0.375277901289462,0.154290795909293,0.163183637172076,0.100340892248407,0.00398430425596136,0.0161183217627528,0.102505282221551,0.327980682161183,0.549411409598551,0.34772878033864,8.72823830049479,3.85706878272627,-4.76918325679895,8.07903402854007,8.22664124216835,0.0528595550987446,0.0569708538286469,0.256295426180163,0.256442258277659,0.075324866015711,0.0803905733793407,0.0619631451435284,0.0619631451435284,0.0528595550987446,0.0449306218339329,0.499302547536892,0.500697452463108,94.3
"ROSSLARE",0.110511705860787,0.493636411250196,0.166553187031897,0.131042790551511,0.0982559053056094,0.057762485663643,0.159941611927849,0.357835470753832,0.134292565947242,0.171410697528933,0.118757168178501,0.00332210998877665,0.0165207631874299,0.0989001122334456,0.326644219977553,0.554612794612795,0.0699138882376958,34.5688849845097,9.34995576559216,-3.64292846539724,9.05545192470748,7.9715864246251,0.0545225999057246,0.0559891059550621,0.256481432985911,0.237154978264285,0.0867333577751008,0.0798198292567957,0.0648928926831823,0.0661498978683287,0.0505944587021421,0.0476614466034672,0.513224742052061,0.486775257947939,95.4
"RUSH-LUSK",0.13816880793625,0.599837371930395,0.134428362335339,0.0759147828915271,0.0516506749064889,0.0323156225218081,0.087827121332276,0.31701030927835,0.133690192968543,0.237245572297119,0.191911181601903,0.00238428445550199,0.0118436738713523,0.0753382055667859,0.299564608925517,0.610869227180843,1.0026538584848,31.3278473343078,10.6136199375217,4.17319163520006,6.66418466120626,6.82705497520312,0.068141161164417,0.0700276467718328,0.311562855748902,0.288274516181493,0.0667100341518946,0.0677183281834445,0.0383476988128151,0.037567084078712,0.0285249634086843,0.0231257114978045,0.513286713286713,0.486713286713287,87.6
"SHANNON",0.111336196418443,0.55096831699214,0.140142614050725,0.115387731950409,0.082165140588283,0.0306122448979592,0.103880896620943,0.369688859150217,0.139846102375376,0.206674473067916,0.149297423887588,0.00330305532617671,0.0164161849710983,0.0932122213047068,0.329083402146986,0.557985136251032,0.828245333120121,21.7311917310021,14.3393299315453,0.303595203220991,8.22376581493426,7.48879572068816,0.0539664532857953,0.0573697431326473,0.280852443075926,0.270115873916214,0.0700510493477028,0.0700915647030224,0.0591929341220322,0.056194797828377,0.0444048294303541,0.0377603111579289,0.50846770926181,0.49153229073819,90
"SKIBBEREEN-WEST CORK",0.104265223479544,0.497483253226356,0.164402225333989,0.130189607538887,0.103659690421224,0.0397908140063665,0.118008185538881,0.302637562528422,0.155222070638169,0.22108534182204,0.163256025466121,0.00347066006812777,0.0126293463590205,0.0896265826852626,0.313259206889903,0.581014203997686,0.0905382802157318,34.3230627260871,7.55047095025515,1.84328301421807,6.42041482171988,5.94256468581177,0.0515838474056693,0.052681376073875,0.250614994512357,0.246868258713999,0.0837149453127957,0.0806872800211937,0.0644135790788328,0.0657760284600537,0.0577905612534534,0.0458691291677705,0.508117927563108,0.491882072436892,90.8
"SLIGO-DRUMCLIFF",0.109734984685045,0.494673058995872,0.163004394726328,0.138899986682647,0.0936875749101079,0.0243967117475471,0.0904269424555821,0.296870856536728,0.121453195438876,0.250331477061787,0.21652081675948,0.00282532823666278,0.0112459143537754,0.0806603512270788,0.29605008032796,0.609218325854523,2.64399692968101,34.7302863347445,12.1838146834609,4.52894640247257,6.426735218509,5.46765937645417,0.0539352776667998,0.0557997070182448,0.25848981222533,0.236183246770542,0.0843654281528832,0.0786389665734452,0.070581968304701,0.0683180183779465,0.0500066586762552,0.0436809162338527,0.517379145025969,0.482620854974031,94.6
"SLIGO-STRANDHILL",0.0867087206728641,0.54653607791058,0.14630367419212,0.120849933598938,0.099601593625498,0.0345862989323843,0.132339857651246,0.29904359430605,0.134564056939502,0.224644128113879,0.17482206405694,0.00456160568520119,0.0216556227792183,0.118985883030827,0.334533755882071,0.520263132622683,0.901875736790863,15.3306176869854,3.59093054882596,-1.5735973054807,12.7954505064866,8.84226301985762,0.04188800354139,0.0448207171314741,0.279548472775564,0.266987605135016,0.076859229747676,0.0694444444444444,0.0643536963258079,0.0564962372731297,0.0589862771137672,0.0406153165117309,0.521635679504205,0.478364320495795,88.6
"SOUTH EAST INNER CITY",0.0584189497716895,0.726398401826484,0.105565068493151,0.0694349315068493,0.0401826484018265,0.0311792666364871,0.0955749207786329,0.160989135355364,0.0642824807605251,0.283216387505659,0.364757808963332,0.00378975599801766,0.0160044310993208,0.0871643879544063,0.313850100574294,0.579191324373961,0.558678880442808,44.8859097416771,16.4729381493945,5.62225482526267,9.96604061265507,8.40697396704084,0.0308219178082192,0.0275970319634703,0.354195205479452,0.372203196347032,0.0496575342465753,0.0559075342465753,0.0340182648401826,0.0354166666666667,0.0226312785388128,0.0175513698630137,0.491324200913242,0.508675799086758,75.3
"SOUTH WEST INNER CITY",0.0512892141799592,0.737380227393357,0.0987512920077101,0.0648657708746543,0.0477134955443194,0.0361666666666667,0.100055555555556,0.188833333333333,0.0816111111111111,0.283055555555556,0.310277777777778,0.00407930162356204,0.0211307824100514,0.100513992004569,0.3291724456773,0.545103478284518,0.587496093781029,33.7643470687706,12.6400574176589,4.76706365368086,9.74739154310818,8.25238884940377,0.0245271950163422,0.0267620191636171,0.358270246110009,0.379109981283348,0.0483560074866609,0.0503952845210493,0.0321814677207587,0.0326843031538956,0.0280749783501411,0.0196385171941783,0.491409894683912,0.508590105316088,75.1
"STILLORGAN",0.0934765314240255,0.526610978520286,0.147096260938743,0.118536197295147,0.114280031821798,0.00766256590509666,0.0210896309314587,0.197820738137083,0.0558875219683656,0.331107205623902,0.386432337434095,0.00209623928414992,0.00779050122019898,0.0605406420123897,0.267911895375759,0.661660722107503,0.859055704454592,39.4786953237093,15.7428042077193,11.3611186442511,4.63356346255975,4.90594431903687,0.0467382657120127,0.0467382657120127,0.275775656324582,0.250835322195704,0.0764518695306285,0.0706443914081146,0.0645584725536993,0.0539777247414479,0.0666666666666667,0.0476133651551313,0.530190930787589,0.469809069212411,89.8
"SWINFORD",0.0978399838503465,0.446807078931431,0.177982639122536,0.157526411412422,0.119843886683265,0.0711255303219366,0.166708260544048,0.348015972048914,0.130646368854505,0.17144996256551,0.112053905665086,0.00416761817766613,0.0180406485498972,0.117549668874172,0.344485042247088,0.515757022151176,0.302762398747908,13.1229351624651,9.04601570460545,-5.40476889329469,10.1069883906214,9.44008655666757,0.0493237332615571,0.0485162505887895,0.223201668797524,0.223605410133908,0.0911782518000135,0.086804387322522,0.0757687907946975,0.0817576206177242,0.0635219702577215,0.0563219164255434,0.502994414911513,0.497005585088487,95.9
"SWORDS",0.104706378937371,0.638078404474226,0.130164090117659,0.0772700891679417,0.0497810373028017,0.0241081609382636,0.078188630070044,0.343867079328881,0.143345821795081,0.232611174458381,0.17787913340935,0.00269370939629218,0.0136496366887747,0.0794983815107409,0.324422210652602,0.57973606175159,1.58382691347983,31.7994024679509,12.8898756917056,3.4054729461232,7.26114649681529,7.04036581520025,0.050414182451327,0.0542921964860444,0.32142668706801,0.316651717406215,0.068696248614995,0.0614678415026645,0.0393605233999894,0.0379095657679523,0.0287025800664802,0.0210784572363214,0.508600221600802,0.491399778399198,85.4
"TALLAGHT CENTRAL",0.0837892112734575,0.563672875839623,0.113600166193477,0.146215636036286,0.0927221106571567,0.0427392973972408,0.212487555113071,0.330749537761343,0.157801166263689,0.158725643578438,0.0974967998862182,0.00493199362823183,0.0229138585957603,0.114477392476412,0.353142997181718,0.504533758117878,0.400984567547621,34.7246413929683,13.8366791837908,-7.38119183486918,10.1611552951026,9.52498457742134,0.0421023474828613,0.0416868637905962,0.27948203033031,0.284190845509314,0.0611799736860328,0.0524201925074441,0.0795997507097846,0.0666158853265009,0.0506197631742954,0.0421023474828613,0.512983865383284,0.487016134616716,88.3
"TALLAGHT SOUTH",0.150080356039065,0.657343305723822,0.0970453702559031,0.0716095932748177,0.0239213747063914,0.058714078974571,0.146854110674661,0.390531321066777,0.158638274412515,0.145200192957067,0.10006202191441,0.00461445357809269,0.0179282868525896,0.10247617126431,0.322280498260124,0.552700590044884,0.90492326385239,18.2950266635782,7.28571389718438,-9.22532309366694,14.9253731343284,13.1086499904526,0.07426752379775,0.0758128322413154,0.349425145258994,0.307918160464829,0.0515205835084683,0.0455247867474348,0.0385399925825195,0.0330696006922982,0.0129805909259488,0.0109407837804426,0.52673383607368,0.47326616392632,75.3
"THURLES",0.109899749373434,0.490789473684211,0.159022556390977,0.13577694235589,0.104511278195489,0.0393244265187799,0.138769851273002,0.382908999243761,0.123771111671288,0.191202419964709,0.12402319132846,0.00383927632270958,0.014673398548438,0.10571158094036,0.326285894603976,0.549489849584517,0.0375573263946422,0.399914044867453,7.65654281517482,-2.48247677386649,8.26964530668234,7.64525993883792,0.0580827067669173,0.0518170426065163,0.24780701754386,0.242982456140351,0.0786340852130326,0.0803884711779449,0.0682330827067669,0.0675438596491228,0.0600250626566416,0.0444862155388471,0.512781954887218,0.487218045112782,93.4
"TRALEE",0.101499182580264,0.524435632543741,0.159031618491078,0.11969111969112,0.095342446693798,0.0433717044188637,0.121574452283698,0.33821017452655,0.142072038618641,0.207129595246936,0.14764203490531,0.00421875484691503,0.0191394980922542,0.110308031144337,0.341564041318981,0.524769674597512,3.04366601674984,40.8182251243096,12.9713766387904,-3.60890932077279,13.1665719158613,10.595009596929,0.0502278340116178,0.0512713485686459,0.270931162823055,0.253504469720686,0.0807332428954051,0.0782983755956729,0.0617064941389266,0.0579846255521931,0.0524887822185119,0.0428536644752861,0.516087516087516,0.483912483912484,90.9
"TRAMORE-WATERFORD CITY WEST",0.107446327115491,0.549901955854995,0.152144401427925,0.109055256674544,0.0814520589270451,0.0329397141081417,0.116428423451419,0.335715765485809,0.14626061736068,0.212761549616739,0.155893929977212,0.00420656940839523,0.0161997672961604,0.102434440168263,0.324263850353531,0.552895372773651,1.41585798430851,20.648998988357,5.44244767945384,-0.84334815933214,11.3900796080833,9.27637314734089,0.0539996983257077,0.0534466287897833,0.277942581326361,0.271959374528634,0.0752174568857157,0.0769269445422093,0.055306953592438,0.0537483030821057,0.0448489114585952,0.0366031474684499,0.507315601588818,0.492684398411182,90.7
"TRIM",0.127118315430256,0.56047620894249,0.143793384263389,0.0982277891961066,0.0703843021677589,0.0422877765573513,0.128275537423505,0.334771693080182,0.137768711752707,0.200925780637063,0.155970500549192,0.00289773789493363,0.0125568642113791,0.0811989780021188,0.305976194927401,0.597370224964168,0.293546798348481,17.0857574988557,5.24069824826599,0.682224316965218,6.78583250579278,7.17179902755267,0.0628999108077714,0.0642184046224842,0.286772404700043,0.273703804242448,0.0708108736960484,0.0729825105673401,0.0476984527087292,0.0505293364873774,0.0395548144413852,0.0308294877263738,0.507736456353977,0.492263543646023,91.4
"TUAM",0.119932794737971,0.535532994923858,0.142703939372274,0.114427682848359,0.0874025881175377,0.0362271775997691,0.1355271703832,0.348271631666306,0.13545500469077,0.196940174640976,0.14757884101898,0.00332423127151846,0.0146622343583046,0.0923364596936958,0.329098895880328,0.560578178796153,0.220626429729543,24.1199748540254,11.415644763271,0.112645378816177,7.69482645710544,7.49390478634672,0.0576249374419103,0.0623078572960606,0.271895331379138,0.26363766354472,0.0704225352112676,0.0722814041610066,0.0572674626438836,0.0571602202044756,0.04625723886466,0.0411453492528777,0.503467505540859,0.496532494459141,92.5
"TULLAMORE",0.11469327176781,0.54254617414248,0.149488786279683,0.110075857519789,0.0831959102902375,0.0562355559359753,0.135496019857913,0.34357613626637,0.128220491312163,0.18573996405033,0.150731832577249,0.00365076631651455,0.0180816256242466,0.0954365421043568,0.322094024453246,0.560737041501636,4.4517130014798,39.1537109114763,11.7481297617127,-2.36700125020782,9.72169271826153,9.29573261712921,0.0552028364116095,0.0594904353562005,0.277539577836412,0.265006596306069,0.0768057387862797,0.0726830474934037,0.0548730211081794,0.0552028364116095,0.0472872691292876,0.0359086411609499,0.511708443271768,0.488291556728232,92.7
"TULLOW",0.119668320874427,0.537470946667504,0.153527231610026,0.114328789496828,0.0750047113512155,0.0406471453402861,0.157106565048803,0.325043455007354,0.169006551678032,0.183446984891028,0.124749298034497,0.0035065349059611,0.0175858038465625,0.104611624694506,0.313197322282435,0.561098714270534,0.581731190341943,21.3465751209793,5.74103215632559,-2.54963505290111,7.50139951483486,8.21266968325792,0.0602424775425592,0.0594258433318676,0.277278723537911,0.260192223129594,0.0778315220805327,0.0756957095294931,0.0566618506187575,0.0576669388780702,0.0408317105345813,0.0341730008166342,0.512846284314341,0.487153715685659,89.5
"WATERFORD CITY EAST",0.11098705912205,0.516011164679016,0.158284699314895,0.114742451154529,0.0999746257295103,0.0193066223790741,0.0863608054805896,0.291052522316795,0.111064978202201,0.269773718081794,0.222441353539547,0.00307044477585753,0.0131151855425915,0.088341082551101,0.302833581893149,0.592639705237301,0.225206367621985,9.82654948180261,8.85216495195006,3.87718617333267,8.06916426512968,7.35660847880299,0.0558233950773915,0.0551636640446587,0.265567114945445,0.25044404973357,0.0817558995178889,0.0765287997970058,0.0590713017000761,0.0556711494544532,0.0565338746511038,0.0434407510784065,0.518751585891906,0.481248414108094,93.4
"WATERFORD CITY SOUTH",0.101529902642559,0.571776276574608,0.134313530697397,0.106050069541029,0.0863302205444069,0.0421931891197259,0.204005140286999,0.359713000642536,0.153030627543371,0.157421289355322,0.0836367530520454,0.00477953840854288,0.0224336892869445,0.120177402686876,0.348389596968653,0.504219772648984,0.755702976852533,15.2131748806811,6.65435584345837,-8.9666744481696,14.9253731343284,12.5481274063703,0.0507649513212796,0.0507649513212796,0.292370355652692,0.279405920921915,0.067752831313332,0.0665606993840652,0.0535962646532883,0.0524538048877409,0.0481323266441486,0.0381978939002583,0.512616729584741,0.487383270415259,85.1
"WESTPORT",0.0995449728853706,0.49841052172287,0.166053730599015,0.1408090756093,0.0951816991834445,0.042246759481517,0.124699951992319,0.31985117618819,0.120619299087854,0.212313970235238,0.180268843014882,0.00247004414546983,0.0137166281269708,0.0922324994744587,0.323996216102586,0.567584612150515,0.188173343932503,14.590258764741,7.6924321601847,1.45067240054245,7.79586096041792,6.16216216216216,0.0488063329801159,0.0507386399052546,0.262918406781774,0.235492114941096,0.0856448295206632,0.0804089010783519,0.0709966963784828,0.0698123792308172,0.0519229570529203,0.0432587421305242,0.520289222713956,0.479710777286044,88.5
"WEXFORD",0.0985594850257095,0.523688032342898,0.158103387368999,0.120029830827805,0.0996192644345881,0.048804780876494,0.139442231075697,0.339028501379099,0.135075084278272,0.197057922157524,0.140591480232914,0.00502028060376354,0.0213112573974333,0.10951526032316,0.322661081188909,0.541492120486734,0.166657562190465,40.7158801459417,8.21626163042242,-3.20760083640081,10.7350340995201,8.68465430016864,0.0476508223103191,0.0509086627153904,0.270479255799348,0.253208776543549,0.0824665384464419,0.0756368489225576,0.0622129764100954,0.0578168544177101,0.0566393217411783,0.0429799426934097,0.519448914707383,0.480551085292617,92.5
"WICKLOW",0.117573188917667,0.557727022996625,0.145514480809984,0.104112707008869,0.075072600266855,0.0433315016877306,0.0989873616453411,0.309443441400424,0.137294921108407,0.226783891985242,0.184158882172855,0.00317510715986664,0.0126369264962692,0.0826162882997301,0.30642959199873,0.595142086045404,1.17380177541556,27.1361385111335,9.12413705937283,1.03060740709887,9.60999532928538,8.8061306802904,0.057334589121733,0.0602385997959344,0.287693273683384,0.270033749313241,0.0750333568793658,0.0704811239306177,0.0523899222980928,0.0517227847107762,0.0419119378384742,0.0331606624283808,0.51436307982105,0.48563692017895,91.3
