Statistic Label,Census Year,Sex,General Health,CSO Local Electoral Areas 2022,UNIT,VALUE
General Health of Population,2022,Males,Very Good,"Borris-In-Ossory-Mountmellick, Laois",Number,7211
General Health of Population,2022,Males,Very Good,"Portlaoise, Laois",Number,8962
General Health of Population,2022,Males,Very Good,"Graiguecullen -Portarlington, Laois",Number,8523
General Health of Population,2022,Males,Very Good,"Carlow, Carlow",Number,6037
General Health of Population,2022,Males,Very Good,"Tullow, Carlow",Number,5153
General Health of Population,2022,Males,Very Good,"Muinebeag, Carlow",Number,4722
General Health of Population,2022,Males,Very Good,"Manorhamilton, Leitrim",Number,3089
General Health of Population,2022,Males,Very Good,"Ballinamore, Leitrim",Number,2895
General Health of Population,2022,Males,Very Good,"Carrick-On-Shannon, Leitrim",Number,3221
General Health of Population,2022,Males,Very Good,"Newcastle West, Limerick",Number,7629
General Health of Population,2022,Males,Very Good,"Adare-Rathkeale, Limerick",Number,7786
General Health of Population,2022,Males,Very Good,"Cappamore-Kilmallock, Limerick",Number,9800
General Health of Population,2022,Males,Very Good,"Limerick City West, Limerick",Number,9223
General Health of Population,2022,Males,Very Good,"Limerick City North, Limerick",Number,7595
General Health of Population,2022,Males,Very Good,"Limerick City East, Limerick",Number,9817
General Health of Population,2022,Males,Very Good,"Granard, Longford",Number,3070
General Health of Population,2022,Males,Very Good,"Ballymahon, Longford",Number,4071
General Health of Population,2022,Males,Very Good,"Longford, Longford",Number,3963
General Health of Population,2022,Males,Very Good,"Dundalk-Carlingford, Louth",Number,6311
General Health of Population,2022,Males,Very Good,"Dundalk South, Louth",Number,10104
General Health of Population,2022,Males,Very Good,"Ardee, Louth",Number,7514
General Health of Population,2022,Males,Very Good,"Drogheda Rural, Louth",Number,5612
General Health of Population,2022,Males,Very Good,"Drogheda Urban, Louth",Number,6526
General Health of Population,2022,Males,Very Good,"Ballina, Mayo",Number,6712
General Health of Population,2022,Males,Very Good,"Claremorris, Mayo",Number,7408
General Health of Population,2022,Males,Very Good,"Castlebar, Mayo",Number,8393
General Health of Population,2022,Males,Very Good,"Belmullet, Mayo",Number,2918
General Health of Population,2022,Males,Very Good,"Westport, Mayo",Number,5256
General Health of Population,2022,Males,Very Good,"Swinford, Mayo",Number,4537
General Health of Population,2022,Males,Very Good,"Kells, Meath",Number,9560
General Health of Population,2022,Males,Very Good,"Laytown-Bettystown, Meath",Number,11451
General Health of Population,2022,Males,Very Good,"Ashbourne, Meath",Number,9664
General Health of Population,2022,Males,Very Good,"Ratoath, Meath",Number,12000
General Health of Population,2022,Males,Very Good,"Trim, Meath",Number,9565
General Health of Population,2022,Males,Very Good,"Navan, Meath",Number,10665
General Health of Population,2022,Males,Very Good,"Monaghan, Monaghan",Number,6415
General Health of Population,2022,Males,Very Good,"Carrickmacross-Castleblayney, Monaghan",Number,6519
General Health of Population,2022,Males,Very Good,"Ballybay-Clones, Monaghan",Number,5379
General Health of Population,2022,Males,Very Good,"Birr, Offaly",Number,7075
General Health of Population,2022,Males,Very Good,"Tullamore, Offaly",Number,8092
General Health of Population,2022,Males,Very Good,"Edenderry, Offaly",Number,6555
General Health of Population,2022,Males,Very Good,"Boyle, Roscommon",Number,6134
General Health of Population,2022,Males,Very Good,"Roscommon, Roscommon",Number,6304
General Health of Population,2022,Males,Very Good,"Athlone, Roscommon",Number,6044
General Health of Population,2022,Males,Very Good,"Ballymote-Tobercurry, Sligo",Number,7584
General Health of Population,2022,Males,Very Good,"Sligo-Drumcliff, Sligo",Number,5391
General Health of Population,2022,Males,Very Good,"Sligo-Strandhill, Sligo",Number,5293
General Health of Population,2022,Males,Very Good,"Cavan-Belturbet, Cavan",Number,7108
General Health of Population,2022,Males,Very Good,"Bailieborough-Cootehill, Cavan",Number,7394
General Health of Population,2022,Males,Very Good,"Ballyjamesduff, Cavan",Number,7881
General Health of Population,2022,Males,Very Good,"Nenagh, Tipperary",Number,5987
General Health of Population,2022,Males,Very Good,"Roscrea-Templemore, Tipperary",Number,4615
General Health of Population,2022,Males,Very Good,"Carrick-On-Suir, Tipperary",Number,5306
General Health of Population,2022,Males,Very Good,"Clonmel, Tipperary",Number,6083
General Health of Population,2022,Males,Very Good,"Cashel-Tipperary, Tipperary",Number,7515
General Health of Population,2022,Males,Very Good,"Newport, Tipperary",Number,5095
General Health of Population,2022,Males,Very Good,"Thurles, Tipperary",Number,5092
General Health of Population,2022,Males,Very Good,"Cahir, Tipperary",Number,4006
General Health of Population,2022,Males,Very Good,"Dungarvan, Waterford",Number,6026
General Health of Population,2022,Males,Very Good,"Portlaw-Kilmacthomas, Waterford",Number,5338
General Health of Population,2022,Males,Very Good,"Lismore, Waterford",Number,3142
General Health of Population,2022,Males,Very Good,"Tramore-Waterford City West, Waterford",Number,6149
General Health of Population,2022,Males,Very Good,"Waterford City South, Waterford",Number,5843
General Health of Population,2022,Males,Very Good,"Waterford City East, Waterford",Number,6723
General Health of Population,2022,Males,Very Good,"Athlone, Westmeath",Number,6108
General Health of Population,2022,Males,Very Good,"Moate, Westmeath",Number,5450
General Health of Population,2022,Males,Very Good,"Kinnegad, Westmeath",Number,6314
General Health of Population,2022,Males,Very Good,"Mullingar, Westmeath",Number,7170
General Health of Population,2022,Males,Very Good,"Gorey, Wexford",Number,8400
General Health of Population,2022,Males,Very Good,"Kilmuckridge, Wexford",Number,5019
General Health of Population,2022,Males,Very Good,"New Ross, Wexford",Number,7860
General Health of Population,2022,Males,Very Good,"Rosslare, Wexford",Number,6051
General Health of Population,2022,Males,Very Good,"Wexford, Wexford",Number,8006
General Health of Population,2022,Males,Very Good,"Enniscorthy, Wexford",Number,7418
General Health of Population,2022,Males,Very Good,"Baltinglass, Wicklow",Number,7815
General Health of Population,2022,Males,Very Good,"Bray West, Wicklow",Number,5231
General Health of Population,2022,Males,Very Good,"Greystones, Wicklow",Number,9124
General Health of Population,2022,Males,Very Good,"Wicklow, Wicklow",Number,9293
General Health of Population,2022,Males,Very Good,"Arklow, Wicklow",Number,7357
General Health of Population,2022,Males,Very Good,"Bray East, Wicklow",Number,4328
General Health of Population,2022,Males,Very Good,"Rush-Lusk, Fingal",Number,11777
General Health of Population,2022,Males,Very Good,"Swords, Fingal",Number,12876
General Health of Population,2022,Males,Very Good,"Blanchardstown-Mulhuddart, Fingal",Number,10039
General Health of Population,2022,Males,Very Good,"Castleknock, Fingal",Number,13389
General Health of Population,2022,Males,Very Good,"Howth-Malahide, Fingal",Number,20118
General Health of Population,2022,Males,Very Good,"Stillorgan, Dún Laoghaire-Rathdown",Number,10120
General Health of Population,2022,Males,Very Good,"Dundrum, Dún Laoghaire-Rathdown",Number,9350
General Health of Population,2022,Males,Very Good,"Glencullen-Sandyford, Dún Laoghaire-Rathdown",Number,14650
General Health of Population,2022,Males,Very Good,"Killiney-Shankill, Dún Laoghaire-Rathdown",Number,11043
General Health of Population,2022,Males,Very Good,"Dún Laoghaire, Dún Laoghaire-Rathdown",Number,13356
General Health of Population,2022,Males,Very Good,"Blackrock, Dún Laoghaire-Rathdown",Number,10222
General Health of Population,2022,Males,Very Good,"Lucan, South Dublin",Number,16009
General Health of Population,2022,Males,Very Good,"Tallaght Central, South Dublin",Number,8260
General Health of Population,2022,Males,Very Good,"Rathfarnham-Templeogue, South Dublin",Number,15086
General Health of Population,2022,Males,Very Good,"Firhouse-Bohernabreena, South Dublin",Number,11290
General Health of Population,2022,Males,Very Good,"Tallaght South, South Dublin",Number,10971
General Health of Population,2022,Males,Very Good,"Clondalkin, South Dublin",Number,12951
General Health of Population,2022,Males,Very Good,"Balbriggan, Fingal",Number,10948
General Health of Population,2022,Males,Very Good,"Ongar, Fingal",Number,11944
General Health of Population,2022,Males,Very Good,"Palmerstown-Fonthill, South Dublin",Number,5126
General Health of Population,2022,Males,Very Good,"Ballymun-Finglas, Dublin City",Number,11918
General Health of Population,2022,Males,Very Good,"Cabra-Glasnevin, Dublin City",Number,15374
General Health of Population,2022,Males,Very Good,"Ballyfermot-Drimnagh, Dublin City",Number,10396
General Health of Population,2022,Males,Very Good,"Kimmage-Rathmines, Dublin City",Number,15434
General Health of Population,2022,Males,Very Good,"Pembroke, Dublin City",Number,12560
General Health of Population,2022,Males,Very Good,"South East Inner City, Dublin City",Number,9959
General Health of Population,2022,Males,Very Good,"North Inner City, Dublin City",Number,15070
General Health of Population,2022,Males,Very Good,"Clontarf, Dublin City",Number,16049
General Health of Population,2022,Males,Very Good,"Donaghmede, Dublin City",Number,12081
General Health of Population,2022,Males,Very Good,"Artane-Whitehall, Dublin City",Number,12135
General Health of Population,2022,Males,Very Good,"South West Inner City, Dublin City",Number,10151
General Health of Population,2022,Males,Very Good,"Ennistimon, Clare",Number,4324
General Health of Population,2022,Males,Very Good,"Killaloe, Clare",Number,5892
General Health of Population,2022,Males,Very Good,"Shannon, Clare",Number,8495
General Health of Population,2022,Males,Very Good,"Ennis, Clare",Number,8493
General Health of Population,2022,Males,Very Good,"Kilrush, Clare",Number,5475
General Health of Population,2022,Males,Very Good,"Kanturk, Cork County",Number,7102
General Health of Population,2022,Males,Very Good,"Fermoy, Cork County",Number,10931
General Health of Population,2022,Males,Very Good,"Midleton, Cork County",Number,13685
General Health of Population,2022,Males,Very Good,"Carrigaline, Cork County",Number,11952
General Health of Population,2022,Males,Very Good,"Cobh, Cork County",Number,11089
General Health of Population,2022,Males,Very Good,"Bandon-Kinsale, Cork County",Number,11828
General Health of Population,2022,Males,Very Good,"Bantry-West Cork, Cork County",Number,6126
General Health of Population,2022,Males,Very Good,"Skibbereen-West Cork, Cork County",Number,8943
General Health of Population,2022,Males,Very Good,"Macroom, Cork County",Number,12224
General Health of Population,2022,Males,Very Good,"Mallow, Cork County",Number,8608
General Health of Population,2022,Males,Very Good,"Cork City North West, Cork City",Number,9805
General Health of Population,2022,Males,Very Good,"Cork City North East, Cork City",Number,11432
General Health of Population,2022,Males,Very Good,"Cork City South East, Cork City",Number,12881
General Health of Population,2022,Males,Very Good,"Cork City South Central, Cork City",Number,9807
General Health of Population,2022,Males,Very Good,"Cork City South West, Cork City",Number,13716
General Health of Population,2022,Males,Very Good,"Glenties, Donegal",Number,6091
General Health of Population,2022,Males,Very Good,"Milford, Donegal",Number,3778
General Health of Population,2022,Males,Very Good,"Carndonagh, Donegal",Number,4615
General Health of Population,2022,Males,Very Good,"Buncrana, Donegal",Number,5941
General Health of Population,2022,Males,Very Good,"Donegal, Donegal",Number,7170
General Health of Population,2022,Males,Very Good,"Letterkenny, Donegal",Number,8546
General Health of Population,2022,Males,Very Good,"Lifford-Stranorlar, Donegal",Number,6820
General Health of Population,2022,Males,Very Good,"Conamara North, Galway County",Number,4486
General Health of Population,2022,Males,Very Good,"Tuam, Galway County",Number,9385
General Health of Population,2022,Males,Very Good,"Ballinasloe, Galway County",Number,7880
General Health of Population,2022,Males,Very Good,"Loughrea, Galway County",Number,6773
General Health of Population,2022,Males,Very Good,"Athenry-Oranmore, Galway County",Number,10251
General Health of Population,2022,Males,Very Good,"Gort-Kinvara, Galway County",Number,7566
General Health of Population,2022,Males,Very Good,"Conamara South, Galway County",Number,6505
General Health of Population,2022,Males,Very Good,"Galway City West, Galway City",Number,6885
General Health of Population,2022,Males,Very Good,"Galway City Central, Galway City",Number,6215
General Health of Population,2022,Males,Very Good,"Galway City East, Galway City",Number,6515
General Health of Population,2022,Males,Very Good,"Listowel, Kerry",Number,7541
General Health of Population,2022,Males,Very Good,"Castleisland, Kerry",Number,5010
General Health of Population,2022,Males,Very Good,"Killarney, Kerry",Number,8308
General Health of Population,2022,Males,Very Good,"Kenmare, Kerry",Number,7010
General Health of Population,2022,Males,Very Good,"Corca Dhuibhne, Kerry",Number,3963
General Health of Population,2022,Males,Very Good,"Tralee, Kerry",Number,8348
General Health of Population,2022,Males,Very Good,"Maynooth, Kildare",Number,10582
General Health of Population,2022,Males,Very Good,"Celbridge, Kildare",Number,6587
General Health of Population,2022,Males,Very Good,"Naas, Kildare",Number,13595
General Health of Population,2022,Males,Very Good,"Athy, Kildare",Number,7779
General Health of Population,2022,Males,Very Good,"Kildare, Kildare",Number,7963
General Health of Population,2022,Males,Very Good,"Clane, Kildare",Number,8666
General Health of Population,2022,Males,Very Good,"Leixlip, Kildare",Number,4727
General Health of Population,2022,Males,Very Good,"Newbridge, Kildare",Number,10651
General Health of Population,2022,Males,Very Good,"Castlecomer, Kilkenny",Number,7097
General Health of Population,2022,Males,Very Good,"Kilkenny, Kilkenny",Number,7583
General Health of Population,2022,Males,Very Good,"Piltown, Kilkenny",Number,6622
General Health of Population,2022,Males,Very Good,"Callan-Thomastown, Kilkenny",Number,7616
General Health of Population,2022,Males,Very Good,Ireland,Number,1362525
General Health of Population,2022,Males,Good,"Borris-In-Ossory-Mountmellick, Laois",Number,4032
General Health of Population,2022,Males,Good,"Portlaoise, Laois",Number,5344
General Health of Population,2022,Males,Good,"Graiguecullen -Portarlington, Laois",Number,4596
General Health of Population,2022,Males,Good,"Carlow, Carlow",Number,3880
General Health of Population,2022,Males,Good,"Tullow, Carlow",Number,2926
General Health of Population,2022,Males,Good,"Muinebeag, Carlow",Number,2494
General Health of Population,2022,Males,Good,"Manorhamilton, Leitrim",Number,1861
General Health of Population,2022,Males,Good,"Ballinamore, Leitrim",Number,1705
General Health of Population,2022,Males,Good,"Carrick-On-Shannon, Leitrim",Number,1886
General Health of Population,2022,Males,Good,"Newcastle West, Limerick",Number,4901
General Health of Population,2022,Males,Good,"Adare-Rathkeale, Limerick",Number,4423
General Health of Population,2022,Males,Good,"Cappamore-Kilmallock, Limerick",Number,5815
General Health of Population,2022,Males,Good,"Limerick City West, Limerick",Number,5372
General Health of Population,2022,Males,Good,"Limerick City North, Limerick",Number,5289
General Health of Population,2022,Males,Good,"Limerick City East, Limerick",Number,5494
General Health of Population,2022,Males,Good,"Granard, Longford",Number,1759
General Health of Population,2022,Males,Good,"Ballymahon, Longford",Number,2477
General Health of Population,2022,Males,Good,"Longford, Longford",Number,2571
General Health of Population,2022,Males,Good,"Dundalk-Carlingford, Louth",Number,3597
General Health of Population,2022,Males,Good,"Dundalk South, Louth",Number,5560
General Health of Population,2022,Males,Good,"Ardee, Louth",Number,3948
General Health of Population,2022,Males,Good,"Drogheda Rural, Louth",Number,2793
General Health of Population,2022,Males,Good,"Drogheda Urban, Louth",Number,4234
General Health of Population,2022,Males,Good,"Ballina, Mayo",Number,4108
General Health of Population,2022,Males,Good,"Claremorris, Mayo",Number,4780
General Health of Population,2022,Males,Good,"Castlebar, Mayo",Number,4840
General Health of Population,2022,Males,Good,"Belmullet, Mayo",Number,2171
General Health of Population,2022,Males,Good,"Westport, Mayo",Number,2995
General Health of Population,2022,Males,Good,"Swinford, Mayo",Number,3021
General Health of Population,2022,Males,Good,"Kells, Meath",Number,5368
General Health of Population,2022,Males,Good,"Laytown-Bettystown, Meath",Number,6047
General Health of Population,2022,Males,Good,"Ashbourne, Meath",Number,4994
General Health of Population,2022,Males,Good,"Ratoath, Meath",Number,5234
General Health of Population,2022,Males,Good,"Trim, Meath",Number,4912
General Health of Population,2022,Males,Good,"Navan, Meath",Number,5969
General Health of Population,2022,Males,Good,"Monaghan, Monaghan",Number,3571
General Health of Population,2022,Males,Good,"Carrickmacross-Castleblayney, Monaghan",Number,3489
General Health of Population,2022,Males,Good,"Ballybay-Clones, Monaghan",Number,2838
General Health of Population,2022,Males,Good,"Birr, Offaly",Number,4375
General Health of Population,2022,Males,Good,"Tullamore, Offaly",Number,4597
General Health of Population,2022,Males,Good,"Edenderry, Offaly",Number,3950
General Health of Population,2022,Males,Good,"Boyle, Roscommon",Number,3966
General Health of Population,2022,Males,Good,"Roscommon, Roscommon",Number,3873
General Health of Population,2022,Males,Good,"Athlone, Roscommon",Number,3063
General Health of Population,2022,Males,Good,"Ballymote-Tobercurry, Sligo",Number,4406
General Health of Population,2022,Males,Good,"Sligo-Drumcliff, Sligo",Number,2629
General Health of Population,2022,Males,Good,"Sligo-Strandhill, Sligo",Number,3302
General Health of Population,2022,Males,Good,"Cavan-Belturbet, Cavan",Number,4140
General Health of Population,2022,Males,Good,"Bailieborough-Cootehill, Cavan",Number,3647
General Health of Population,2022,Males,Good,"Ballyjamesduff, Cavan",Number,4264
General Health of Population,2022,Males,Good,"Nenagh, Tipperary",Number,3625
General Health of Population,2022,Males,Good,"Roscrea-Templemore, Tipperary",Number,2719
General Health of Population,2022,Males,Good,"Carrick-On-Suir, Tipperary",Number,2989
General Health of Population,2022,Males,Good,"Clonmel, Tipperary",Number,3807
General Health of Population,2022,Males,Good,"Cashel-Tipperary, Tipperary",Number,4572
General Health of Population,2022,Males,Good,"Newport, Tipperary",Number,2498
General Health of Population,2022,Males,Good,"Thurles, Tipperary",Number,3020
General Health of Population,2022,Males,Good,"Cahir, Tipperary",Number,2511
General Health of Population,2022,Males,Good,"Dungarvan, Waterford",Number,3374
General Health of Population,2022,Males,Good,"Portlaw-Kilmacthomas, Waterford",Number,2785
General Health of Population,2022,Males,Good,"Lismore, Waterford",Number,1857
General Health of Population,2022,Males,Good,"Tramore-Waterford City West, Waterford",Number,3566
General Health of Population,2022,Males,Good,"Waterford City South, Waterford",Number,3875
General Health of Population,2022,Males,Good,"Waterford City East, Waterford",Number,3308
General Health of Population,2022,Males,Good,"Athlone, Westmeath",Number,3674
General Health of Population,2022,Males,Good,"Moate, Westmeath",Number,3051
General Health of Population,2022,Males,Good,"Kinnegad, Westmeath",Number,3577
General Health of Population,2022,Males,Good,"Mullingar, Westmeath",Number,4056
General Health of Population,2022,Males,Good,"Gorey, Wexford",Number,4529
General Health of Population,2022,Males,Good,"Kilmuckridge, Wexford",Number,2765
General Health of Population,2022,Males,Good,"New Ross, Wexford",Number,4511
General Health of Population,2022,Males,Good,"Rosslare, Wexford",Number,3606
General Health of Population,2022,Males,Good,"Wexford, Wexford",Number,4687
General Health of Population,2022,Males,Good,"Enniscorthy, Wexford",Number,4378
General Health of Population,2022,Males,Good,"Baltinglass, Wicklow",Number,4204
General Health of Population,2022,Males,Good,"Bray West, Wicklow",Number,2525
General Health of Population,2022,Males,Good,"Greystones, Wicklow",Number,3889
General Health of Population,2022,Males,Good,"Wicklow, Wicklow",Number,4774
General Health of Population,2022,Males,Good,"Arklow, Wicklow",Number,4200
General Health of Population,2022,Males,Good,"Bray East, Wicklow",Number,2730
General Health of Population,2022,Males,Good,"Rush-Lusk, Fingal",Number,5674
General Health of Population,2022,Males,Good,"Swords, Fingal",Number,6957
General Health of Population,2022,Males,Good,"Blanchardstown-Mulhuddart, Fingal",Number,5621
General Health of Population,2022,Males,Good,"Castleknock, Fingal",Number,6465
General Health of Population,2022,Males,Good,"Howth-Malahide, Fingal",Number,9294
General Health of Population,2022,Males,Good,"Stillorgan, Dún Laoghaire-Rathdown",Number,3982
General Health of Population,2022,Males,Good,"Dundrum, Dún Laoghaire-Rathdown",Number,4292
General Health of Population,2022,Males,Good,"Glencullen-Sandyford, Dún Laoghaire-Rathdown",Number,6320
General Health of Population,2022,Males,Good,"Killiney-Shankill, Dún Laoghaire-Rathdown",Number,5635
General Health of Population,2022,Males,Good,"Dún Laoghaire, Dún Laoghaire-Rathdown",Number,6195
General Health of Population,2022,Males,Good,"Blackrock, Dún Laoghaire-Rathdown",Number,4177
General Health of Population,2022,Males,Good,"Lucan, South Dublin",Number,8028
General Health of Population,2022,Males,Good,"Tallaght Central, South Dublin",Number,5619
General Health of Population,2022,Males,Good,"Rathfarnham-Templeogue, South Dublin",Number,7347
General Health of Population,2022,Males,Good,"Firhouse-Bohernabreena, South Dublin",Number,4973
General Health of Population,2022,Males,Good,"Tallaght South, South Dublin",Number,6032
General Health of Population,2022,Males,Good,"Clondalkin, South Dublin",Number,7815
General Health of Population,2022,Males,Good,"Balbriggan, Fingal",Number,5838
General Health of Population,2022,Males,Good,"Ongar, Fingal",Number,6365
General Health of Population,2022,Males,Good,"Palmerstown-Fonthill, South Dublin",Number,3216
General Health of Population,2022,Males,Good,"Ballymun-Finglas, Dublin City",Number,7622
General Health of Population,2022,Males,Good,"Cabra-Glasnevin, Dublin City",Number,8598
General Health of Population,2022,Males,Good,"Ballyfermot-Drimnagh, Dublin City",Number,7054
General Health of Population,2022,Males,Good,"Kimmage-Rathmines, Dublin City",Number,7971
General Health of Population,2022,Males,Good,"Pembroke, Dublin City",Number,5209
General Health of Population,2022,Males,Good,"South East Inner City, Dublin City",Number,5312
General Health of Population,2022,Males,Good,"North Inner City, Dublin City",Number,9538
General Health of Population,2022,Males,Good,"Clontarf, Dublin City",Number,7614
General Health of Population,2022,Males,Good,"Donaghmede, Dublin City",Number,6891
General Health of Population,2022,Males,Good,"Artane-Whitehall, Dublin City",Number,7288
General Health of Population,2022,Males,Good,"South West Inner City, Dublin City",Number,5918
General Health of Population,2022,Males,Good,"Ennistimon, Clare",Number,2838
General Health of Population,2022,Males,Good,"Killaloe, Clare",Number,3092
General Health of Population,2022,Males,Good,"Shannon, Clare",Number,4926
General Health of Population,2022,Males,Good,"Ennis, Clare",Number,4970
General Health of Population,2022,Males,Good,"Kilrush, Clare",Number,3787
General Health of Population,2022,Males,Good,"Kanturk, Cork County",Number,4122
General Health of Population,2022,Males,Good,"Fermoy, Cork County",Number,5951
General Health of Population,2022,Males,Good,"Midleton, Cork County",Number,7182
General Health of Population,2022,Males,Good,"Carrigaline, Cork County",Number,5345
General Health of Population,2022,Males,Good,"Cobh, Cork County",Number,5241
General Health of Population,2022,Males,Good,"Bandon-Kinsale, Cork County",Number,5885
General Health of Population,2022,Males,Good,"Bantry-West Cork, Cork County",Number,3874
General Health of Population,2022,Males,Good,"Skibbereen-West Cork, Cork County",Number,4839
General Health of Population,2022,Males,Good,"Macroom, Cork County",Number,5728
General Health of Population,2022,Males,Good,"Mallow, Cork County",Number,4646
General Health of Population,2022,Males,Good,"Cork City North West, Cork City",Number,5979
General Health of Population,2022,Males,Good,"Cork City North East, Cork City",Number,6426
General Health of Population,2022,Males,Good,"Cork City South East, Cork City",Number,6128
General Health of Population,2022,Males,Good,"Cork City South Central, Cork City",Number,6023
General Health of Population,2022,Males,Good,"Cork City South West, Cork City",Number,7007
General Health of Population,2022,Males,Good,"Glenties, Donegal",Number,3769
General Health of Population,2022,Males,Good,"Milford, Donegal",Number,2224
General Health of Population,2022,Males,Good,"Carndonagh, Donegal",Number,2768
General Health of Population,2022,Males,Good,"Buncrana, Donegal",Number,3393
General Health of Population,2022,Males,Good,"Donegal, Donegal",Number,4527
General Health of Population,2022,Males,Good,"Letterkenny, Donegal",Number,4722
General Health of Population,2022,Males,Good,"Lifford-Stranorlar, Donegal",Number,4208
General Health of Population,2022,Males,Good,"Conamara North, Galway County",Number,2974
General Health of Population,2022,Males,Good,"Tuam, Galway County",Number,5559
General Health of Population,2022,Males,Good,"Ballinasloe, Galway County",Number,4670
General Health of Population,2022,Males,Good,"Loughrea, Galway County",Number,3809
General Health of Population,2022,Males,Good,"Athenry-Oranmore, Galway County",Number,5179
General Health of Population,2022,Males,Good,"Gort-Kinvara, Galway County",Number,3682
General Health of Population,2022,Males,Good,"Conamara South, Galway County",Number,3206
General Health of Population,2022,Males,Good,"Galway City West, Galway City",Number,3458
General Health of Population,2022,Males,Good,"Galway City Central, Galway City",Number,4182
General Health of Population,2022,Males,Good,"Galway City East, Galway City",Number,4376
General Health of Population,2022,Males,Good,"Listowel, Kerry",Number,4898
General Health of Population,2022,Males,Good,"Castleisland, Kerry",Number,2833
General Health of Population,2022,Males,Good,"Killarney, Kerry",Number,4757
General Health of Population,2022,Males,Good,"Kenmare, Kerry",Number,4312
General Health of Population,2022,Males,Good,"Corca Dhuibhne, Kerry",Number,2383
General Health of Population,2022,Males,Good,"Tralee, Kerry",Number,5295
General Health of Population,2022,Males,Good,"Maynooth, Kildare",Number,4759
General Health of Population,2022,Males,Good,"Celbridge, Kildare",Number,3367
General Health of Population,2022,Males,Good,"Naas, Kildare",Number,6526
General Health of Population,2022,Males,Good,"Athy, Kildare",Number,4242
General Health of Population,2022,Males,Good,"Kildare, Kildare",Number,4329
General Health of Population,2022,Males,Good,"Clane, Kildare",Number,4658
General Health of Population,2022,Males,Good,"Leixlip, Kildare",Number,2485
General Health of Population,2022,Males,Good,"Newbridge, Kildare",Number,5402
General Health of Population,2022,Males,Good,"Castlecomer, Kilkenny",Number,3775
General Health of Population,2022,Males,Good,"Kilkenny, Kilkenny",Number,4351
General Health of Population,2022,Males,Good,"Piltown, Kilkenny",Number,3439
General Health of Population,2022,Males,Good,"Callan-Thomastown, Kilkenny",Number,3983
General Health of Population,2022,Males,Good,Ireland,Number,748517
General Health of Population,2022,Males,Fair,"Borris-In-Ossory-Mountmellick, Laois",Number,1219
General Health of Population,2022,Males,Fair,"Portlaoise, Laois",Number,1460
General Health of Population,2022,Males,Fair,"Graiguecullen -Portarlington, Laois",Number,1244
General Health of Population,2022,Males,Fair,"Carlow, Carlow",Number,1226
General Health of Population,2022,Males,Fair,"Tullow, Carlow",Number,916
General Health of Population,2022,Males,Fair,"Muinebeag, Carlow",Number,783
General Health of Population,2022,Males,Fair,"Manorhamilton, Leitrim",Number,605
General Health of Population,2022,Males,Fair,"Ballinamore, Leitrim",Number,557
General Health of Population,2022,Males,Fair,"Carrick-On-Shannon, Leitrim",Number,661
General Health of Population,2022,Males,Fair,"Newcastle West, Limerick",Number,1360
General Health of Population,2022,Males,Fair,"Adare-Rathkeale, Limerick",Number,1235
General Health of Population,2022,Males,Fair,"Cappamore-Kilmallock, Limerick",Number,1729
General Health of Population,2022,Males,Fair,"Limerick City West, Limerick",Number,1543
General Health of Population,2022,Males,Fair,"Limerick City North, Limerick",Number,1791
General Health of Population,2022,Males,Fair,"Limerick City East, Limerick",Number,1571
General Health of Population,2022,Males,Fair,"Granard, Longford",Number,542
General Health of Population,2022,Males,Fair,"Ballymahon, Longford",Number,799
General Health of Population,2022,Males,Fair,"Longford, Longford",Number,896
General Health of Population,2022,Males,Fair,"Dundalk-Carlingford, Louth",Number,1255
General Health of Population,2022,Males,Fair,"Dundalk South, Louth",Number,1667
General Health of Population,2022,Males,Fair,"Ardee, Louth",Number,1200
General Health of Population,2022,Males,Fair,"Drogheda Rural, Louth",Number,777
General Health of Population,2022,Males,Fair,"Drogheda Urban, Louth",Number,1486
General Health of Population,2022,Males,Fair,"Ballina, Mayo",Number,1393
General Health of Population,2022,Males,Fair,"Claremorris, Mayo",Number,1347
General Health of Population,2022,Males,Fair,"Castlebar, Mayo",Number,1390
General Health of Population,2022,Males,Fair,"Belmullet, Mayo",Number,893
General Health of Population,2022,Males,Fair,"Westport, Mayo",Number,821
General Health of Population,2022,Males,Fair,"Swinford, Mayo",Number,1047
General Health of Population,2022,Males,Fair,"Kells, Meath",Number,1531
General Health of Population,2022,Males,Fair,"Laytown-Bettystown, Meath",Number,1466
General Health of Population,2022,Males,Fair,"Ashbourne, Meath",Number,1142
General Health of Population,2022,Males,Fair,"Ratoath, Meath",Number,1174
General Health of Population,2022,Males,Fair,"Trim, Meath",Number,1282
General Health of Population,2022,Males,Fair,"Navan, Meath",Number,1544
General Health of Population,2022,Males,Fair,"Monaghan, Monaghan",Number,980
General Health of Population,2022,Males,Fair,"Carrickmacross-Castleblayney, Monaghan",Number,1038
General Health of Population,2022,Males,Fair,"Ballybay-Clones, Monaghan",Number,852
General Health of Population,2022,Males,Fair,"Birr, Offaly",Number,1302
General Health of Population,2022,Males,Fair,"Tullamore, Offaly",Number,1306
General Health of Population,2022,Males,Fair,"Edenderry, Offaly",Number,1124
General Health of Population,2022,Males,Fair,"Boyle, Roscommon",Number,1355
General Health of Population,2022,Males,Fair,"Roscommon, Roscommon",Number,1224
General Health of Population,2022,Males,Fair,"Athlone, Roscommon",Number,806
General Health of Population,2022,Males,Fair,"Ballymote-Tobercurry, Sligo",Number,1428
General Health of Population,2022,Males,Fair,"Sligo-Drumcliff, Sligo",Number,714
General Health of Population,2022,Males,Fair,"Sligo-Strandhill, Sligo",Number,1159
General Health of Population,2022,Males,Fair,"Cavan-Belturbet, Cavan",Number,1363
General Health of Population,2022,Males,Fair,"Bailieborough-Cootehill, Cavan",Number,1043
General Health of Population,2022,Males,Fair,"Ballyjamesduff, Cavan",Number,1231
General Health of Population,2022,Males,Fair,"Nenagh, Tipperary",Number,1134
General Health of Population,2022,Males,Fair,"Roscrea-Templemore, Tipperary",Number,842
General Health of Population,2022,Males,Fair,"Carrick-On-Suir, Tipperary",Number,1057
General Health of Population,2022,Males,Fair,"Clonmel, Tipperary",Number,1167
General Health of Population,2022,Males,Fair,"Cashel-Tipperary, Tipperary",Number,1410
General Health of Population,2022,Males,Fair,"Newport, Tipperary",Number,682
General Health of Population,2022,Males,Fair,"Thurles, Tipperary",Number,1040
General Health of Population,2022,Males,Fair,"Cahir, Tipperary",Number,696
General Health of Population,2022,Males,Fair,"Dungarvan, Waterford",Number,977
General Health of Population,2022,Males,Fair,"Portlaw-Kilmacthomas, Waterford",Number,765
General Health of Population,2022,Males,Fair,"Lismore, Waterford",Number,483
General Health of Population,2022,Males,Fair,"Tramore-Waterford City West, Waterford",Number,1093
General Health of Population,2022,Males,Fair,"Waterford City South, Waterford",Number,1306
General Health of Population,2022,Males,Fair,"Waterford City East, Waterford",Number,932
General Health of Population,2022,Males,Fair,"Athlone, Westmeath",Number,1057
General Health of Population,2022,Males,Fair,"Moate, Westmeath",Number,842
General Health of Population,2022,Males,Fair,"Kinnegad, Westmeath",Number,1039
General Health of Population,2022,Males,Fair,"Mullingar, Westmeath",Number,1197
General Health of Population,2022,Males,Fair,"Gorey, Wexford",Number,1359
General Health of Population,2022,Males,Fair,"Kilmuckridge, Wexford",Number,848
General Health of Population,2022,Males,Fair,"New Ross, Wexford",Number,1434
General Health of Population,2022,Males,Fair,"Rosslare, Wexford",Number,1077
General Health of Population,2022,Males,Fair,"Wexford, Wexford",Number,1521
General Health of Population,2022,Males,Fair,"Enniscorthy, Wexford",Number,1446
General Health of Population,2022,Males,Fair,"Baltinglass, Wicklow",Number,1138
General Health of Population,2022,Males,Fair,"Bray West, Wicklow",Number,697
General Health of Population,2022,Males,Fair,"Greystones, Wicklow",Number,942
General Health of Population,2022,Males,Fair,"Wicklow, Wicklow",Number,1249
General Health of Population,2022,Males,Fair,"Arklow, Wicklow",Number,1284
General Health of Population,2022,Males,Fair,"Bray East, Wicklow",Number,834
General Health of Population,2022,Males,Fair,"Rush-Lusk, Fingal",Number,1337
General Health of Population,2022,Males,Fair,"Swords, Fingal",Number,1633
General Health of Population,2022,Males,Fair,"Blanchardstown-Mulhuddart, Fingal",Number,1282
General Health of Population,2022,Males,Fair,"Castleknock, Fingal",Number,1455
General Health of Population,2022,Males,Fair,"Howth-Malahide, Fingal",Number,2301
General Health of Population,2022,Males,Fair,"Stillorgan, Dún Laoghaire-Rathdown",Number,810
General Health of Population,2022,Males,Fair,"Dundrum, Dún Laoghaire-Rathdown",Number,1152
General Health of Population,2022,Males,Fair,"Glencullen-Sandyford, Dún Laoghaire-Rathdown",Number,1381
General Health of Population,2022,Males,Fair,"Killiney-Shankill, Dún Laoghaire-Rathdown",Number,1470
General Health of Population,2022,Males,Fair,"Dún Laoghaire, Dún Laoghaire-Rathdown",Number,1708
General Health of Population,2022,Males,Fair,"Blackrock, Dún Laoghaire-Rathdown",Number,1010
General Health of Population,2022,Males,Fair,"Lucan, South Dublin",Number,1645
General Health of Population,2022,Males,Fair,"Tallaght Central, South Dublin",Number,1722
General Health of Population,2022,Males,Fair,"Rathfarnham-Templeogue, South Dublin",Number,1912
General Health of Population,2022,Males,Fair,"Firhouse-Bohernabreena, South Dublin",Number,1150
General Health of Population,2022,Males,Fair,"Tallaght South, South Dublin",Number,1778
General Health of Population,2022,Males,Fair,"Clondalkin, South Dublin",Number,2099
General Health of Population,2022,Males,Fair,"Balbriggan, Fingal",Number,1590
General Health of Population,2022,Males,Fair,"Ongar, Fingal",Number,1295
General Health of Population,2022,Males,Fair,"Palmerstown-Fonthill, South Dublin",Number,1053
General Health of Population,2022,Males,Fair,"Ballymun-Finglas, Dublin City",Number,2604
General Health of Population,2022,Males,Fair,"Cabra-Glasnevin, Dublin City",Number,2485
General Health of Population,2022,Males,Fair,"Ballyfermot-Drimnagh, Dublin City",Number,2459
General Health of Population,2022,Males,Fair,"Kimmage-Rathmines, Dublin City",Number,2442
General Health of Population,2022,Males,Fair,"Pembroke, Dublin City",Number,1217
General Health of Population,2022,Males,Fair,"South East Inner City, Dublin City",Number,1520
General Health of Population,2022,Males,Fair,"North Inner City, Dublin City",Number,2743
General Health of Population,2022,Males,Fair,"Clontarf, Dublin City",Number,2149
General Health of Population,2022,Males,Fair,"Donaghmede, Dublin City",Number,2005
General Health of Population,2022,Males,Fair,"Artane-Whitehall, Dublin City",Number,2470
General Health of Population,2022,Males,Fair,"South West Inner City, Dublin City",Number,1853
General Health of Population,2022,Males,Fair,"Ennistimon, Clare",Number,791
General Health of Population,2022,Males,Fair,"Killaloe, Clare",Number,812
General Health of Population,2022,Males,Fair,"Shannon, Clare",Number,1295
General Health of Population,2022,Males,Fair,"Ennis, Clare",Number,1462
General Health of Population,2022,Males,Fair,"Kilrush, Clare",Number,1180
General Health of Population,2022,Males,Fair,"Kanturk, Cork County",Number,1145
General Health of Population,2022,Males,Fair,"Fermoy, Cork County",Number,1544
General Health of Population,2022,Males,Fair,"Midleton, Cork County",Number,1830
General Health of Population,2022,Males,Fair,"Carrigaline, Cork County",Number,1191
General Health of Population,2022,Males,Fair,"Cobh, Cork County",Number,1332
General Health of Population,2022,Males,Fair,"Bandon-Kinsale, Cork County",Number,1354
General Health of Population,2022,Males,Fair,"Bantry-West Cork, Cork County",Number,1218
General Health of Population,2022,Males,Fair,"Skibbereen-West Cork, Cork County",Number,1361
General Health of Population,2022,Males,Fair,"Macroom, Cork County",Number,1263
General Health of Population,2022,Males,Fair,"Mallow, Cork County",Number,1317
General Health of Population,2022,Males,Fair,"Cork City North West, Cork City",Number,2111
General Health of Population,2022,Males,Fair,"Cork City North East, Cork City",Number,1796
General Health of Population,2022,Males,Fair,"Cork City South East, Cork City",Number,1589
General Health of Population,2022,Males,Fair,"Cork City South Central, Cork City",Number,1814
General Health of Population,2022,Males,Fair,"Cork City South West, Cork City",Number,1940
General Health of Population,2022,Males,Fair,"Glenties, Donegal",Number,1597
General Health of Population,2022,Males,Fair,"Milford, Donegal",Number,682
General Health of Population,2022,Males,Fair,"Carndonagh, Donegal",Number,912
General Health of Population,2022,Males,Fair,"Buncrana, Donegal",Number,1159
General Health of Population,2022,Males,Fair,"Donegal, Donegal",Number,1349
General Health of Population,2022,Males,Fair,"Letterkenny, Donegal",Number,1413
General Health of Population,2022,Males,Fair,"Lifford-Stranorlar, Donegal",Number,1561
General Health of Population,2022,Males,Fair,"Conamara North, Galway County",Number,979
General Health of Population,2022,Males,Fair,"Tuam, Galway County",Number,1576
General Health of Population,2022,Males,Fair,"Ballinasloe, Galway County",Number,1456
General Health of Population,2022,Males,Fair,"Loughrea, Galway County",Number,1132
General Health of Population,2022,Males,Fair,"Athenry-Oranmore, Galway County",Number,1288
General Health of Population,2022,Males,Fair,"Gort-Kinvara, Galway County",Number,911
General Health of Population,2022,Males,Fair,"Conamara South, Galway County",Number,1032
General Health of Population,2022,Males,Fair,"Galway City West, Galway City",Number,868
General Health of Population,2022,Males,Fair,"Galway City Central, Galway City",Number,1225
General Health of Population,2022,Males,Fair,"Galway City East, Galway City",Number,1209
General Health of Population,2022,Males,Fair,"Listowel, Kerry",Number,1404
General Health of Population,2022,Males,Fair,"Castleisland, Kerry",Number,767
General Health of Population,2022,Males,Fair,"Killarney, Kerry",Number,1205
General Health of Population,2022,Males,Fair,"Kenmare, Kerry",Number,1265
General Health of Population,2022,Males,Fair,"Corca Dhuibhne, Kerry",Number,684
General Health of Population,2022,Males,Fair,"Tralee, Kerry",Number,1648
General Health of Population,2022,Males,Fair,"Maynooth, Kildare",Number,1057
General Health of Population,2022,Males,Fair,"Celbridge, Kildare",Number,847
General Health of Population,2022,Males,Fair,"Naas, Kildare",Number,1496
General Health of Population,2022,Males,Fair,"Athy, Kildare",Number,1351
General Health of Population,2022,Males,Fair,"Kildare, Kildare",Number,1206
General Health of Population,2022,Males,Fair,"Clane, Kildare",Number,1182
General Health of Population,2022,Males,Fair,"Leixlip, Kildare",Number,635
General Health of Population,2022,Males,Fair,"Newbridge, Kildare",Number,1385
General Health of Population,2022,Males,Fair,"Castlecomer, Kilkenny",Number,1006
General Health of Population,2022,Males,Fair,"Kilkenny, Kilkenny",Number,1214
General Health of Population,2022,Males,Fair,"Piltown, Kilkenny",Number,904
General Health of Population,2022,Males,Fair,"Callan-Thomastown, Kilkenny",Number,1104
General Health of Population,2022,Males,Fair,Ireland,Number,212809
General Health of Population,2022,Males,Bad,"Borris-In-Ossory-Mountmellick, Laois",Number,187
General Health of Population,2022,Males,Bad,"Portlaoise, Laois",Number,254
General Health of Population,2022,Males,Bad,"Graiguecullen -Portarlington, Laois",Number,200
General Health of Population,2022,Males,Bad,"Carlow, Carlow",Number,227
General Health of Population,2022,Males,Bad,"Tullow, Carlow",Number,166
General Health of Population,2022,Males,Bad,"Muinebeag, Carlow",Number,111
General Health of Population,2022,Males,Bad,"Manorhamilton, Leitrim",Number,89
General Health of Population,2022,Males,Bad,"Ballinamore, Leitrim",Number,79
General Health of Population,2022,Males,Bad,"Carrick-On-Shannon, Leitrim",Number,109
General Health of Population,2022,Males,Bad,"Newcastle West, Limerick",Number,180
General Health of Population,2022,Males,Bad,"Adare-Rathkeale, Limerick",Number,203
General Health of Population,2022,Males,Bad,"Cappamore-Kilmallock, Limerick",Number,262
General Health of Population,2022,Males,Bad,"Limerick City West, Limerick",Number,292
General Health of Population,2022,Males,Bad,"Limerick City North, Limerick",Number,347
General Health of Population,2022,Males,Bad,"Limerick City East, Limerick",Number,258
General Health of Population,2022,Males,Bad,"Granard, Longford",Number,72
General Health of Population,2022,Males,Bad,"Ballymahon, Longford",Number,108
General Health of Population,2022,Males,Bad,"Longford, Longford",Number,154
General Health of Population,2022,Males,Bad,"Dundalk-Carlingford, Louth",Number,232
General Health of Population,2022,Males,Bad,"Dundalk South, Louth",Number,235
General Health of Population,2022,Males,Bad,"Ardee, Louth",Number,159
General Health of Population,2022,Males,Bad,"Drogheda Rural, Louth",Number,122
General Health of Population,2022,Males,Bad,"Drogheda Urban, Louth",Number,303
General Health of Population,2022,Males,Bad,"Ballina, Mayo",Number,211
General Health of Population,2022,Males,Bad,"Claremorris, Mayo",Number,178
General Health of Population,2022,Males,Bad,"Castlebar, Mayo",Number,219
General Health of Population,2022,Males,Bad,"Belmullet, Mayo",Number,126
General Health of Population,2022,Males,Bad,"Westport, Mayo",Number,119
General Health of Population,2022,Males,Bad,"Swinford, Mayo",Number,153
General Health of Population,2022,Males,Bad,"Kells, Meath",Number,229
General Health of Population,2022,Males,Bad,"Laytown-Bettystown, Meath",Number,244
General Health of Population,2022,Males,Bad,"Ashbourne, Meath",Number,167
General Health of Population,2022,Males,Bad,"Ratoath, Meath",Number,163
General Health of Population,2022,Males,Bad,"Trim, Meath",Number,190
General Health of Population,2022,Males,Bad,"Navan, Meath",Number,249
General Health of Population,2022,Males,Bad,"Monaghan, Monaghan",Number,128
General Health of Population,2022,Males,Bad,"Carrickmacross-Castleblayney, Monaghan",Number,151
General Health of Population,2022,Males,Bad,"Ballybay-Clones, Monaghan",Number,110
General Health of Population,2022,Males,Bad,"Birr, Offaly",Number,222
General Health of Population,2022,Males,Bad,"Tullamore, Offaly",Number,251
General Health of Population,2022,Males,Bad,"Edenderry, Offaly",Number,202
General Health of Population,2022,Males,Bad,"Boyle, Roscommon",Number,219
General Health of Population,2022,Males,Bad,"Roscommon, Roscommon",Number,184
General Health of Population,2022,Males,Bad,"Athlone, Roscommon",Number,105
General Health of Population,2022,Males,Bad,"Ballymote-Tobercurry, Sligo",Number,202
General Health of Population,2022,Males,Bad,"Sligo-Drumcliff, Sligo",Number,95
General Health of Population,2022,Males,Bad,"Sligo-Strandhill, Sligo",Number,214
General Health of Population,2022,Males,Bad,"Cavan-Belturbet, Cavan",Number,198
General Health of Population,2022,Males,Bad,"Bailieborough-Cootehill, Cavan",Number,170
General Health of Population,2022,Males,Bad,"Ballyjamesduff, Cavan",Number,173
General Health of Population,2022,Males,Bad,"Nenagh, Tipperary",Number,176
General Health of Population,2022,Males,Bad,"Roscrea-Templemore, Tipperary",Number,142
General Health of Population,2022,Males,Bad,"Carrick-On-Suir, Tipperary",Number,197
General Health of Population,2022,Males,Bad,"Clonmel, Tipperary",Number,210
General Health of Population,2022,Males,Bad,"Cashel-Tipperary, Tipperary",Number,243
General Health of Population,2022,Males,Bad,"Newport, Tipperary",Number,128
General Health of Population,2022,Males,Bad,"Thurles, Tipperary",Number,123
General Health of Population,2022,Males,Bad,"Cahir, Tipperary",Number,102
General Health of Population,2022,Males,Bad,"Dungarvan, Waterford",Number,142
General Health of Population,2022,Males,Bad,"Portlaw-Kilmacthomas, Waterford",Number,92
General Health of Population,2022,Males,Bad,"Lismore, Waterford",Number,61
General Health of Population,2022,Males,Bad,"Tramore-Waterford City West, Waterford",Number,198
General Health of Population,2022,Males,Bad,"Waterford City South, Waterford",Number,246
General Health of Population,2022,Males,Bad,"Waterford City East, Waterford",Number,136
General Health of Population,2022,Males,Bad,"Athlone, Westmeath",Number,186
General Health of Population,2022,Males,Bad,"Moate, Westmeath",Number,105
General Health of Population,2022,Males,Bad,"Kinnegad, Westmeath",Number,141
General Health of Population,2022,Males,Bad,"Mullingar, Westmeath",Number,180
General Health of Population,2022,Males,Bad,"Gorey, Wexford",Number,240
General Health of Population,2022,Males,Bad,"Kilmuckridge, Wexford",Number,112
General Health of Population,2022,Males,Bad,"New Ross, Wexford",Number,247
General Health of Population,2022,Males,Bad,"Rosslare, Wexford",Number,195
General Health of Population,2022,Males,Bad,"Wexford, Wexford",Number,299
General Health of Population,2022,Males,Bad,"Enniscorthy, Wexford",Number,220
General Health of Population,2022,Males,Bad,"Baltinglass, Wicklow",Number,186
General Health of Population,2022,Males,Bad,"Bray West, Wicklow",Number,116
General Health of Population,2022,Males,Bad,"Greystones, Wicklow",Number,160
General Health of Population,2022,Males,Bad,"Wicklow, Wicklow",Number,184
General Health of Population,2022,Males,Bad,"Arklow, Wicklow",Number,228
General Health of Population,2022,Males,Bad,"Bray East, Wicklow",Number,141
General Health of Population,2022,Males,Bad,"Rush-Lusk, Fingal",Number,193
General Health of Population,2022,Males,Bad,"Swords, Fingal",Number,258
General Health of Population,2022,Males,Bad,"Blanchardstown-Mulhuddart, Fingal",Number,192
General Health of Population,2022,Males,Bad,"Castleknock, Fingal",Number,226
General Health of Population,2022,Males,Bad,"Howth-Malahide, Fingal",Number,302
General Health of Population,2022,Males,Bad,"Stillorgan, Dún Laoghaire-Rathdown",Number,108
General Health of Population,2022,Males,Bad,"Dundrum, Dún Laoghaire-Rathdown",Number,184
General Health of Population,2022,Males,Bad,"Glencullen-Sandyford, Dún Laoghaire-Rathdown",Number,210
General Health of Population,2022,Males,Bad,"Killiney-Shankill, Dún Laoghaire-Rathdown",Number,220
General Health of Population,2022,Males,Bad,"Dún Laoghaire, Dún Laoghaire-Rathdown",Number,248
General Health of Population,2022,Males,Bad,"Blackrock, Dún Laoghaire-Rathdown",Number,132
General Health of Population,2022,Males,Bad,"Lucan, South Dublin",Number,252
General Health of Population,2022,Males,Bad,"Tallaght Central, South Dublin",Number,338
General Health of Population,2022,Males,Bad,"Rathfarnham-Templeogue, South Dublin",Number,279
General Health of Population,2022,Males,Bad,"Firhouse-Bohernabreena, South Dublin",Number,186
General Health of Population,2022,Males,Bad,"Tallaght South, South Dublin",Number,322
General Health of Population,2022,Males,Bad,"Clondalkin, South Dublin",Number,337
General Health of Population,2022,Males,Bad,"Balbriggan, Fingal",Number,274
General Health of Population,2022,Males,Bad,"Ongar, Fingal",Number,185
General Health of Population,2022,Males,Bad,"Palmerstown-Fonthill, South Dublin",Number,228
General Health of Population,2022,Males,Bad,"Ballymun-Finglas, Dublin City",Number,574
General Health of Population,2022,Males,Bad,"Cabra-Glasnevin, Dublin City",Number,484
General Health of Population,2022,Males,Bad,"Ballyfermot-Drimnagh, Dublin City",Number,494
General Health of Population,2022,Males,Bad,"Kimmage-Rathmines, Dublin City",Number,421
General Health of Population,2022,Males,Bad,"Pembroke, Dublin City",Number,199
General Health of Population,2022,Males,Bad,"South East Inner City, Dublin City",Number,277
General Health of Population,2022,Males,Bad,"North Inner City, Dublin City",Number,618
General Health of Population,2022,Males,Bad,"Clontarf, Dublin City",Number,345
General Health of Population,2022,Males,Bad,"Donaghmede, Dublin City",Number,342
General Health of Population,2022,Males,Bad,"Artane-Whitehall, Dublin City",Number,471
General Health of Population,2022,Males,Bad,"South West Inner City, Dublin City",Number,366
General Health of Population,2022,Males,Bad,"Ennistimon, Clare",Number,111
General Health of Population,2022,Males,Bad,"Killaloe, Clare",Number,120
General Health of Population,2022,Males,Bad,"Shannon, Clare",Number,226
General Health of Population,2022,Males,Bad,"Ennis, Clare",Number,245
General Health of Population,2022,Males,Bad,"Kilrush, Clare",Number,156
General Health of Population,2022,Males,Bad,"Kanturk, Cork County",Number,173
General Health of Population,2022,Males,Bad,"Fermoy, Cork County",Number,238
General Health of Population,2022,Males,Bad,"Midleton, Cork County",Number,256
General Health of Population,2022,Males,Bad,"Carrigaline, Cork County",Number,170
General Health of Population,2022,Males,Bad,"Cobh, Cork County",Number,214
General Health of Population,2022,Males,Bad,"Bandon-Kinsale, Cork County",Number,197
General Health of Population,2022,Males,Bad,"Bantry-West Cork, Cork County",Number,165
General Health of Population,2022,Males,Bad,"Skibbereen-West Cork, Cork County",Number,183
General Health of Population,2022,Males,Bad,"Macroom, Cork County",Number,168
General Health of Population,2022,Males,Bad,"Mallow, Cork County",Number,189
General Health of Population,2022,Males,Bad,"Cork City North West, Cork City",Number,393
General Health of Population,2022,Males,Bad,"Cork City North East, Cork City",Number,343
General Health of Population,2022,Males,Bad,"Cork City South East, Cork City",Number,236
General Health of Population,2022,Males,Bad,"Cork City South Central, Cork City",Number,322
General Health of Population,2022,Males,Bad,"Cork City South West, Cork City",Number,281
General Health of Population,2022,Males,Bad,"Glenties, Donegal",Number,237
General Health of Population,2022,Males,Bad,"Milford, Donegal",Number,77
General Health of Population,2022,Males,Bad,"Carndonagh, Donegal",Number,150
General Health of Population,2022,Males,Bad,"Buncrana, Donegal",Number,167
General Health of Population,2022,Males,Bad,"Donegal, Donegal",Number,208
General Health of Population,2022,Males,Bad,"Letterkenny, Donegal",Number,234
General Health of Population,2022,Males,Bad,"Lifford-Stranorlar, Donegal",Number,226
General Health of Population,2022,Males,Bad,"Conamara North, Galway County",Number,125
General Health of Population,2022,Males,Bad,"Tuam, Galway County",Number,213
General Health of Population,2022,Males,Bad,"Ballinasloe, Galway County",Number,211
General Health of Population,2022,Males,Bad,"Loughrea, Galway County",Number,158
General Health of Population,2022,Males,Bad,"Athenry-Oranmore, Galway County",Number,159
General Health of Population,2022,Males,Bad,"Gort-Kinvara, Galway County",Number,111
General Health of Population,2022,Males,Bad,"Conamara South, Galway County",Number,136
General Health of Population,2022,Males,Bad,"Galway City West, Galway City",Number,151
General Health of Population,2022,Males,Bad,"Galway City Central, Galway City",Number,207
General Health of Population,2022,Males,Bad,"Galway City East, Galway City",Number,193
General Health of Population,2022,Males,Bad,"Listowel, Kerry",Number,222
General Health of Population,2022,Males,Bad,"Castleisland, Kerry",Number,87
General Health of Population,2022,Males,Bad,"Killarney, Kerry",Number,182
General Health of Population,2022,Males,Bad,"Kenmare, Kerry",Number,166
General Health of Population,2022,Males,Bad,"Corca Dhuibhne, Kerry",Number,71
General Health of Population,2022,Males,Bad,"Tralee, Kerry",Number,270
General Health of Population,2022,Males,Bad,"Maynooth, Kildare",Number,138
General Health of Population,2022,Males,Bad,"Celbridge, Kildare",Number,92
General Health of Population,2022,Males,Bad,"Naas, Kildare",Number,228
General Health of Population,2022,Males,Bad,"Athy, Kildare",Number,222
General Health of Population,2022,Males,Bad,"Kildare, Kildare",Number,184
General Health of Population,2022,Males,Bad,"Clane, Kildare",Number,167
General Health of Population,2022,Males,Bad,"Leixlip, Kildare",Number,92
General Health of Population,2022,Males,Bad,"Newbridge, Kildare",Number,227
General Health of Population,2022,Males,Bad,"Castlecomer, Kilkenny",Number,170
General Health of Population,2022,Males,Bad,"Kilkenny, Kilkenny",Number,216
General Health of Population,2022,Males,Bad,"Piltown, Kilkenny",Number,101
General Health of Population,2022,Males,Bad,"Callan-Thomastown, Kilkenny",Number,160
General Health of Population,2022,Males,Bad,Ireland,Number,33966
General Health of Population,2022,Males,Very Bad,"Borris-In-Ossory-Mountmellick, Laois",Number,41
General Health of Population,2022,Males,Very Bad,"Portlaoise, Laois",Number,57
General Health of Population,2022,Males,Very Bad,"Graiguecullen -Portarlington, Laois",Number,37
General Health of Population,2022,Males,Very Bad,"Carlow, Carlow",Number,55
General Health of Population,2022,Males,Very Bad,"Tullow, Carlow",Number,32
General Health of Population,2022,Males,Very Bad,"Muinebeag, Carlow",Number,19
General Health of Population,2022,Males,Very Bad,"Manorhamilton, Leitrim",Number,14
General Health of Population,2022,Males,Very Bad,"Ballinamore, Leitrim",Number,8
General Health of Population,2022,Males,Very Bad,"Carrick-On-Shannon, Leitrim",Number,16
General Health of Population,2022,Males,Very Bad,"Newcastle West, Limerick",Number,40
General Health of Population,2022,Males,Very Bad,"Adare-Rathkeale, Limerick",Number,44
General Health of Population,2022,Males,Very Bad,"Cappamore-Kilmallock, Limerick",Number,63
General Health of Population,2022,Males,Very Bad,"Limerick City West, Limerick",Number,66
General Health of Population,2022,Males,Very Bad,"Limerick City North, Limerick",Number,89
General Health of Population,2022,Males,Very Bad,"Limerick City East, Limerick",Number,74
General Health of Population,2022,Males,Very Bad,"Granard, Longford",Number,15
General Health of Population,2022,Males,Very Bad,"Ballymahon, Longford",Number,27
General Health of Population,2022,Males,Very Bad,"Longford, Longford",Number,43
General Health of Population,2022,Males,Very Bad,"Dundalk-Carlingford, Louth",Number,56
General Health of Population,2022,Males,Very Bad,"Dundalk South, Louth",Number,71
General Health of Population,2022,Males,Very Bad,"Ardee, Louth",Number,41
General Health of Population,2022,Males,Very Bad,"Drogheda Rural, Louth",Number,29
General Health of Population,2022,Males,Very Bad,"Drogheda Urban, Louth",Number,50
General Health of Population,2022,Males,Very Bad,"Ballina, Mayo",Number,41
General Health of Population,2022,Males,Very Bad,"Claremorris, Mayo",Number,46
General Health of Population,2022,Males,Very Bad,"Castlebar, Mayo",Number,38
General Health of Population,2022,Males,Very Bad,"Belmullet, Mayo",Number,27
General Health of Population,2022,Males,Very Bad,"Westport, Mayo",Number,24
General Health of Population,2022,Males,Very Bad,"Swinford, Mayo",Number,30
General Health of Population,2022,Males,Very Bad,"Kells, Meath",Number,54
General Health of Population,2022,Males,Very Bad,"Laytown-Bettystown, Meath",Number,60
General Health of Population,2022,Males,Very Bad,"Ashbourne, Meath",Number,32
General Health of Population,2022,Males,Very Bad,"Ratoath, Meath",Number,29
General Health of Population,2022,Males,Very Bad,"Trim, Meath",Number,55
General Health of Population,2022,Males,Very Bad,"Navan, Meath",Number,65
General Health of Population,2022,Males,Very Bad,"Monaghan, Monaghan",Number,27
General Health of Population,2022,Males,Very Bad,"Carrickmacross-Castleblayney, Monaghan",Number,41
General Health of Population,2022,Males,Very Bad,"Ballybay-Clones, Monaghan",Number,29
General Health of Population,2022,Males,Very Bad,"Birr, Offaly",Number,52
General Health of Population,2022,Males,Very Bad,"Tullamore, Offaly",Number,51
General Health of Population,2022,Males,Very Bad,"Edenderry, Offaly",Number,41
General Health of Population,2022,Males,Very Bad,"Boyle, Roscommon",Number,43
General Health of Population,2022,Males,Very Bad,"Roscommon, Roscommon",Number,52
General Health of Population,2022,Males,Very Bad,"Athlone, Roscommon",Number,29
General Health of Population,2022,Males,Very Bad,"Ballymote-Tobercurry, Sligo",Number,44
General Health of Population,2022,Males,Very Bad,"Sligo-Drumcliff, Sligo",Number,18
General Health of Population,2022,Males,Very Bad,"Sligo-Strandhill, Sligo",Number,48
General Health of Population,2022,Males,Very Bad,"Cavan-Belturbet, Cavan",Number,47
General Health of Population,2022,Males,Very Bad,"Bailieborough-Cootehill, Cavan",Number,46
General Health of Population,2022,Males,Very Bad,"Ballyjamesduff, Cavan",Number,34
General Health of Population,2022,Males,Very Bad,"Nenagh, Tipperary",Number,40
General Health of Population,2022,Males,Very Bad,"Roscrea-Templemore, Tipperary",Number,33
General Health of Population,2022,Males,Very Bad,"Carrick-On-Suir, Tipperary",Number,54
General Health of Population,2022,Males,Very Bad,"Clonmel, Tipperary",Number,46
General Health of Population,2022,Males,Very Bad,"Cashel-Tipperary, Tipperary",Number,41
General Health of Population,2022,Males,Very Bad,"Newport, Tipperary",Number,23
General Health of Population,2022,Males,Very Bad,"Thurles, Tipperary",Number,37
General Health of Population,2022,Males,Very Bad,"Cahir, Tipperary",Number,27
General Health of Population,2022,Males,Very Bad,"Dungarvan, Waterford",Number,41
General Health of Population,2022,Males,Very Bad,"Portlaw-Kilmacthomas, Waterford",Number,26
General Health of Population,2022,Males,Very Bad,"Lismore, Waterford",Number,23
General Health of Population,2022,Males,Very Bad,"Tramore-Waterford City West, Waterford",Number,54
General Health of Population,2022,Males,Very Bad,"Waterford City South, Waterford",Number,55
General Health of Population,2022,Males,Very Bad,"Waterford City East, Waterford",Number,32
General Health of Population,2022,Males,Very Bad,"Athlone, Westmeath",Number,34
General Health of Population,2022,Males,Very Bad,"Moate, Westmeath",Number,38
General Health of Population,2022,Males,Very Bad,"Kinnegad, Westmeath",Number,26
General Health of Population,2022,Males,Very Bad,"Mullingar, Westmeath",Number,27
General Health of Population,2022,Males,Very Bad,"Gorey, Wexford",Number,52
General Health of Population,2022,Males,Very Bad,"Kilmuckridge, Wexford",Number,29
General Health of Population,2022,Males,Very Bad,"New Ross, Wexford",Number,55
General Health of Population,2022,Males,Very Bad,"Rosslare, Wexford",Number,34
General Health of Population,2022,Males,Very Bad,"Wexford, Wexford",Number,66
General Health of Population,2022,Males,Very Bad,"Enniscorthy, Wexford",Number,67
General Health of Population,2022,Males,Very Bad,"Baltinglass, Wicklow",Number,47
General Health of Population,2022,Males,Very Bad,"Bray West, Wicklow",Number,32
General Health of Population,2022,Males,Very Bad,"Greystones, Wicklow",Number,33
General Health of Population,2022,Males,Very Bad,"Wicklow, Wicklow",Number,53
General Health of Population,2022,Males,Very Bad,"Arklow, Wicklow",Number,46
General Health of Population,2022,Males,Very Bad,"Bray East, Wicklow",Number,35
General Health of Population,2022,Males,Very Bad,"Rush-Lusk, Fingal",Number,38
General Health of Population,2022,Males,Very Bad,"Swords, Fingal",Number,68
General Health of Population,2022,Males,Very Bad,"Blanchardstown-Mulhuddart, Fingal",Number,50
General Health of Population,2022,Males,Very Bad,"Castleknock, Fingal",Number,45
General Health of Population,2022,Males,Very Bad,"Howth-Malahide, Fingal",Number,62
General Health of Population,2022,Males,Very Bad,"Stillorgan, Dún Laoghaire-Rathdown",Number,30
General Health of Population,2022,Males,Very Bad,"Dundrum, Dún Laoghaire-Rathdown",Number,41
General Health of Population,2022,Males,Very Bad,"Glencullen-Sandyford, Dún Laoghaire-Rathdown",Number,40
General Health of Population,2022,Males,Very Bad,"Killiney-Shankill, Dún Laoghaire-Rathdown",Number,53
General Health of Population,2022,Males,Very Bad,"Dún Laoghaire, Dún Laoghaire-Rathdown",Number,75
General Health of Population,2022,Males,Very Bad,"Blackrock, Dún Laoghaire-Rathdown",Number,29
General Health of Population,2022,Males,Very Bad,"Lucan, South Dublin",Number,50
General Health of Population,2022,Males,Very Bad,"Tallaght Central, South Dublin",Number,81
General Health of Population,2022,Males,Very Bad,"Rathfarnham-Templeogue, South Dublin",Number,66
General Health of Population,2022,Males,Very Bad,"Firhouse-Bohernabreena, South Dublin",Number,45
General Health of Population,2022,Males,Very Bad,"Tallaght South, South Dublin",Number,74
General Health of Population,2022,Males,Very Bad,"Clondalkin, South Dublin",Number,99
General Health of Population,2022,Males,Very Bad,"Balbriggan, Fingal",Number,60
General Health of Population,2022,Males,Very Bad,"Ongar, Fingal",Number,37
General Health of Population,2022,Males,Very Bad,"Palmerstown-Fonthill, South Dublin",Number,62
General Health of Population,2022,Males,Very Bad,"Ballymun-Finglas, Dublin City",Number,145
General Health of Population,2022,Males,Very Bad,"Cabra-Glasnevin, Dublin City",Number,97
General Health of Population,2022,Males,Very Bad,"Ballyfermot-Drimnagh, Dublin City",Number,117
General Health of Population,2022,Males,Very Bad,"Kimmage-Rathmines, Dublin City",Number,96
General Health of Population,2022,Males,Very Bad,"Pembroke, Dublin City",Number,55
General Health of Population,2022,Males,Very Bad,"South East Inner City, Dublin City",Number,69
General Health of Population,2022,Males,Very Bad,"North Inner City, Dublin City",Number,134
General Health of Population,2022,Males,Very Bad,"Clontarf, Dublin City",Number,81
General Health of Population,2022,Males,Very Bad,"Donaghmede, Dublin City",Number,96
General Health of Population,2022,Males,Very Bad,"Artane-Whitehall, Dublin City",Number,111
General Health of Population,2022,Males,Very Bad,"South West Inner City, Dublin City",Number,67
General Health of Population,2022,Males,Very Bad,"Ennistimon, Clare",Number,30
General Health of Population,2022,Males,Very Bad,"Killaloe, Clare",Number,31
General Health of Population,2022,Males,Very Bad,"Shannon, Clare",Number,57
General Health of Population,2022,Males,Very Bad,"Ennis, Clare",Number,62
General Health of Population,2022,Males,Very Bad,"Kilrush, Clare",Number,31
General Health of Population,2022,Males,Very Bad,"Kanturk, Cork County",Number,39
General Health of Population,2022,Males,Very Bad,"Fermoy, Cork County",Number,62
General Health of Population,2022,Males,Very Bad,"Midleton, Cork County",Number,72
General Health of Population,2022,Males,Very Bad,"Carrigaline, Cork County",Number,40
General Health of Population,2022,Males,Very Bad,"Cobh, Cork County",Number,54
General Health of Population,2022,Males,Very Bad,"Bandon-Kinsale, Cork County",Number,40
General Health of Population,2022,Males,Very Bad,"Bantry-West Cork, Cork County",Number,50
General Health of Population,2022,Males,Very Bad,"Skibbereen-West Cork, Cork County",Number,44
General Health of Population,2022,Males,Very Bad,"Macroom, Cork County",Number,43
General Health of Population,2022,Males,Very Bad,"Mallow, Cork County",Number,38
General Health of Population,2022,Males,Very Bad,"Cork City North West, Cork City",Number,86
General Health of Population,2022,Males,Very Bad,"Cork City North East, Cork City",Number,76
General Health of Population,2022,Males,Very Bad,"Cork City South East, Cork City",Number,54
General Health of Population,2022,Males,Very Bad,"Cork City South Central, Cork City",Number,66
General Health of Population,2022,Males,Very Bad,"Cork City South West, Cork City",Number,74
General Health of Population,2022,Males,Very Bad,"Glenties, Donegal",Number,65
General Health of Population,2022,Males,Very Bad,"Milford, Donegal",Number,26
General Health of Population,2022,Males,Very Bad,"Carndonagh, Donegal",Number,36
General Health of Population,2022,Males,Very Bad,"Buncrana, Donegal",Number,43
General Health of Population,2022,Males,Very Bad,"Donegal, Donegal",Number,30
General Health of Population,2022,Males,Very Bad,"Letterkenny, Donegal",Number,60
General Health of Population,2022,Males,Very Bad,"Lifford-Stranorlar, Donegal",Number,53
General Health of Population,2022,Males,Very Bad,"Conamara North, Galway County",Number,35
General Health of Population,2022,Males,Very Bad,"Tuam, Galway County",Number,50
General Health of Population,2022,Males,Very Bad,"Ballinasloe, Galway County",Number,70
General Health of Population,2022,Males,Very Bad,"Loughrea, Galway County",Number,26
General Health of Population,2022,Males,Very Bad,"Athenry-Oranmore, Galway County",Number,34
General Health of Population,2022,Males,Very Bad,"Gort-Kinvara, Galway County",Number,25
General Health of Population,2022,Males,Very Bad,"Conamara South, Galway County",Number,38
General Health of Population,2022,Males,Very Bad,"Galway City West, Galway City",Number,30
General Health of Population,2022,Males,Very Bad,"Galway City Central, Galway City",Number,38
General Health of Population,2022,Males,Very Bad,"Galway City East, Galway City",Number,57
General Health of Population,2022,Males,Very Bad,"Listowel, Kerry",Number,39
General Health of Population,2022,Males,Very Bad,"Castleisland, Kerry",Number,26
General Health of Population,2022,Males,Very Bad,"Killarney, Kerry",Number,43
General Health of Population,2022,Males,Very Bad,"Kenmare, Kerry",Number,33
General Health of Population,2022,Males,Very Bad,"Corca Dhuibhne, Kerry",Number,14
General Health of Population,2022,Males,Very Bad,"Tralee, Kerry",Number,73
General Health of Population,2022,Males,Very Bad,"Maynooth, Kildare",Number,25
General Health of Population,2022,Males,Very Bad,"Celbridge, Kildare",Number,23
General Health of Population,2022,Males,Very Bad,"Naas, Kildare",Number,46
General Health of Population,2022,Males,Very Bad,"Athy, Kildare",Number,53
General Health of Population,2022,Males,Very Bad,"Kildare, Kildare",Number,49
General Health of Population,2022,Males,Very Bad,"Clane, Kildare",Number,41
General Health of Population,2022,Males,Very Bad,"Leixlip, Kildare",Number,19
General Health of Population,2022,Males,Very Bad,"Newbridge, Kildare",Number,53
General Health of Population,2022,Males,Very Bad,"Castlecomer, Kilkenny",Number,47
General Health of Population,2022,Males,Very Bad,"Kilkenny, Kilkenny",Number,49
General Health of Population,2022,Males,Very Bad,"Piltown, Kilkenny",Number,37
General Health of Population,2022,Males,Very Bad,"Callan-Thomastown, Kilkenny",Number,40
General Health of Population,2022,Males,Very Bad,Ireland,Number,7944
General Health of Population,2022,Males,Not Stated,"Borris-In-Ossory-Mountmellick, Laois",Number,525
General Health of Population,2022,Males,Not Stated,"Portlaoise, Laois",Number,1554
General Health of Population,2022,Males,Not Stated,"Graiguecullen -Portarlington, Laois",Number,832
General Health of Population,2022,Males,Not Stated,"Carlow, Carlow",Number,1078
General Health of Population,2022,Males,Not Stated,"Tullow, Carlow",Number,728
General Health of Population,2022,Males,Not Stated,"Muinebeag, Carlow",Number,269
General Health of Population,2022,Males,Not Stated,"Manorhamilton, Leitrim",Number,219
General Health of Population,2022,Males,Not Stated,"Ballinamore, Leitrim",Number,193
General Health of Population,2022,Males,Not Stated,"Carrick-On-Shannon, Leitrim",Number,346
General Health of Population,2022,Males,Not Stated,"Newcastle West, Limerick",Number,563
General Health of Population,2022,Males,Not Stated,"Adare-Rathkeale, Limerick",Number,976
General Health of Population,2022,Males,Not Stated,"Cappamore-Kilmallock, Limerick",Number,824
General Health of Population,2022,Males,Not Stated,"Limerick City West, Limerick",Number,2681
General Health of Population,2022,Males,Not Stated,"Limerick City North, Limerick",Number,2558
General Health of Population,2022,Males,Not Stated,"Limerick City East, Limerick",Number,2559
General Health of Population,2022,Males,Not Stated,"Granard, Longford",Number,363
General Health of Population,2022,Males,Not Stated,"Ballymahon, Longford",Number,1577
General Health of Population,2022,Males,Not Stated,"Longford, Longford",Number,942
General Health of Population,2022,Males,Not Stated,"Dundalk-Carlingford, Louth",Number,1377
General Health of Population,2022,Males,Not Stated,"Dundalk South, Louth",Number,1120
General Health of Population,2022,Males,Not Stated,"Ardee, Louth",Number,651
General Health of Population,2022,Males,Not Stated,"Drogheda Rural, Louth",Number,403
General Health of Population,2022,Males,Not Stated,"Drogheda Urban, Louth",Number,1474
General Health of Population,2022,Males,Not Stated,"Ballina, Mayo",Number,363
General Health of Population,2022,Males,Not Stated,"Claremorris, Mayo",Number,914
General Health of Population,2022,Males,Not Stated,"Castlebar, Mayo",Number,906
General Health of Population,2022,Males,Not Stated,"Belmullet, Mayo",Number,222
General Health of Population,2022,Males,Not Stated,"Westport, Mayo",Number,452
General Health of Population,2022,Males,Not Stated,"Swinford, Mayo",Number,293
General Health of Population,2022,Males,Not Stated,"Kells, Meath",Number,646
General Health of Population,2022,Males,Not Stated,"Laytown-Bettystown, Meath",Number,878
General Health of Population,2022,Males,Not Stated,"Ashbourne, Meath",Number,770
General Health of Population,2022,Males,Not Stated,"Ratoath, Meath",Number,906
General Health of Population,2022,Males,Not Stated,"Trim, Meath",Number,684
General Health of Population,2022,Males,Not Stated,"Navan, Meath",Number,999
General Health of Population,2022,Males,Not Stated,"Monaghan, Monaghan",Number,521
General Health of Population,2022,Males,Not Stated,"Carrickmacross-Castleblayney, Monaghan",Number,593
General Health of Population,2022,Males,Not Stated,"Ballybay-Clones, Monaghan",Number,213
General Health of Population,2022,Males,Not Stated,"Birr, Offaly",Number,648
General Health of Population,2022,Males,Not Stated,"Tullamore, Offaly",Number,948
General Health of Population,2022,Males,Not Stated,"Edenderry, Offaly",Number,837
General Health of Population,2022,Males,Not Stated,"Boyle, Roscommon",Number,516
General Health of Population,2022,Males,Not Stated,"Roscommon, Roscommon",Number,823
General Health of Population,2022,Males,Not Stated,"Athlone, Roscommon",Number,430
General Health of Population,2022,Males,Not Stated,"Ballymote-Tobercurry, Sligo",Number,575
General Health of Population,2022,Males,Not Stated,"Sligo-Drumcliff, Sligo",Number,383
General Health of Population,2022,Males,Not Stated,"Sligo-Strandhill, Sligo",Number,1044
General Health of Population,2022,Males,Not Stated,"Cavan-Belturbet, Cavan",Number,855
General Health of Population,2022,Males,Not Stated,"Bailieborough-Cootehill, Cavan",Number,929
General Health of Population,2022,Males,Not Stated,"Ballyjamesduff, Cavan",Number,537
General Health of Population,2022,Males,Not Stated,"Nenagh, Tipperary",Number,584
General Health of Population,2022,Males,Not Stated,"Roscrea-Templemore, Tipperary",Number,391
General Health of Population,2022,Males,Not Stated,"Carrick-On-Suir, Tipperary",Number,452
General Health of Population,2022,Males,Not Stated,"Clonmel, Tipperary",Number,1003
General Health of Population,2022,Males,Not Stated,"Cashel-Tipperary, Tipperary",Number,727
General Health of Population,2022,Males,Not Stated,"Newport, Tipperary",Number,407
General Health of Population,2022,Males,Not Stated,"Thurles, Tipperary",Number,499
General Health of Population,2022,Males,Not Stated,"Cahir, Tipperary",Number,486
General Health of Population,2022,Males,Not Stated,"Dungarvan, Waterford",Number,510
General Health of Population,2022,Males,Not Stated,"Portlaw-Kilmacthomas, Waterford",Number,260
General Health of Population,2022,Males,Not Stated,"Lismore, Waterford",Number,188
General Health of Population,2022,Males,Not Stated,"Tramore-Waterford City West, Waterford",Number,1273
General Health of Population,2022,Males,Not Stated,"Waterford City South, Waterford",Number,1413
General Health of Population,2022,Males,Not Stated,"Waterford City East, Waterford",Number,803
General Health of Population,2022,Males,Not Stated,"Athlone, Westmeath",Number,1064
General Health of Population,2022,Males,Not Stated,"Moate, Westmeath",Number,650
General Health of Population,2022,Males,Not Stated,"Kinnegad, Westmeath",Number,628
General Health of Population,2022,Males,Not Stated,"Mullingar, Westmeath",Number,1107
General Health of Population,2022,Males,Not Stated,"Gorey, Wexford",Number,681
General Health of Population,2022,Males,Not Stated,"Kilmuckridge, Wexford",Number,394
General Health of Population,2022,Males,Not Stated,"New Ross, Wexford",Number,787
General Health of Population,2022,Males,Not Stated,"Rosslare, Wexford",Number,631
General Health of Population,2022,Males,Not Stated,"Wexford, Wexford",Number,761
General Health of Population,2022,Males,Not Stated,"Enniscorthy, Wexford",Number,992
General Health of Population,2022,Males,Not Stated,"Baltinglass, Wicklow",Number,669
General Health of Population,2022,Males,Not Stated,"Bray West, Wicklow",Number,530
General Health of Population,2022,Males,Not Stated,"Greystones, Wicklow",Number,666
General Health of Population,2022,Males,Not Stated,"Wicklow, Wicklow",Number,578
General Health of Population,2022,Males,Not Stated,"Arklow, Wicklow",Number,731
General Health of Population,2022,Males,Not Stated,"Bray East, Wicklow",Number,515
General Health of Population,2022,Males,Not Stated,"Rush-Lusk, Fingal",Number,830
General Health of Population,2022,Males,Not Stated,"Swords, Fingal",Number,2345
General Health of Population,2022,Males,Not Stated,"Blanchardstown-Mulhuddart, Fingal",Number,2656
General Health of Population,2022,Males,Not Stated,"Castleknock, Fingal",Number,1655
General Health of Population,2022,Males,Not Stated,"Howth-Malahide, Fingal",Number,1956
General Health of Population,2022,Males,Not Stated,"Stillorgan, Dún Laoghaire-Rathdown",Number,599
General Health of Population,2022,Males,Not Stated,"Dundrum, Dún Laoghaire-Rathdown",Number,391
General Health of Population,2022,Males,Not Stated,"Glencullen-Sandyford, Dún Laoghaire-Rathdown",Number,1004
General Health of Population,2022,Males,Not Stated,"Killiney-Shankill, Dún Laoghaire-Rathdown",Number,483
General Health of Population,2022,Males,Not Stated,"Dún Laoghaire, Dún Laoghaire-Rathdown",Number,590
General Health of Population,2022,Males,Not Stated,"Blackrock, Dún Laoghaire-Rathdown",Number,722
General Health of Population,2022,Males,Not Stated,"Lucan, South Dublin",Number,1709
General Health of Population,2022,Males,Not Stated,"Tallaght Central, South Dublin",Number,1753
General Health of Population,2022,Males,Not Stated,"Rathfarnham-Templeogue, South Dublin",Number,588
General Health of Population,2022,Males,Not Stated,"Firhouse-Bohernabreena, South Dublin",Number,718
General Health of Population,2022,Males,Not Stated,"Tallaght South, South Dublin",Number,1992
General Health of Population,2022,Males,Not Stated,"Clondalkin, South Dublin",Number,2974
General Health of Population,2022,Males,Not Stated,"Balbriggan, Fingal",Number,1004
General Health of Population,2022,Males,Not Stated,"Ongar, Fingal",Number,1898
General Health of Population,2022,Males,Not Stated,"Palmerstown-Fonthill, South Dublin",Number,1011
General Health of Population,2022,Males,Not Stated,"Ballymun-Finglas, Dublin City",Number,4271
General Health of Population,2022,Males,Not Stated,"Cabra-Glasnevin, Dublin City",Number,4504
General Health of Population,2022,Males,Not Stated,"Ballyfermot-Drimnagh, Dublin City",Number,3659
General Health of Population,2022,Males,Not Stated,"Kimmage-Rathmines, Dublin City",Number,2394
General Health of Population,2022,Males,Not Stated,"Pembroke, Dublin City",Number,2575
General Health of Population,2022,Males,Not Stated,"South East Inner City, Dublin City",Number,4927
General Health of Population,2022,Males,Not Stated,"North Inner City, Dublin City",Number,10450
General Health of Population,2022,Males,Not Stated,"Clontarf, Dublin City",Number,1210
General Health of Population,2022,Males,Not Stated,"Donaghmede, Dublin City",Number,1411
General Health of Population,2022,Males,Not Stated,"Artane-Whitehall, Dublin City",Number,2439
General Health of Population,2022,Males,Not Stated,"South West Inner City, Dublin City",Number,4208
General Health of Population,2022,Males,Not Stated,"Ennistimon, Clare",Number,655
General Health of Population,2022,Males,Not Stated,"Killaloe, Clare",Number,988
General Health of Population,2022,Males,Not Stated,"Shannon, Clare",Number,738
General Health of Population,2022,Males,Not Stated,"Ennis, Clare",Number,1154
General Health of Population,2022,Males,Not Stated,"Kilrush, Clare",Number,481
General Health of Population,2022,Males,Not Stated,"Kanturk, Cork County",Number,730
General Health of Population,2022,Males,Not Stated,"Fermoy, Cork County",Number,765
General Health of Population,2022,Males,Not Stated,"Midleton, Cork County",Number,1390
General Health of Population,2022,Males,Not Stated,"Carrigaline, Cork County",Number,551
General Health of Population,2022,Males,Not Stated,"Cobh, Cork County",Number,616
General Health of Population,2022,Males,Not Stated,"Bandon-Kinsale, Cork County",Number,754
General Health of Population,2022,Males,Not Stated,"Bantry-West Cork, Cork County",Number,611
General Health of Population,2022,Males,Not Stated,"Skibbereen-West Cork, Cork County",Number,963
General Health of Population,2022,Males,Not Stated,"Macroom, Cork County",Number,647
General Health of Population,2022,Males,Not Stated,"Mallow, Cork County",Number,791
General Health of Population,2022,Males,Not Stated,"Cork City North West, Cork City",Number,2481
General Health of Population,2022,Males,Not Stated,"Cork City North East, Cork City",Number,1999
General Health of Population,2022,Males,Not Stated,"Cork City South East, Cork City",Number,1139
General Health of Population,2022,Males,Not Stated,"Cork City South Central, Cork City",Number,2164
General Health of Population,2022,Males,Not Stated,"Cork City South West, Cork City",Number,1568
General Health of Population,2022,Males,Not Stated,"Glenties, Donegal",Number,676
General Health of Population,2022,Males,Not Stated,"Milford, Donegal",Number,394
General Health of Population,2022,Males,Not Stated,"Carndonagh, Donegal",Number,302
General Health of Population,2022,Males,Not Stated,"Buncrana, Donegal",Number,509
General Health of Population,2022,Males,Not Stated,"Donegal, Donegal",Number,552
General Health of Population,2022,Males,Not Stated,"Letterkenny, Donegal",Number,963
General Health of Population,2022,Males,Not Stated,"Lifford-Stranorlar, Donegal",Number,542
General Health of Population,2022,Males,Not Stated,"Conamara North, Galway County",Number,422
General Health of Population,2022,Males,Not Stated,"Tuam, Galway County",Number,934
General Health of Population,2022,Males,Not Stated,"Ballinasloe, Galway County",Number,663
General Health of Population,2022,Males,Not Stated,"Loughrea, Galway County",Number,770
General Health of Population,2022,Males,Not Stated,"Athenry-Oranmore, Galway County",Number,715
General Health of Population,2022,Males,Not Stated,"Gort-Kinvara, Galway County",Number,661
General Health of Population,2022,Males,Not Stated,"Conamara South, Galway County",Number,665
General Health of Population,2022,Males,Not Stated,"Galway City West, Galway City",Number,975
General Health of Population,2022,Males,Not Stated,"Galway City Central, Galway City",Number,2337
General Health of Population,2022,Males,Not Stated,"Galway City East, Galway City",Number,1493
General Health of Population,2022,Males,Not Stated,"Listowel, Kerry",Number,475
General Health of Population,2022,Males,Not Stated,"Castleisland, Kerry",Number,281
General Health of Population,2022,Males,Not Stated,"Killarney, Kerry",Number,896
General Health of Population,2022,Males,Not Stated,"Kenmare, Kerry",Number,662
General Health of Population,2022,Males,Not Stated,"Corca Dhuibhne, Kerry",Number,303
General Health of Population,2022,Males,Not Stated,"Tralee, Kerry",Number,1913
General Health of Population,2022,Males,Not Stated,"Maynooth, Kildare",Number,1173
General Health of Population,2022,Males,Not Stated,"Celbridge, Kildare",Number,430
General Health of Population,2022,Males,Not Stated,"Naas, Kildare",Number,824
General Health of Population,2022,Males,Not Stated,"Athy, Kildare",Number,736
General Health of Population,2022,Males,Not Stated,"Kildare, Kildare",Number,922
General Health of Population,2022,Males,Not Stated,"Clane, Kildare",Number,852
General Health of Population,2022,Males,Not Stated,"Leixlip, Kildare",Number,319
General Health of Population,2022,Males,Not Stated,"Newbridge, Kildare",Number,872
General Health of Population,2022,Males,Not Stated,"Castlecomer, Kilkenny",Number,491
General Health of Population,2022,Males,Not Stated,"Kilkenny, Kilkenny",Number,909
General Health of Population,2022,Males,Not Stated,"Piltown, Kilkenny",Number,422
General Health of Population,2022,Males,Not Stated,"Callan-Thomastown, Kilkenny",Number,547
General Health of Population,2022,Males,Not Stated,Ireland,Number,178788
General Health of Population,2022,Males,Total,"Borris-In-Ossory-Mountmellick, Laois",Number,13215
General Health of Population,2022,Males,Total,"Portlaoise, Laois",Number,17631
General Health of Population,2022,Males,Total,"Graiguecullen -Portarlington, Laois",Number,15432
General Health of Population,2022,Males,Total,"Carlow, Carlow",Number,12503
General Health of Population,2022,Males,Total,"Tullow, Carlow",Number,9921
General Health of Population,2022,Males,Total,"Muinebeag, Carlow",Number,8398
General Health of Population,2022,Males,Total,"Manorhamilton, Leitrim",Number,5877
General Health of Population,2022,Males,Total,"Ballinamore, Leitrim",Number,5437
General Health of Population,2022,Males,Total,"Carrick-On-Shannon, Leitrim",Number,6239
General Health of Population,2022,Males,Total,"Newcastle West, Limerick",Number,14673
General Health of Population,2022,Males,Total,"Adare-Rathkeale, Limerick",Number,14667
General Health of Population,2022,Males,Total,"Cappamore-Kilmallock, Limerick",Number,18493
General Health of Population,2022,Males,Total,"Limerick City West, Limerick",Number,19177
General Health of Population,2022,Males,Total,"Limerick City North, Limerick",Number,17669
General Health of Population,2022,Males,Total,"Limerick City East, Limerick",Number,19773
General Health of Population,2022,Males,Total,"Granard, Longford",Number,5821
General Health of Population,2022,Males,Total,"Ballymahon, Longford",Number,9059
General Health of Population,2022,Males,Total,"Longford, Longford",Number,8569
General Health of Population,2022,Males,Total,"Dundalk-Carlingford, Louth",Number,12828
General Health of Population,2022,Males,Total,"Dundalk South, Louth",Number,18757
General Health of Population,2022,Males,Total,"Ardee, Louth",Number,13513
General Health of Population,2022,Males,Total,"Drogheda Rural, Louth",Number,9736
General Health of Population,2022,Males,Total,"Drogheda Urban, Louth",Number,14073
General Health of Population,2022,Males,Total,"Ballina, Mayo",Number,12828
General Health of Population,2022,Males,Total,"Claremorris, Mayo",Number,14673
General Health of Population,2022,Males,Total,"Castlebar, Mayo",Number,15786
General Health of Population,2022,Males,Total,"Belmullet, Mayo",Number,6357
General Health of Population,2022,Males,Total,"Westport, Mayo",Number,9667
General Health of Population,2022,Males,Total,"Swinford, Mayo",Number,9081
General Health of Population,2022,Males,Total,"Kells, Meath",Number,17388
General Health of Population,2022,Males,Total,"Laytown-Bettystown, Meath",Number,20146
General Health of Population,2022,Males,Total,"Ashbourne, Meath",Number,16769
General Health of Population,2022,Males,Total,"Ratoath, Meath",Number,19506
General Health of Population,2022,Males,Total,"Trim, Meath",Number,16688
General Health of Population,2022,Males,Total,"Navan, Meath",Number,19491
General Health of Population,2022,Males,Total,"Monaghan, Monaghan",Number,11642
General Health of Population,2022,Males,Total,"Carrickmacross-Castleblayney, Monaghan",Number,11831
General Health of Population,2022,Males,Total,"Ballybay-Clones, Monaghan",Number,9421
General Health of Population,2022,Males,Total,"Birr, Offaly",Number,13674
General Health of Population,2022,Males,Total,"Tullamore, Offaly",Number,15245
General Health of Population,2022,Males,Total,"Edenderry, Offaly",Number,12709
General Health of Population,2022,Males,Total,"Boyle, Roscommon",Number,12233
General Health of Population,2022,Males,Total,"Roscommon, Roscommon",Number,12460
General Health of Population,2022,Males,Total,"Athlone, Roscommon",Number,10477
General Health of Population,2022,Males,Total,"Ballymote-Tobercurry, Sligo",Number,14239
General Health of Population,2022,Males,Total,"Sligo-Drumcliff, Sligo",Number,9230
General Health of Population,2022,Males,Total,"Sligo-Strandhill, Sligo",Number,11060
General Health of Population,2022,Males,Total,"Cavan-Belturbet, Cavan",Number,13711
General Health of Population,2022,Males,Total,"Bailieborough-Cootehill, Cavan",Number,13229
General Health of Population,2022,Males,Total,"Ballyjamesduff, Cavan",Number,14120
General Health of Population,2022,Males,Total,"Nenagh, Tipperary",Number,11546
General Health of Population,2022,Males,Total,"Roscrea-Templemore, Tipperary",Number,8742
General Health of Population,2022,Males,Total,"Carrick-On-Suir, Tipperary",Number,10055
General Health of Population,2022,Males,Total,"Clonmel, Tipperary",Number,12316
General Health of Population,2022,Males,Total,"Cashel-Tipperary, Tipperary",Number,14508
General Health of Population,2022,Males,Total,"Newport, Tipperary",Number,8833
General Health of Population,2022,Males,Total,"Thurles, Tipperary",Number,9811
General Health of Population,2022,Males,Total,"Cahir, Tipperary",Number,7828
General Health of Population,2022,Males,Total,"Dungarvan, Waterford",Number,11070
General Health of Population,2022,Males,Total,"Portlaw-Kilmacthomas, Waterford",Number,9266
General Health of Population,2022,Males,Total,"Lismore, Waterford",Number,5754
General Health of Population,2022,Males,Total,"Tramore-Waterford City West, Waterford",Number,12333
General Health of Population,2022,Males,Total,"Waterford City South, Waterford",Number,12738
General Health of Population,2022,Males,Total,"Waterford City East, Waterford",Number,11934
General Health of Population,2022,Males,Total,"Athlone, Westmeath",Number,12123
General Health of Population,2022,Males,Total,"Moate, Westmeath",Number,10136
General Health of Population,2022,Males,Total,"Kinnegad, Westmeath",Number,11725
General Health of Population,2022,Males,Total,"Mullingar, Westmeath",Number,13737
General Health of Population,2022,Males,Total,"Gorey, Wexford",Number,15261
General Health of Population,2022,Males,Total,"Kilmuckridge, Wexford",Number,9167
General Health of Population,2022,Males,Total,"New Ross, Wexford",Number,14894
General Health of Population,2022,Males,Total,"Rosslare, Wexford",Number,11594
General Health of Population,2022,Males,Total,"Wexford, Wexford",Number,15340
General Health of Population,2022,Males,Total,"Enniscorthy, Wexford",Number,14521
General Health of Population,2022,Males,Total,"Baltinglass, Wicklow",Number,14059
General Health of Population,2022,Males,Total,"Bray West, Wicklow",Number,9131
General Health of Population,2022,Males,Total,"Greystones, Wicklow",Number,14814
General Health of Population,2022,Males,Total,"Wicklow, Wicklow",Number,16131
General Health of Population,2022,Males,Total,"Arklow, Wicklow",Number,13846
General Health of Population,2022,Males,Total,"Bray East, Wicklow",Number,8583
General Health of Population,2022,Males,Total,"Rush-Lusk, Fingal",Number,19849
General Health of Population,2022,Males,Total,"Swords, Fingal",Number,24137
General Health of Population,2022,Males,Total,"Blanchardstown-Mulhuddart, Fingal",Number,19840
General Health of Population,2022,Males,Total,"Castleknock, Fingal",Number,23235
General Health of Population,2022,Males,Total,"Howth-Malahide, Fingal",Number,34033
General Health of Population,2022,Males,Total,"Stillorgan, Dún Laoghaire-Rathdown",Number,15649
General Health of Population,2022,Males,Total,"Dundrum, Dún Laoghaire-Rathdown",Number,15410
General Health of Population,2022,Males,Total,"Glencullen-Sandyford, Dún Laoghaire-Rathdown",Number,23605
General Health of Population,2022,Males,Total,"Killiney-Shankill, Dún Laoghaire-Rathdown",Number,18904
General Health of Population,2022,Males,Total,"Dún Laoghaire, Dún Laoghaire-Rathdown",Number,22172
General Health of Population,2022,Males,Total,"Blackrock, Dún Laoghaire-Rathdown",Number,16292
General Health of Population,2022,Males,Total,"Lucan, South Dublin",Number,27693
General Health of Population,2022,Males,Total,"Tallaght Central, South Dublin",Number,17773
General Health of Population,2022,Males,Total,"Rathfarnham-Templeogue, South Dublin",Number,25278
General Health of Population,2022,Males,Total,"Firhouse-Bohernabreena, South Dublin",Number,18362
General Health of Population,2022,Males,Total,"Tallaght South, South Dublin",Number,21169
General Health of Population,2022,Males,Total,"Clondalkin, South Dublin",Number,26275
General Health of Population,2022,Males,Total,"Balbriggan, Fingal",Number,19714
General Health of Population,2022,Males,Total,"Ongar, Fingal",Number,21724
General Health of Population,2022,Males,Total,"Palmerstown-Fonthill, South Dublin",Number,10696
General Health of Population,2022,Males,Total,"Ballymun-Finglas, Dublin City",Number,27134
General Health of Population,2022,Males,Total,"Cabra-Glasnevin, Dublin City",Number,31542
General Health of Population,2022,Males,Total,"Ballyfermot-Drimnagh, Dublin City",Number,24179
General Health of Population,2022,Males,Total,"Kimmage-Rathmines, Dublin City",Number,28758
General Health of Population,2022,Males,Total,"Pembroke, Dublin City",Number,21815
General Health of Population,2022,Males,Total,"South East Inner City, Dublin City",Number,22064
General Health of Population,2022,Males,Total,"North Inner City, Dublin City",Number,38553
General Health of Population,2022,Males,Total,"Clontarf, Dublin City",Number,27448
General Health of Population,2022,Males,Total,"Donaghmede, Dublin City",Number,22826
General Health of Population,2022,Males,Total,"Artane-Whitehall, Dublin City",Number,24914
General Health of Population,2022,Males,Total,"South West Inner City, Dublin City",Number,22563
General Health of Population,2022,Males,Total,"Ennistimon, Clare",Number,8749
General Health of Population,2022,Males,Total,"Killaloe, Clare",Number,10935
General Health of Population,2022,Males,Total,"Shannon, Clare",Number,15737
General Health of Population,2022,Males,Total,"Ennis, Clare",Number,16386
General Health of Population,2022,Males,Total,"Kilrush, Clare",Number,11110
General Health of Population,2022,Males,Total,"Kanturk, Cork County",Number,13311
General Health of Population,2022,Males,Total,"Fermoy, Cork County",Number,19491
General Health of Population,2022,Males,Total,"Midleton, Cork County",Number,24415
General Health of Population,2022,Males,Total,"Carrigaline, Cork County",Number,19249
General Health of Population,2022,Males,Total,"Cobh, Cork County",Number,18546
General Health of Population,2022,Males,Total,"Bandon-Kinsale, Cork County",Number,20058
General Health of Population,2022,Males,Total,"Bantry-West Cork, Cork County",Number,12044
General Health of Population,2022,Males,Total,"Skibbereen-West Cork, Cork County",Number,16333
General Health of Population,2022,Males,Total,"Macroom, Cork County",Number,20073
General Health of Population,2022,Males,Total,"Mallow, Cork County",Number,15589
General Health of Population,2022,Males,Total,"Cork City North West, Cork City",Number,20855
General Health of Population,2022,Males,Total,"Cork City North East, Cork City",Number,22072
General Health of Population,2022,Males,Total,"Cork City South East, Cork City",Number,22027
General Health of Population,2022,Males,Total,"Cork City South Central, Cork City",Number,20196
General Health of Population,2022,Males,Total,"Cork City South West, Cork City",Number,24586
General Health of Population,2022,Males,Total,"Glenties, Donegal",Number,12435
General Health of Population,2022,Males,Total,"Milford, Donegal",Number,7181
General Health of Population,2022,Males,Total,"Carndonagh, Donegal",Number,8783
General Health of Population,2022,Males,Total,"Buncrana, Donegal",Number,11212
General Health of Population,2022,Males,Total,"Donegal, Donegal",Number,13836
General Health of Population,2022,Males,Total,"Letterkenny, Donegal",Number,15938
General Health of Population,2022,Males,Total,"Lifford-Stranorlar, Donegal",Number,13410
General Health of Population,2022,Males,Total,"Conamara North, Galway County",Number,9021
General Health of Population,2022,Males,Total,"Tuam, Galway County",Number,17717
General Health of Population,2022,Males,Total,"Ballinasloe, Galway County",Number,14950
General Health of Population,2022,Males,Total,"Loughrea, Galway County",Number,12668
General Health of Population,2022,Males,Total,"Athenry-Oranmore, Galway County",Number,17626
General Health of Population,2022,Males,Total,"Gort-Kinvara, Galway County",Number,12956
General Health of Population,2022,Males,Total,"Conamara South, Galway County",Number,11582
General Health of Population,2022,Males,Total,"Galway City West, Galway City",Number,12367
General Health of Population,2022,Males,Total,"Galway City Central, Galway City",Number,14204
General Health of Population,2022,Males,Total,"Galway City East, Galway City",Number,13843
General Health of Population,2022,Males,Total,"Listowel, Kerry",Number,14579
General Health of Population,2022,Males,Total,"Castleisland, Kerry",Number,9004
General Health of Population,2022,Males,Total,"Killarney, Kerry",Number,15391
General Health of Population,2022,Males,Total,"Kenmare, Kerry",Number,13448
General Health of Population,2022,Males,Total,"Corca Dhuibhne, Kerry",Number,7418
General Health of Population,2022,Males,Total,"Tralee, Kerry",Number,17547
General Health of Population,2022,Males,Total,"Maynooth, Kildare",Number,17734
General Health of Population,2022,Males,Total,"Celbridge, Kildare",Number,11346
General Health of Population,2022,Males,Total,"Naas, Kildare",Number,22715
General Health of Population,2022,Males,Total,"Athy, Kildare",Number,14383
General Health of Population,2022,Males,Total,"Kildare, Kildare",Number,14653
General Health of Population,2022,Males,Total,"Clane, Kildare",Number,15566
General Health of Population,2022,Males,Total,"Leixlip, Kildare",Number,8277
General Health of Population,2022,Males,Total,"Newbridge, Kildare",Number,18590
General Health of Population,2022,Males,Total,"Castlecomer, Kilkenny",Number,12586
General Health of Population,2022,Males,Total,"Kilkenny, Kilkenny",Number,14322
General Health of Population,2022,Males,Total,"Piltown, Kilkenny",Number,11525
General Health of Population,2022,Males,Total,"Callan-Thomastown, Kilkenny",Number,13450
General Health of Population,2022,Males,Total,Ireland,Number,2544549
General Health of Population,2022,Females,Very Good,"Borris-In-Ossory-Mountmellick, Laois",Number,7065
General Health of Population,2022,Females,Very Good,"Portlaoise, Laois",Number,8852
General Health of Population,2022,Females,Very Good,"Graiguecullen -Portarlington, Laois",Number,8400
General Health of Population,2022,Females,Very Good,"Carlow, Carlow",Number,5963
General Health of Population,2022,Females,Very Good,"Tullow, Carlow",Number,5408
General Health of Population,2022,Females,Very Good,"Muinebeag, Carlow",Number,4519
General Health of Population,2022,Females,Very Good,"Manorhamilton, Leitrim",Number,3023
General Health of Population,2022,Females,Very Good,"Ballinamore, Leitrim",Number,2890
General Health of Population,2022,Females,Very Good,"Carrick-On-Shannon, Leitrim",Number,3298
General Health of Population,2022,Females,Very Good,"Newcastle West, Limerick",Number,7511
General Health of Population,2022,Females,Very Good,"Adare-Rathkeale, Limerick",Number,7672
General Health of Population,2022,Females,Very Good,"Cappamore-Kilmallock, Limerick",Number,9602
General Health of Population,2022,Females,Very Good,"Limerick City West, Limerick",Number,9371
General Health of Population,2022,Females,Very Good,"Limerick City North, Limerick",Number,7828
General Health of Population,2022,Females,Very Good,"Limerick City East, Limerick",Number,9587
General Health of Population,2022,Females,Very Good,"Granard, Longford",Number,3058
General Health of Population,2022,Females,Very Good,"Ballymahon, Longford",Number,3981
General Health of Population,2022,Females,Very Good,"Longford, Longford",Number,3819
General Health of Population,2022,Females,Very Good,"Dundalk-Carlingford, Louth",Number,6378
General Health of Population,2022,Females,Very Good,"Dundalk South, Louth",Number,10299
General Health of Population,2022,Females,Very Good,"Ardee, Louth",Number,7475
General Health of Population,2022,Females,Very Good,"Drogheda Rural, Louth",Number,5691
General Health of Population,2022,Females,Very Good,"Drogheda Urban, Louth",Number,6533
General Health of Population,2022,Females,Very Good,"Ballina, Mayo",Number,6792
General Health of Population,2022,Females,Very Good,"Claremorris, Mayo",Number,7383
General Health of Population,2022,Females,Very Good,"Castlebar, Mayo",Number,8493
General Health of Population,2022,Females,Very Good,"Belmullet, Mayo",Number,2953
General Health of Population,2022,Females,Very Good,"Westport, Mayo",Number,5544
General Health of Population,2022,Females,Very Good,"Swinford, Mayo",Number,4497
General Health of Population,2022,Females,Very Good,"Kells, Meath",Number,9570
General Health of Population,2022,Females,Very Good,"Laytown-Bettystown, Meath",Number,11499
General Health of Population,2022,Females,Very Good,"Ashbourne, Meath",Number,9659
General Health of Population,2022,Females,Very Good,"Ratoath, Meath",Number,12109
General Health of Population,2022,Females,Very Good,"Trim, Meath",Number,9607
General Health of Population,2022,Females,Very Good,"Navan, Meath",Number,10748
General Health of Population,2022,Females,Very Good,"Monaghan, Monaghan",Number,6382
General Health of Population,2022,Females,Very Good,"Carrickmacross-Castleblayney, Monaghan",Number,6296
General Health of Population,2022,Females,Very Good,"Ballybay-Clones, Monaghan",Number,5171
General Health of Population,2022,Females,Very Good,"Birr, Offaly",Number,6842
General Health of Population,2022,Females,Very Good,"Tullamore, Offaly",Number,8189
General Health of Population,2022,Females,Very Good,"Edenderry, Offaly",Number,6247
General Health of Population,2022,Females,Very Good,"Boyle, Roscommon",Number,6134
General Health of Population,2022,Females,Very Good,"Roscommon, Roscommon",Number,6198
General Health of Population,2022,Females,Very Good,"Athlone, Roscommon",Number,6062
General Health of Population,2022,Females,Very Good,"Ballymote-Tobercurry, Sligo",Number,7564
General Health of Population,2022,Females,Very Good,"Sligo-Drumcliff, Sligo",Number,5606
General Health of Population,2022,Females,Very Good,"Sligo-Strandhill, Sligo",Number,5542
General Health of Population,2022,Females,Very Good,"Cavan-Belturbet, Cavan",Number,7116
General Health of Population,2022,Females,Very Good,"Bailieborough-Cootehill, Cavan",Number,7141
General Health of Population,2022,Females,Very Good,"Ballyjamesduff, Cavan",Number,7663
General Health of Population,2022,Females,Very Good,"Nenagh, Tipperary",Number,6192
General Health of Population,2022,Females,Very Good,"Roscrea-Templemore, Tipperary",Number,4486
General Health of Population,2022,Females,Very Good,"Carrick-On-Suir, Tipperary",Number,5270
General Health of Population,2022,Females,Very Good,"Clonmel, Tipperary",Number,6192
General Health of Population,2022,Females,Very Good,"Cashel-Tipperary, Tipperary",Number,7606
General Health of Population,2022,Females,Very Good,"Newport, Tipperary",Number,4989
General Health of Population,2022,Females,Very Good,"Thurles, Tipperary",Number,5356
General Health of Population,2022,Females,Very Good,"Cahir, Tipperary",Number,3898
General Health of Population,2022,Females,Very Good,"Dungarvan, Waterford",Number,6022
General Health of Population,2022,Females,Very Good,"Portlaw-Kilmacthomas, Waterford",Number,5286
General Health of Population,2022,Females,Very Good,"Lismore, Waterford",Number,3066
General Health of Population,2022,Females,Very Good,"Tramore-Waterford City West, Waterford",Number,6206
General Health of Population,2022,Females,Very Good,"Waterford City South, Waterford",Number,5867
General Health of Population,2022,Females,Very Good,"Waterford City East, Waterford",Number,6788
General Health of Population,2022,Females,Very Good,"Athlone, Westmeath",Number,5969
General Health of Population,2022,Females,Very Good,"Moate, Westmeath",Number,5556
General Health of Population,2022,Females,Very Good,"Kinnegad, Westmeath",Number,6188
General Health of Population,2022,Females,Very Good,"Mullingar, Westmeath",Number,7371
General Health of Population,2022,Females,Very Good,"Gorey, Wexford",Number,8605
General Health of Population,2022,Females,Very Good,"Kilmuckridge, Wexford",Number,5015
General Health of Population,2022,Females,Very Good,"New Ross, Wexford",Number,8049
General Health of Population,2022,Females,Very Good,"Rosslare, Wexford",Number,6303
General Health of Population,2022,Females,Very Good,"Wexford, Wexford",Number,8281
General Health of Population,2022,Females,Very Good,"Enniscorthy, Wexford",Number,7453
General Health of Population,2022,Females,Very Good,"Baltinglass, Wicklow",Number,7731
General Health of Population,2022,Females,Very Good,"Bray West, Wicklow",Number,5547
General Health of Population,2022,Females,Very Good,"Greystones, Wicklow",Number,9561
General Health of Population,2022,Females,Very Good,"Wicklow, Wicklow",Number,9451
General Health of Population,2022,Females,Very Good,"Arklow, Wicklow",Number,7588
General Health of Population,2022,Females,Very Good,"Bray East, Wicklow",Number,4452
General Health of Population,2022,Females,Very Good,"Rush-Lusk, Fingal",Number,11794
General Health of Population,2022,Females,Very Good,"Swords, Fingal",Number,12735
General Health of Population,2022,Females,Very Good,"Blanchardstown-Mulhuddart, Fingal",Number,9971
General Health of Population,2022,Females,Very Good,"Castleknock, Fingal",Number,13571
General Health of Population,2022,Females,Very Good,"Howth-Malahide, Fingal",Number,20945
General Health of Population,2022,Females,Very Good,"Stillorgan, Dún Laoghaire-Rathdown",Number,11028
General Health of Population,2022,Females,Very Good,"Dundrum, Dún Laoghaire-Rathdown",Number,9674
General Health of Population,2022,Females,Very Good,"Glencullen-Sandyford, Dún Laoghaire-Rathdown",Number,15200
General Health of Population,2022,Females,Very Good,"Killiney-Shankill, Dún Laoghaire-Rathdown",Number,11750
General Health of Population,2022,Females,Very Good,"Dún Laoghaire, Dún Laoghaire-Rathdown",Number,14321
General Health of Population,2022,Females,Very Good,"Blackrock, Dún Laoghaire-Rathdown",Number,11020
General Health of Population,2022,Females,Very Good,"Lucan, South Dublin",Number,15970
General Health of Population,2022,Females,Very Good,"Tallaght Central, South Dublin",Number,8210
General Health of Population,2022,Females,Very Good,"Rathfarnham-Templeogue, South Dublin",Number,16201
General Health of Population,2022,Females,Very Good,"Firhouse-Bohernabreena, South Dublin",Number,11687
General Health of Population,2022,Females,Very Good,"Tallaght South, South Dublin",Number,10948
General Health of Population,2022,Females,Very Good,"Clondalkin, South Dublin",Number,13041
General Health of Population,2022,Females,Very Good,"Balbriggan, Fingal",Number,11084
General Health of Population,2022,Females,Very Good,"Ongar, Fingal",Number,11764
General Health of Population,2022,Females,Very Good,"Palmerstown-Fonthill, South Dublin",Number,5229
General Health of Population,2022,Females,Very Good,"Ballymun-Finglas, Dublin City",Number,12137
General Health of Population,2022,Females,Very Good,"Cabra-Glasnevin, Dublin City",Number,15425
General Health of Population,2022,Females,Very Good,"Ballyfermot-Drimnagh, Dublin City",Number,10344
General Health of Population,2022,Females,Very Good,"Kimmage-Rathmines, Dublin City",Number,16468
General Health of Population,2022,Females,Very Good,"Pembroke, Dublin City",Number,13759
General Health of Population,2022,Females,Very Good,"South East Inner City, Dublin City",Number,9909
General Health of Population,2022,Females,Very Good,"North Inner City, Dublin City",Number,13892
General Health of Population,2022,Females,Very Good,"Clontarf, Dublin City",Number,17100
General Health of Population,2022,Females,Very Good,"Donaghmede, Dublin City",Number,12261
General Health of Population,2022,Females,Very Good,"Artane-Whitehall, Dublin City",Number,12640
General Health of Population,2022,Females,Very Good,"South West Inner City, Dublin City",Number,9893
General Health of Population,2022,Females,Very Good,"Ennistimon, Clare",Number,4516
General Health of Population,2022,Females,Very Good,"Killaloe, Clare",Number,5944
General Health of Population,2022,Females,Very Good,"Shannon, Clare",Number,8398
General Health of Population,2022,Females,Very Good,"Ennis, Clare",Number,8870
General Health of Population,2022,Females,Very Good,"Kilrush, Clare",Number,5605
General Health of Population,2022,Females,Very Good,"Kanturk, Cork County",Number,7069
General Health of Population,2022,Females,Very Good,"Fermoy, Cork County",Number,10612
General Health of Population,2022,Females,Very Good,"Midleton, Cork County",Number,13889
General Health of Population,2022,Females,Very Good,"Carrigaline, Cork County",Number,12155
General Health of Population,2022,Females,Very Good,"Cobh, Cork County",Number,10895
General Health of Population,2022,Females,Very Good,"Bandon-Kinsale, Cork County",Number,12007
General Health of Population,2022,Females,Very Good,"Bantry-West Cork, Cork County",Number,6205
General Health of Population,2022,Females,Very Good,"Skibbereen-West Cork, Cork County",Number,9137
General Health of Population,2022,Females,Very Good,"Macroom, Cork County",Number,12093
General Health of Population,2022,Females,Very Good,"Mallow, Cork County",Number,8745
General Health of Population,2022,Females,Very Good,"Cork City North West, Cork City",Number,9718
General Health of Population,2022,Females,Very Good,"Cork City North East, Cork City",Number,11427
General Health of Population,2022,Females,Very Good,"Cork City South East, Cork City",Number,13335
General Health of Population,2022,Females,Very Good,"Cork City South Central, Cork City",Number,10359
General Health of Population,2022,Females,Very Good,"Cork City South West, Cork City",Number,14403
General Health of Population,2022,Females,Very Good,"Glenties, Donegal",Number,6309
General Health of Population,2022,Females,Very Good,"Milford, Donegal",Number,3900
General Health of Population,2022,Females,Very Good,"Carndonagh, Donegal",Number,4685
General Health of Population,2022,Females,Very Good,"Buncrana, Donegal",Number,6167
General Health of Population,2022,Females,Very Good,"Donegal, Donegal",Number,7213
General Health of Population,2022,Females,Very Good,"Letterkenny, Donegal",Number,8565
General Health of Population,2022,Females,Very Good,"Lifford-Stranorlar, Donegal",Number,6651
General Health of Population,2022,Females,Very Good,"Conamara North, Galway County",Number,4611
General Health of Population,2022,Females,Very Good,"Tuam, Galway County",Number,9502
General Health of Population,2022,Females,Very Good,"Ballinasloe, Galway County",Number,7846
General Health of Population,2022,Females,Very Good,"Loughrea, Galway County",Number,6842
General Health of Population,2022,Females,Very Good,"Athenry-Oranmore, Galway County",Number,10171
General Health of Population,2022,Females,Very Good,"Gort-Kinvara, Galway County",Number,7485
General Health of Population,2022,Females,Very Good,"Conamara South, Galway County",Number,6617
General Health of Population,2022,Females,Very Good,"Galway City West, Galway City",Number,7852
General Health of Population,2022,Females,Very Good,"Galway City Central, Galway City",Number,6914
General Health of Population,2022,Females,Very Good,"Galway City East, Galway City",Number,6534
General Health of Population,2022,Females,Very Good,"Listowel, Kerry",Number,7553
General Health of Population,2022,Females,Very Good,"Castleisland, Kerry",Number,4912
General Health of Population,2022,Females,Very Good,"Killarney, Kerry",Number,8339
General Health of Population,2022,Females,Very Good,"Kenmare, Kerry",Number,7283
General Health of Population,2022,Females,Very Good,"Corca Dhuibhne, Kerry",Number,4102
General Health of Population,2022,Females,Very Good,"Tralee, Kerry",Number,8569
General Health of Population,2022,Females,Very Good,"Maynooth, Kildare",Number,10348
General Health of Population,2022,Females,Very Good,"Celbridge, Kildare",Number,6506
General Health of Population,2022,Females,Very Good,"Naas, Kildare",Number,13750
General Health of Population,2022,Females,Very Good,"Athy, Kildare",Number,7576
General Health of Population,2022,Females,Very Good,"Kildare, Kildare",Number,8022
General Health of Population,2022,Females,Very Good,"Clane, Kildare",Number,8623
General Health of Population,2022,Females,Very Good,"Leixlip, Kildare",Number,4870
General Health of Population,2022,Females,Very Good,"Newbridge, Kildare",Number,10494
General Health of Population,2022,Females,Very Good,"Castlecomer, Kilkenny",Number,6831
General Health of Population,2022,Females,Very Good,"Kilkenny, Kilkenny",Number,7971
General Health of Population,2022,Females,Very Good,"Piltown, Kilkenny",Number,6318
General Health of Population,2022,Females,Very Good,"Callan-Thomastown, Kilkenny",Number,7611
General Health of Population,2022,Females,Very Good,Ireland,Number,1378469
General Health of Population,2022,Females,Good,"Borris-In-Ossory-Mountmellick, Laois",Number,4110
General Health of Population,2022,Females,Good,"Portlaoise, Laois",Number,5270
General Health of Population,2022,Females,Good,"Graiguecullen -Portarlington, Laois",Number,4603
General Health of Population,2022,Females,Good,"Carlow, Carlow",Number,4044
General Health of Population,2022,Females,Good,"Tullow, Carlow",Number,2969
General Health of Population,2022,Females,Good,"Muinebeag, Carlow",Number,2506
General Health of Population,2022,Females,Good,"Manorhamilton, Leitrim",Number,1855
General Health of Population,2022,Females,Good,"Ballinamore, Leitrim",Number,1684
General Health of Population,2022,Females,Good,"Carrick-On-Shannon, Leitrim",Number,1958
General Health of Population,2022,Females,Good,"Newcastle West, Limerick",Number,4746
General Health of Population,2022,Females,Good,"Adare-Rathkeale, Limerick",Number,4452
General Health of Population,2022,Females,Good,"Cappamore-Kilmallock, Limerick",Number,5602
General Health of Population,2022,Females,Good,"Limerick City West, Limerick",Number,5634
General Health of Population,2022,Females,Good,"Limerick City North, Limerick",Number,5833
General Health of Population,2022,Females,Good,"Limerick City East, Limerick",Number,5669
General Health of Population,2022,Females,Good,"Granard, Longford",Number,1644
General Health of Population,2022,Females,Good,"Ballymahon, Longford",Number,2449
General Health of Population,2022,Females,Good,"Longford, Longford",Number,2750
General Health of Population,2022,Females,Good,"Dundalk-Carlingford, Louth",Number,3929
General Health of Population,2022,Females,Good,"Dundalk South, Louth",Number,5890
General Health of Population,2022,Females,Good,"Ardee, Louth",Number,3998
General Health of Population,2022,Females,Good,"Drogheda Rural, Louth",Number,2957
General Health of Population,2022,Females,Good,"Drogheda Urban, Louth",Number,4614
General Health of Population,2022,Females,Good,"Ballina, Mayo",Number,4243
General Health of Population,2022,Females,Good,"Claremorris, Mayo",Number,4789
General Health of Population,2022,Females,Good,"Castlebar, Mayo",Number,5094
General Health of Population,2022,Females,Good,"Belmullet, Mayo",Number,2075
General Health of Population,2022,Females,Good,"Westport, Mayo",Number,3170
General Health of Population,2022,Females,Good,"Swinford, Mayo",Number,3013
General Health of Population,2022,Females,Good,"Kells, Meath",Number,5240
General Health of Population,2022,Females,Good,"Laytown-Bettystown, Meath",Number,6208
General Health of Population,2022,Females,Good,"Ashbourne, Meath",Number,4944
General Health of Population,2022,Females,Good,"Ratoath, Meath",Number,5452
General Health of Population,2022,Females,Good,"Trim, Meath",Number,4908
General Health of Population,2022,Females,Good,"Navan, Meath",Number,6109
General Health of Population,2022,Females,Good,"Monaghan, Monaghan",Number,3613
General Health of Population,2022,Females,Good,"Carrickmacross-Castleblayney, Monaghan",Number,3489
General Health of Population,2022,Females,Good,"Ballybay-Clones, Monaghan",Number,2712
General Health of Population,2022,Females,Good,"Birr, Offaly",Number,4380
General Health of Population,2022,Females,Good,"Tullamore, Offaly",Number,4755
General Health of Population,2022,Females,Good,"Edenderry, Offaly",Number,3925
General Health of Population,2022,Females,Good,"Boyle, Roscommon",Number,3935
General Health of Population,2022,Females,Good,"Roscommon, Roscommon",Number,3827
General Health of Population,2022,Females,Good,"Athlone, Roscommon",Number,3150
General Health of Population,2022,Females,Good,"Ballymote-Tobercurry, Sligo",Number,4444
General Health of Population,2022,Females,Good,"Sligo-Drumcliff, Sligo",Number,2715
General Health of Population,2022,Females,Good,"Sligo-Strandhill, Sligo",Number,3665
General Health of Population,2022,Females,Good,"Cavan-Belturbet, Cavan",Number,4277
General Health of Population,2022,Females,Good,"Bailieborough-Cootehill, Cavan",Number,3729
General Health of Population,2022,Females,Good,"Ballyjamesduff, Cavan",Number,4232
General Health of Population,2022,Females,Good,"Nenagh, Tipperary",Number,3756
General Health of Population,2022,Females,Good,"Roscrea-Templemore, Tipperary",Number,2714
General Health of Population,2022,Females,Good,"Carrick-On-Suir, Tipperary",Number,3127
General Health of Population,2022,Females,Good,"Clonmel, Tipperary",Number,4072
General Health of Population,2022,Females,Good,"Cashel-Tipperary, Tipperary",Number,4577
General Health of Population,2022,Females,Good,"Newport, Tipperary",Number,2419
General Health of Population,2022,Females,Good,"Thurles, Tipperary",Number,3184
General Health of Population,2022,Females,Good,"Cahir, Tipperary",Number,2461
General Health of Population,2022,Females,Good,"Dungarvan, Waterford",Number,3464
General Health of Population,2022,Females,Good,"Portlaw-Kilmacthomas, Waterford",Number,2720
General Health of Population,2022,Females,Good,"Lismore, Waterford",Number,1819
General Health of Population,2022,Females,Good,"Tramore-Waterford City West, Waterford",Number,3680
General Health of Population,2022,Females,Good,"Waterford City South, Waterford",Number,4216
General Health of Population,2022,Females,Good,"Waterford City East, Waterford",Number,3596
General Health of Population,2022,Females,Good,"Athlone, Westmeath",Number,3737
General Health of Population,2022,Females,Good,"Moate, Westmeath",Number,2985
General Health of Population,2022,Females,Good,"Kinnegad, Westmeath",Number,3604
General Health of Population,2022,Females,Good,"Mullingar, Westmeath",Number,4418
General Health of Population,2022,Females,Good,"Gorey, Wexford",Number,4824
General Health of Population,2022,Females,Good,"Kilmuckridge, Wexford",Number,2758
General Health of Population,2022,Females,Good,"New Ross, Wexford",Number,4605
General Health of Population,2022,Females,Good,"Rosslare, Wexford",Number,3670
General Health of Population,2022,Females,Good,"Wexford, Wexford",Number,5018
General Health of Population,2022,Females,Good,"Enniscorthy, Wexford",Number,4533
General Health of Population,2022,Females,Good,"Baltinglass, Wicklow",Number,4209
General Health of Population,2022,Females,Good,"Bray West, Wicklow",Number,2897
General Health of Population,2022,Females,Good,"Greystones, Wicklow",Number,4095
General Health of Population,2022,Females,Good,"Wicklow, Wicklow",Number,4877
General Health of Population,2022,Females,Good,"Arklow, Wicklow",Number,4268
General Health of Population,2022,Females,Good,"Bray East, Wicklow",Number,2956
General Health of Population,2022,Females,Good,"Rush-Lusk, Fingal",Number,5885
General Health of Population,2022,Females,Good,"Swords, Fingal",Number,7375
General Health of Population,2022,Females,Good,"Blanchardstown-Mulhuddart, Fingal",Number,5915
General Health of Population,2022,Females,Good,"Castleknock, Fingal",Number,6720
General Health of Population,2022,Females,Good,"Howth-Malahide, Fingal",Number,10053
General Health of Population,2022,Females,Good,"Stillorgan, Dún Laoghaire-Rathdown",Number,4581
General Health of Population,2022,Females,Good,"Dundrum, Dún Laoghaire-Rathdown",Number,4771
General Health of Population,2022,Females,Good,"Glencullen-Sandyford, Dún Laoghaire-Rathdown",Number,6839
General Health of Population,2022,Females,Good,"Killiney-Shankill, Dún Laoghaire-Rathdown",Number,6058
General Health of Population,2022,Females,Good,"Dún Laoghaire, Dún Laoghaire-Rathdown",Number,6965
General Health of Population,2022,Females,Good,"Blackrock, Dún Laoghaire-Rathdown",Number,4691
General Health of Population,2022,Females,Good,"Lucan, South Dublin",Number,8274
General Health of Population,2022,Females,Good,"Tallaght Central, South Dublin",Number,5909
General Health of Population,2022,Females,Good,"Rathfarnham-Templeogue, South Dublin",Number,8003
General Health of Population,2022,Females,Good,"Firhouse-Bohernabreena, South Dublin",Number,5285
General Health of Population,2022,Females,Good,"Tallaght South, South Dublin",Number,6749
General Health of Population,2022,Females,Good,"Clondalkin, South Dublin",Number,8061
General Health of Population,2022,Females,Good,"Balbriggan, Fingal",Number,6427
General Health of Population,2022,Females,Good,"Ongar, Fingal",Number,6718
General Health of Population,2022,Females,Good,"Palmerstown-Fonthill, South Dublin",Number,3673
General Health of Population,2022,Females,Good,"Ballymun-Finglas, Dublin City",Number,8710
General Health of Population,2022,Females,Good,"Cabra-Glasnevin, Dublin City",Number,9098
General Health of Population,2022,Females,Good,"Ballyfermot-Drimnagh, Dublin City",Number,7458
General Health of Population,2022,Females,Good,"Kimmage-Rathmines, Dublin City",Number,8819
General Health of Population,2022,Females,Good,"Pembroke, Dublin City",Number,5744
General Health of Population,2022,Females,Good,"South East Inner City, Dublin City",Number,5454
General Health of Population,2022,Females,Good,"North Inner City, Dublin City",Number,9635
General Health of Population,2022,Females,Good,"Clontarf, Dublin City",Number,8175
General Health of Population,2022,Females,Good,"Donaghmede, Dublin City",Number,7637
General Health of Population,2022,Females,Good,"Artane-Whitehall, Dublin City",Number,8362
General Health of Population,2022,Females,Good,"South West Inner City, Dublin City",Number,6186
General Health of Population,2022,Females,Good,"Ennistimon, Clare",Number,2902
General Health of Population,2022,Females,Good,"Killaloe, Clare",Number,3081
General Health of Population,2022,Females,Good,"Shannon, Clare",Number,5037
General Health of Population,2022,Females,Good,"Ennis, Clare",Number,5358
General Health of Population,2022,Females,Good,"Kilrush, Clare",Number,3653
General Health of Population,2022,Females,Good,"Kanturk, Cork County",Number,4151
General Health of Population,2022,Females,Good,"Fermoy, Cork County",Number,6119
General Health of Population,2022,Females,Good,"Midleton, Cork County",Number,7474
General Health of Population,2022,Females,Good,"Carrigaline, Cork County",Number,5690
General Health of Population,2022,Females,Good,"Cobh, Cork County",Number,5443
General Health of Population,2022,Females,Good,"Bandon-Kinsale, Cork County",Number,5872
General Health of Population,2022,Females,Good,"Bantry-West Cork, Cork County",Number,3872
General Health of Population,2022,Females,Good,"Skibbereen-West Cork, Cork County",Number,4909
General Health of Population,2022,Females,Good,"Macroom, Cork County",Number,5516
General Health of Population,2022,Females,Good,"Mallow, Cork County",Number,4833
General Health of Population,2022,Females,Good,"Cork City North West, Cork City",Number,6352
General Health of Population,2022,Females,Good,"Cork City North East, Cork City",Number,6645
General Health of Population,2022,Females,Good,"Cork City South East, Cork City",Number,6534
General Health of Population,2022,Females,Good,"Cork City South Central, Cork City",Number,6367
General Health of Population,2022,Females,Good,"Cork City South West, Cork City",Number,7821
General Health of Population,2022,Females,Good,"Glenties, Donegal",Number,3834
General Health of Population,2022,Females,Good,"Milford, Donegal",Number,2296
General Health of Population,2022,Females,Good,"Carndonagh, Donegal",Number,2878
General Health of Population,2022,Females,Good,"Buncrana, Donegal",Number,3369
General Health of Population,2022,Females,Good,"Donegal, Donegal",Number,4560
General Health of Population,2022,Females,Good,"Letterkenny, Donegal",Number,4913
General Health of Population,2022,Females,Good,"Lifford-Stranorlar, Donegal",Number,4377
General Health of Population,2022,Females,Good,"Conamara North, Galway County",Number,2896
General Health of Population,2022,Females,Good,"Tuam, Galway County",Number,5529
General Health of Population,2022,Females,Good,"Ballinasloe, Galway County",Number,4679
General Health of Population,2022,Females,Good,"Loughrea, Galway County",Number,3889
General Health of Population,2022,Females,Good,"Athenry-Oranmore, Galway County",Number,5130
General Health of Population,2022,Females,Good,"Gort-Kinvara, Galway County",Number,3727
General Health of Population,2022,Females,Good,"Conamara South, Galway County",Number,3269
General Health of Population,2022,Females,Good,"Galway City West, Galway City",Number,4027
General Health of Population,2022,Females,Good,"Galway City Central, Galway City",Number,4640
General Health of Population,2022,Females,Good,"Galway City East, Galway City",Number,4552
General Health of Population,2022,Females,Good,"Listowel, Kerry",Number,4897
General Health of Population,2022,Females,Good,"Castleisland, Kerry",Number,2891
General Health of Population,2022,Females,Good,"Killarney, Kerry",Number,4957
General Health of Population,2022,Females,Good,"Kenmare, Kerry",Number,4357
General Health of Population,2022,Females,Good,"Corca Dhuibhne, Kerry",Number,2375
General Health of Population,2022,Females,Good,"Tralee, Kerry",Number,5716
General Health of Population,2022,Females,Good,"Maynooth, Kildare",Number,4672
General Health of Population,2022,Females,Good,"Celbridge, Kildare",Number,3490
General Health of Population,2022,Females,Good,"Naas, Kildare",Number,6764
General Health of Population,2022,Females,Good,"Athy, Kildare",Number,4334
General Health of Population,2022,Females,Good,"Kildare, Kildare",Number,4575
General Health of Population,2022,Females,Good,"Clane, Kildare",Number,4737
General Health of Population,2022,Females,Good,"Leixlip, Kildare",Number,2475
General Health of Population,2022,Females,Good,"Newbridge, Kildare",Number,5628
General Health of Population,2022,Females,Good,"Castlecomer, Kilkenny",Number,3706
General Health of Population,2022,Females,Good,"Kilkenny, Kilkenny",Number,4695
General Health of Population,2022,Females,Good,"Piltown, Kilkenny",Number,3382
General Health of Population,2022,Females,Good,"Callan-Thomastown, Kilkenny",Number,3917
General Health of Population,2022,Females,Good,Ireland,Number,778510
General Health of Population,2022,Females,Fair,"Borris-In-Ossory-Mountmellick, Laois",Number,1299
General Health of Population,2022,Females,Fair,"Portlaoise, Laois",Number,1552
General Health of Population,2022,Females,Fair,"Graiguecullen -Portarlington, Laois",Number,1329
General Health of Population,2022,Females,Fair,"Carlow, Carlow",Number,1362
General Health of Population,2022,Females,Fair,"Tullow, Carlow",Number,1053
General Health of Population,2022,Females,Fair,"Muinebeag, Carlow",Number,767
General Health of Population,2022,Females,Fair,"Manorhamilton, Leitrim",Number,621
General Health of Population,2022,Females,Fair,"Ballinamore, Leitrim",Number,541
General Health of Population,2022,Females,Fair,"Carrick-On-Shannon, Leitrim",Number,652
General Health of Population,2022,Females,Fair,"Newcastle West, Limerick",Number,1383
General Health of Population,2022,Females,Fair,"Adare-Rathkeale, Limerick",Number,1305
General Health of Population,2022,Females,Fair,"Cappamore-Kilmallock, Limerick",Number,1710
General Health of Population,2022,Females,Fair,"Limerick City West, Limerick",Number,1693
General Health of Population,2022,Females,Fair,"Limerick City North, Limerick",Number,2111
General Health of Population,2022,Females,Fair,"Limerick City East, Limerick",Number,1730
General Health of Population,2022,Females,Fair,"Granard, Longford",Number,533
General Health of Population,2022,Females,Fair,"Ballymahon, Longford",Number,757
General Health of Population,2022,Females,Fair,"Longford, Longford",Number,1001
General Health of Population,2022,Females,Fair,"Dundalk-Carlingford, Louth",Number,1304
General Health of Population,2022,Females,Fair,"Dundalk South, Louth",Number,1795
General Health of Population,2022,Females,Fair,"Ardee, Louth",Number,1259
General Health of Population,2022,Females,Fair,"Drogheda Rural, Louth",Number,871
General Health of Population,2022,Females,Fair,"Drogheda Urban, Louth",Number,1676
General Health of Population,2022,Females,Fair,"Ballina, Mayo",Number,1370
General Health of Population,2022,Females,Fair,"Claremorris, Mayo",Number,1416
General Health of Population,2022,Females,Fair,"Castlebar, Mayo",Number,1480
General Health of Population,2022,Females,Fair,"Belmullet, Mayo",Number,924
General Health of Population,2022,Females,Fair,"Westport, Mayo",Number,934
General Health of Population,2022,Females,Fair,"Swinford, Mayo",Number,1012
General Health of Population,2022,Females,Fair,"Kells, Meath",Number,1506
General Health of Population,2022,Females,Fair,"Laytown-Bettystown, Meath",Number,1613
General Health of Population,2022,Females,Fair,"Ashbourne, Meath",Number,1220
General Health of Population,2022,Females,Fair,"Ratoath, Meath",Number,1205
General Health of Population,2022,Females,Fair,"Trim, Meath",Number,1324
General Health of Population,2022,Females,Fair,"Navan, Meath",Number,1679
General Health of Population,2022,Females,Fair,"Monaghan, Monaghan",Number,1061
General Health of Population,2022,Females,Fair,"Carrickmacross-Castleblayney, Monaghan",Number,1041
General Health of Population,2022,Females,Fair,"Ballybay-Clones, Monaghan",Number,806
General Health of Population,2022,Females,Fair,"Birr, Offaly",Number,1300
General Health of Population,2022,Females,Fair,"Tullamore, Offaly",Number,1465
General Health of Population,2022,Females,Fair,"Edenderry, Offaly",Number,1289
General Health of Population,2022,Females,Fair,"Boyle, Roscommon",Number,1309
General Health of Population,2022,Females,Fair,"Roscommon, Roscommon",Number,1266
General Health of Population,2022,Females,Fair,"Athlone, Roscommon",Number,860
General Health of Population,2022,Females,Fair,"Ballymote-Tobercurry, Sligo",Number,1408
General Health of Population,2022,Females,Fair,"Sligo-Drumcliff, Sligo",Number,742
General Health of Population,2022,Females,Fair,"Sligo-Strandhill, Sligo",Number,1319
General Health of Population,2022,Females,Fair,"Cavan-Belturbet, Cavan",Number,1360
General Health of Population,2022,Females,Fair,"Bailieborough-Cootehill, Cavan",Number,1030
General Health of Population,2022,Females,Fair,"Ballyjamesduff, Cavan",Number,1236
General Health of Population,2022,Females,Fair,"Nenagh, Tipperary",Number,1107
General Health of Population,2022,Females,Fair,"Roscrea-Templemore, Tipperary",Number,856
General Health of Population,2022,Females,Fair,"Carrick-On-Suir, Tipperary",Number,1040
General Health of Population,2022,Females,Fair,"Clonmel, Tipperary",Number,1287
General Health of Population,2022,Females,Fair,"Cashel-Tipperary, Tipperary",Number,1463
General Health of Population,2022,Females,Fair,"Newport, Tipperary",Number,731
General Health of Population,2022,Females,Fair,"Thurles, Tipperary",Number,970
General Health of Population,2022,Females,Fair,"Cahir, Tipperary",Number,673
General Health of Population,2022,Females,Fair,"Dungarvan, Waterford",Number,1071
General Health of Population,2022,Females,Fair,"Portlaw-Kilmacthomas, Waterford",Number,749
General Health of Population,2022,Females,Fair,"Lismore, Waterford",Number,504
General Health of Population,2022,Females,Fair,"Tramore-Waterford City West, Waterford",Number,1196
General Health of Population,2022,Females,Fair,"Waterford City South, Waterford",Number,1485
General Health of Population,2022,Females,Fair,"Waterford City East, Waterford",Number,1082
General Health of Population,2022,Females,Fair,"Athlone, Westmeath",Number,1140
General Health of Population,2022,Females,Fair,"Moate, Westmeath",Number,860
General Health of Population,2022,Females,Fair,"Kinnegad, Westmeath",Number,1059
General Health of Population,2022,Females,Fair,"Mullingar, Westmeath",Number,1285
General Health of Population,2022,Females,Fair,"Gorey, Wexford",Number,1528
General Health of Population,2022,Females,Fair,"Kilmuckridge, Wexford",Number,878
General Health of Population,2022,Females,Fair,"New Ross, Wexford",Number,1435
General Health of Population,2022,Females,Fair,"Rosslare, Wexford",Number,1126
General Health of Population,2022,Females,Fair,"Wexford, Wexford",Number,1773
General Health of Population,2022,Females,Fair,"Enniscorthy, Wexford",Number,1554
General Health of Population,2022,Females,Fair,"Baltinglass, Wicklow",Number,1176
General Health of Population,2022,Females,Fair,"Bray West, Wicklow",Number,854
General Health of Population,2022,Females,Fair,"Greystones, Wicklow",Number,1064
General Health of Population,2022,Females,Fair,"Wicklow, Wicklow",Number,1353
General Health of Population,2022,Females,Fair,"Arklow, Wicklow",Number,1276
General Health of Population,2022,Females,Fair,"Bray East, Wicklow",Number,961
General Health of Population,2022,Females,Fair,"Rush-Lusk, Fingal",Number,1570
General Health of Population,2022,Females,Fair,"Swords, Fingal",Number,1879
General Health of Population,2022,Females,Fair,"Blanchardstown-Mulhuddart, Fingal",Number,1514
General Health of Population,2022,Females,Fair,"Castleknock, Fingal",Number,1798
General Health of Population,2022,Females,Fair,"Howth-Malahide, Fingal",Number,2554
General Health of Population,2022,Females,Fair,"Stillorgan, Dún Laoghaire-Rathdown",Number,1125
General Health of Population,2022,Females,Fair,"Dundrum, Dún Laoghaire-Rathdown",Number,1312
General Health of Population,2022,Females,Fair,"Glencullen-Sandyford, Dún Laoghaire-Rathdown",Number,1616
General Health of Population,2022,Females,Fair,"Killiney-Shankill, Dún Laoghaire-Rathdown",Number,1773
General Health of Population,2022,Females,Fair,"Dún Laoghaire, Dún Laoghaire-Rathdown",Number,2106
General Health of Population,2022,Females,Fair,"Blackrock, Dún Laoghaire-Rathdown",Number,1246
General Health of Population,2022,Females,Fair,"Lucan, South Dublin",Number,1826
General Health of Population,2022,Females,Fair,"Tallaght Central, South Dublin",Number,2015
General Health of Population,2022,Females,Fair,"Rathfarnham-Templeogue, South Dublin",Number,2301
General Health of Population,2022,Females,Fair,"Firhouse-Bohernabreena, South Dublin",Number,1380
General Health of Population,2022,Females,Fair,"Tallaght South, South Dublin",Number,2286
General Health of Population,2022,Females,Fair,"Clondalkin, South Dublin",Number,2526
General Health of Population,2022,Females,Fair,"Balbriggan, Fingal",Number,1806
General Health of Population,2022,Females,Fair,"Ongar, Fingal",Number,1645
General Health of Population,2022,Females,Fair,"Palmerstown-Fonthill, South Dublin",Number,1258
General Health of Population,2022,Females,Fair,"Ballymun-Finglas, Dublin City",Number,3248
General Health of Population,2022,Females,Fair,"Cabra-Glasnevin, Dublin City",Number,2796
General Health of Population,2022,Females,Fair,"Ballyfermot-Drimnagh, Dublin City",Number,2807
General Health of Population,2022,Females,Fair,"Kimmage-Rathmines, Dublin City",Number,2758
General Health of Population,2022,Females,Fair,"Pembroke, Dublin City",Number,1421
General Health of Population,2022,Females,Fair,"South East Inner City, Dublin City",Number,1470
General Health of Population,2022,Females,Fair,"North Inner City, Dublin City",Number,2657
General Health of Population,2022,Females,Fair,"Clontarf, Dublin City",Number,2468
General Health of Population,2022,Females,Fair,"Donaghmede, Dublin City",Number,2366
General Health of Population,2022,Females,Fair,"Artane-Whitehall, Dublin City",Number,3157
General Health of Population,2022,Females,Fair,"South West Inner City, Dublin City",Number,1843
General Health of Population,2022,Females,Fair,"Ennistimon, Clare",Number,812
General Health of Population,2022,Females,Fair,"Killaloe, Clare",Number,828
General Health of Population,2022,Females,Fair,"Shannon, Clare",Number,1527
General Health of Population,2022,Females,Fair,"Ennis, Clare",Number,1719
General Health of Population,2022,Females,Fair,"Kilrush, Clare",Number,1137
General Health of Population,2022,Females,Fair,"Kanturk, Cork County",Number,1156
General Health of Population,2022,Females,Fair,"Fermoy, Cork County",Number,1663
General Health of Population,2022,Females,Fair,"Midleton, Cork County",Number,2088
General Health of Population,2022,Females,Fair,"Carrigaline, Cork County",Number,1304
General Health of Population,2022,Females,Fair,"Cobh, Cork County",Number,1452
General Health of Population,2022,Females,Fair,"Bandon-Kinsale, Cork County",Number,1475
General Health of Population,2022,Females,Fair,"Bantry-West Cork, Cork County",Number,1163
General Health of Population,2022,Females,Fair,"Skibbereen-West Cork, Cork County",Number,1428
General Health of Population,2022,Females,Fair,"Macroom, Cork County",Number,1331
General Health of Population,2022,Females,Fair,"Mallow, Cork County",Number,1409
General Health of Population,2022,Females,Fair,"Cork City North West, Cork City",Number,2396
General Health of Population,2022,Females,Fair,"Cork City North East, Cork City",Number,2066
General Health of Population,2022,Females,Fair,"Cork City South East, Cork City",Number,1964
General Health of Population,2022,Females,Fair,"Cork City South Central, Cork City",Number,1982
General Health of Population,2022,Females,Fair,"Cork City South West, Cork City",Number,2247
General Health of Population,2022,Females,Fair,"Glenties, Donegal",Number,1595
General Health of Population,2022,Females,Fair,"Milford, Donegal",Number,651
General Health of Population,2022,Females,Fair,"Carndonagh, Donegal",Number,930
General Health of Population,2022,Females,Fair,"Buncrana, Donegal",Number,1147
General Health of Population,2022,Females,Fair,"Donegal, Donegal",Number,1558
General Health of Population,2022,Females,Fair,"Letterkenny, Donegal",Number,1588
General Health of Population,2022,Females,Fair,"Lifford-Stranorlar, Donegal",Number,1509
General Health of Population,2022,Females,Fair,"Conamara North, Galway County",Number,976
General Health of Population,2022,Females,Fair,"Tuam, Galway County",Number,1535
General Health of Population,2022,Females,Fair,"Ballinasloe, Galway County",Number,1438
General Health of Population,2022,Females,Fair,"Loughrea, Galway County",Number,1192
General Health of Population,2022,Females,Fair,"Athenry-Oranmore, Galway County",Number,1289
General Health of Population,2022,Females,Fair,"Gort-Kinvara, Galway County",Number,987
General Health of Population,2022,Females,Fair,"Conamara South, Galway County",Number,1028
General Health of Population,2022,Females,Fair,"Galway City West, Galway City",Number,1108
General Health of Population,2022,Females,Fair,"Galway City Central, Galway City",Number,1416
General Health of Population,2022,Females,Fair,"Galway City East, Galway City",Number,1385
General Health of Population,2022,Females,Fair,"Listowel, Kerry",Number,1539
General Health of Population,2022,Females,Fair,"Castleisland, Kerry",Number,798
General Health of Population,2022,Females,Fair,"Killarney, Kerry",Number,1279
General Health of Population,2022,Females,Fair,"Kenmare, Kerry",Number,1235
General Health of Population,2022,Females,Fair,"Corca Dhuibhne, Kerry",Number,651
General Health of Population,2022,Females,Fair,"Tralee, Kerry",Number,1908
General Health of Population,2022,Females,Fair,"Maynooth, Kildare",Number,1178
General Health of Population,2022,Females,Fair,"Celbridge, Kildare",Number,862
General Health of Population,2022,Females,Fair,"Naas, Kildare",Number,1636
General Health of Population,2022,Females,Fair,"Athy, Kildare",Number,1349
General Health of Population,2022,Females,Fair,"Kildare, Kildare",Number,1335
General Health of Population,2022,Females,Fair,"Clane, Kildare",Number,1302
General Health of Population,2022,Females,Fair,"Leixlip, Kildare",Number,694
General Health of Population,2022,Females,Fair,"Newbridge, Kildare",Number,1643
General Health of Population,2022,Females,Fair,"Castlecomer, Kilkenny",Number,1083
General Health of Population,2022,Females,Fair,"Kilkenny, Kilkenny",Number,1487
General Health of Population,2022,Females,Fair,"Piltown, Kilkenny",Number,1008
General Health of Population,2022,Females,Fair,"Callan-Thomastown, Kilkenny",Number,1078
General Health of Population,2022,Females,Fair,Ireland,Number,232086
General Health of Population,2022,Females,Bad,"Borris-In-Ossory-Mountmellick, Laois",Number,230
General Health of Population,2022,Females,Bad,"Portlaoise, Laois",Number,285
General Health of Population,2022,Females,Bad,"Graiguecullen -Portarlington, Laois",Number,220
General Health of Population,2022,Females,Bad,"Carlow, Carlow",Number,259
General Health of Population,2022,Females,Bad,"Tullow, Carlow",Number,165
General Health of Population,2022,Females,Bad,"Muinebeag, Carlow",Number,109
General Health of Population,2022,Females,Bad,"Manorhamilton, Leitrim",Number,99
General Health of Population,2022,Females,Bad,"Ballinamore, Leitrim",Number,98
General Health of Population,2022,Females,Bad,"Carrick-On-Shannon, Leitrim",Number,109
General Health of Population,2022,Females,Bad,"Newcastle West, Limerick",Number,190
General Health of Population,2022,Females,Bad,"Adare-Rathkeale, Limerick",Number,218
General Health of Population,2022,Females,Bad,"Cappamore-Kilmallock, Limerick",Number,246
General Health of Population,2022,Females,Bad,"Limerick City West, Limerick",Number,334
General Health of Population,2022,Females,Bad,"Limerick City North, Limerick",Number,425
General Health of Population,2022,Females,Bad,"Limerick City East, Limerick",Number,348
General Health of Population,2022,Females,Bad,"Granard, Longford",Number,95
General Health of Population,2022,Females,Bad,"Ballymahon, Longford",Number,136
General Health of Population,2022,Females,Bad,"Longford, Longford",Number,208
General Health of Population,2022,Females,Bad,"Dundalk-Carlingford, Louth",Number,255
General Health of Population,2022,Females,Bad,"Dundalk South, Louth",Number,291
General Health of Population,2022,Females,Bad,"Ardee, Louth",Number,187
General Health of Population,2022,Females,Bad,"Drogheda Rural, Louth",Number,129
General Health of Population,2022,Females,Bad,"Drogheda Urban, Louth",Number,313
General Health of Population,2022,Females,Bad,"Ballina, Mayo",Number,224
General Health of Population,2022,Females,Bad,"Claremorris, Mayo",Number,209
General Health of Population,2022,Females,Bad,"Castlebar, Mayo",Number,268
General Health of Population,2022,Females,Bad,"Belmullet, Mayo",Number,145
General Health of Population,2022,Females,Bad,"Westport, Mayo",Number,142
General Health of Population,2022,Females,Bad,"Swinford, Mayo",Number,163
General Health of Population,2022,Females,Bad,"Kells, Meath",Number,230
General Health of Population,2022,Females,Bad,"Laytown-Bettystown, Meath",Number,265
General Health of Population,2022,Females,Bad,"Ashbourne, Meath",Number,185
General Health of Population,2022,Females,Bad,"Ratoath, Meath",Number,179
General Health of Population,2022,Females,Bad,"Trim, Meath",Number,213
General Health of Population,2022,Females,Bad,"Navan, Meath",Number,265
General Health of Population,2022,Females,Bad,"Monaghan, Monaghan",Number,146
General Health of Population,2022,Females,Bad,"Carrickmacross-Castleblayney, Monaghan",Number,171
General Health of Population,2022,Females,Bad,"Ballybay-Clones, Monaghan",Number,105
General Health of Population,2022,Females,Bad,"Birr, Offaly",Number,230
General Health of Population,2022,Females,Bad,"Tullamore, Offaly",Number,274
General Health of Population,2022,Females,Bad,"Edenderry, Offaly",Number,238
General Health of Population,2022,Females,Bad,"Boyle, Roscommon",Number,209
General Health of Population,2022,Females,Bad,"Roscommon, Roscommon",Number,234
General Health of Population,2022,Females,Bad,"Athlone, Roscommon",Number,145
General Health of Population,2022,Females,Bad,"Ballymote-Tobercurry, Sligo",Number,185
General Health of Population,2022,Females,Bad,"Sligo-Drumcliff, Sligo",Number,108
General Health of Population,2022,Females,Bad,"Sligo-Strandhill, Sligo",Number,237
General Health of Population,2022,Females,Bad,"Cavan-Belturbet, Cavan",Number,208
General Health of Population,2022,Females,Bad,"Bailieborough-Cootehill, Cavan",Number,183
General Health of Population,2022,Females,Bad,"Ballyjamesduff, Cavan",Number,188
General Health of Population,2022,Females,Bad,"Nenagh, Tipperary",Number,170
General Health of Population,2022,Females,Bad,"Roscrea-Templemore, Tipperary",Number,125
General Health of Population,2022,Females,Bad,"Carrick-On-Suir, Tipperary",Number,194
General Health of Population,2022,Females,Bad,"Clonmel, Tipperary",Number,201
General Health of Population,2022,Females,Bad,"Cashel-Tipperary, Tipperary",Number,235
General Health of Population,2022,Females,Bad,"Newport, Tipperary",Number,120
General Health of Population,2022,Females,Bad,"Thurles, Tipperary",Number,156
General Health of Population,2022,Females,Bad,"Cahir, Tipperary",Number,95
General Health of Population,2022,Females,Bad,"Dungarvan, Waterford",Number,176
General Health of Population,2022,Females,Bad,"Portlaw-Kilmacthomas, Waterford",Number,124
General Health of Population,2022,Females,Bad,"Lismore, Waterford",Number,72
General Health of Population,2022,Females,Bad,"Tramore-Waterford City West, Waterford",Number,164
General Health of Population,2022,Females,Bad,"Waterford City South, Waterford",Number,275
General Health of Population,2022,Females,Bad,"Waterford City East, Waterford",Number,163
General Health of Population,2022,Females,Bad,"Athlone, Westmeath",Number,182
General Health of Population,2022,Females,Bad,"Moate, Westmeath",Number,134
General Health of Population,2022,Females,Bad,"Kinnegad, Westmeath",Number,189
General Health of Population,2022,Females,Bad,"Mullingar, Westmeath",Number,207
General Health of Population,2022,Females,Bad,"Gorey, Wexford",Number,255
General Health of Population,2022,Females,Bad,"Kilmuckridge, Wexford",Number,152
General Health of Population,2022,Females,Bad,"New Ross, Wexford",Number,217
General Health of Population,2022,Females,Bad,"Rosslare, Wexford",Number,173
General Health of Population,2022,Females,Bad,"Wexford, Wexford",Number,342
General Health of Population,2022,Females,Bad,"Enniscorthy, Wexford",Number,261
General Health of Population,2022,Females,Bad,"Baltinglass, Wicklow",Number,190
General Health of Population,2022,Females,Bad,"Bray West, Wicklow",Number,118
General Health of Population,2022,Females,Bad,"Greystones, Wicklow",Number,194
General Health of Population,2022,Females,Bad,"Wicklow, Wicklow",Number,214
General Health of Population,2022,Females,Bad,"Arklow, Wicklow",Number,210
General Health of Population,2022,Females,Bad,"Bray East, Wicklow",Number,145
General Health of Population,2022,Females,Bad,"Rush-Lusk, Fingal",Number,264
General Health of Population,2022,Females,Bad,"Swords, Fingal",Number,345
General Health of Population,2022,Females,Bad,"Blanchardstown-Mulhuddart, Fingal",Number,296
General Health of Population,2022,Females,Bad,"Castleknock, Fingal",Number,306
General Health of Population,2022,Females,Bad,"Howth-Malahide, Fingal",Number,415
General Health of Population,2022,Females,Bad,"Stillorgan, Dún Laoghaire-Rathdown",Number,141
General Health of Population,2022,Females,Bad,"Dundrum, Dún Laoghaire-Rathdown",Number,224
General Health of Population,2022,Females,Bad,"Glencullen-Sandyford, Dún Laoghaire-Rathdown",Number,245
General Health of Population,2022,Females,Bad,"Killiney-Shankill, Dún Laoghaire-Rathdown",Number,293
General Health of Population,2022,Females,Bad,"Dún Laoghaire, Dún Laoghaire-Rathdown",Number,348
General Health of Population,2022,Females,Bad,"Blackrock, Dún Laoghaire-Rathdown",Number,192
General Health of Population,2022,Females,Bad,"Lucan, South Dublin",Number,328
General Health of Population,2022,Females,Bad,"Tallaght Central, South Dublin",Number,410
General Health of Population,2022,Females,Bad,"Rathfarnham-Templeogue, South Dublin",Number,369
General Health of Population,2022,Females,Bad,"Firhouse-Bohernabreena, South Dublin",Number,212
General Health of Population,2022,Females,Bad,"Tallaght South, South Dublin",Number,389
General Health of Population,2022,Females,Bad,"Clondalkin, South Dublin",Number,454
General Health of Population,2022,Females,Bad,"Balbriggan, Fingal",Number,347
General Health of Population,2022,Females,Bad,"Ongar, Fingal",Number,254
General Health of Population,2022,Females,Bad,"Palmerstown-Fonthill, South Dublin",Number,265
General Health of Population,2022,Females,Bad,"Ballymun-Finglas, Dublin City",Number,672
General Health of Population,2022,Females,Bad,"Cabra-Glasnevin, Dublin City",Number,505
General Health of Population,2022,Females,Bad,"Ballyfermot-Drimnagh, Dublin City",Number,559
General Health of Population,2022,Females,Bad,"Kimmage-Rathmines, Dublin City",Number,482
General Health of Population,2022,Females,Bad,"Pembroke, Dublin City",Number,237
General Health of Population,2022,Females,Bad,"South East Inner City, Dublin City",Number,272
General Health of Population,2022,Females,Bad,"North Inner City, Dublin City",Number,545
General Health of Population,2022,Females,Bad,"Clontarf, Dublin City",Number,404
General Health of Population,2022,Females,Bad,"Donaghmede, Dublin City",Number,412
General Health of Population,2022,Females,Bad,"Artane-Whitehall, Dublin City",Number,578
General Health of Population,2022,Females,Bad,"South West Inner City, Dublin City",Number,411
General Health of Population,2022,Females,Bad,"Ennistimon, Clare",Number,107
General Health of Population,2022,Females,Bad,"Killaloe, Clare",Number,118
General Health of Population,2022,Females,Bad,"Shannon, Clare",Number,271
General Health of Population,2022,Females,Bad,"Ennis, Clare",Number,286
General Health of Population,2022,Females,Bad,"Kilrush, Clare",Number,198
General Health of Population,2022,Females,Bad,"Kanturk, Cork County",Number,179
General Health of Population,2022,Females,Bad,"Fermoy, Cork County",Number,252
General Health of Population,2022,Females,Bad,"Midleton, Cork County",Number,291
General Health of Population,2022,Females,Bad,"Carrigaline, Cork County",Number,206
General Health of Population,2022,Females,Bad,"Cobh, Cork County",Number,207
General Health of Population,2022,Females,Bad,"Bandon-Kinsale, Cork County",Number,234
General Health of Population,2022,Females,Bad,"Bantry-West Cork, Cork County",Number,162
General Health of Population,2022,Females,Bad,"Skibbereen-West Cork, Cork County",Number,210
General Health of Population,2022,Females,Bad,"Macroom, Cork County",Number,172
General Health of Population,2022,Females,Bad,"Mallow, Cork County",Number,202
General Health of Population,2022,Females,Bad,"Cork City North West, Cork City",Number,428
General Health of Population,2022,Females,Bad,"Cork City North East, Cork City",Number,362
General Health of Population,2022,Females,Bad,"Cork City South East, Cork City",Number,299
General Health of Population,2022,Females,Bad,"Cork City South Central, Cork City",Number,313
General Health of Population,2022,Females,Bad,"Cork City South West, Cork City",Number,391
General Health of Population,2022,Females,Bad,"Glenties, Donegal",Number,238
General Health of Population,2022,Females,Bad,"Milford, Donegal",Number,103
General Health of Population,2022,Females,Bad,"Carndonagh, Donegal",Number,139
General Health of Population,2022,Females,Bad,"Buncrana, Donegal",Number,166
General Health of Population,2022,Females,Bad,"Donegal, Donegal",Number,203
General Health of Population,2022,Females,Bad,"Letterkenny, Donegal",Number,274
General Health of Population,2022,Females,Bad,"Lifford-Stranorlar, Donegal",Number,275
General Health of Population,2022,Females,Bad,"Conamara North, Galway County",Number,130
General Health of Population,2022,Females,Bad,"Tuam, Galway County",Number,281
General Health of Population,2022,Females,Bad,"Ballinasloe, Galway County",Number,220
General Health of Population,2022,Females,Bad,"Loughrea, Galway County",Number,146
General Health of Population,2022,Females,Bad,"Athenry-Oranmore, Galway County",Number,181
General Health of Population,2022,Females,Bad,"Gort-Kinvara, Galway County",Number,111
General Health of Population,2022,Females,Bad,"Conamara South, Galway County",Number,160
General Health of Population,2022,Females,Bad,"Galway City West, Galway City",Number,196
General Health of Population,2022,Females,Bad,"Galway City Central, Galway City",Number,235
General Health of Population,2022,Females,Bad,"Galway City East, Galway City",Number,229
General Health of Population,2022,Females,Bad,"Listowel, Kerry",Number,233
General Health of Population,2022,Females,Bad,"Castleisland, Kerry",Number,114
General Health of Population,2022,Females,Bad,"Killarney, Kerry",Number,168
General Health of Population,2022,Females,Bad,"Kenmare, Kerry",Number,166
General Health of Population,2022,Females,Bad,"Corca Dhuibhne, Kerry",Number,94
General Health of Population,2022,Females,Bad,"Tralee, Kerry",Number,347
General Health of Population,2022,Females,Bad,"Maynooth, Kildare",Number,182
General Health of Population,2022,Females,Bad,"Celbridge, Kildare",Number,130
General Health of Population,2022,Females,Bad,"Naas, Kildare",Number,255
General Health of Population,2022,Females,Bad,"Athy, Kildare",Number,257
General Health of Population,2022,Females,Bad,"Kildare, Kildare",Number,201
General Health of Population,2022,Females,Bad,"Clane, Kildare",Number,223
General Health of Population,2022,Females,Bad,"Leixlip, Kildare",Number,120
General Health of Population,2022,Females,Bad,"Newbridge, Kildare",Number,303
General Health of Population,2022,Females,Bad,"Castlecomer, Kilkenny",Number,151
General Health of Population,2022,Females,Bad,"Kilkenny, Kilkenny",Number,240
General Health of Population,2022,Females,Bad,"Piltown, Kilkenny",Number,146
General Health of Population,2022,Females,Bad,"Callan-Thomastown, Kilkenny",Number,160
General Health of Population,2022,Females,Bad,Ireland,Number,38590
General Health of Population,2022,Females,Very Bad,"Borris-In-Ossory-Mountmellick, Laois",Number,45
General Health of Population,2022,Females,Very Bad,"Portlaoise, Laois",Number,58
General Health of Population,2022,Females,Very Bad,"Graiguecullen -Portarlington, Laois",Number,52
General Health of Population,2022,Females,Very Bad,"Carlow, Carlow",Number,59
General Health of Population,2022,Females,Very Bad,"Tullow, Carlow",Number,34
General Health of Population,2022,Females,Very Bad,"Muinebeag, Carlow",Number,26
General Health of Population,2022,Females,Very Bad,"Manorhamilton, Leitrim",Number,12
General Health of Population,2022,Females,Very Bad,"Ballinamore, Leitrim",Number,13
General Health of Population,2022,Females,Very Bad,"Carrick-On-Shannon, Leitrim",Number,14
General Health of Population,2022,Females,Very Bad,"Newcastle West, Limerick",Number,38
General Health of Population,2022,Females,Very Bad,"Adare-Rathkeale, Limerick",Number,59
General Health of Population,2022,Females,Very Bad,"Cappamore-Kilmallock, Limerick",Number,65
General Health of Population,2022,Females,Very Bad,"Limerick City West, Limerick",Number,70
General Health of Population,2022,Females,Very Bad,"Limerick City North, Limerick",Number,86
General Health of Population,2022,Females,Very Bad,"Limerick City East, Limerick",Number,62
General Health of Population,2022,Females,Very Bad,"Granard, Longford",Number,24
General Health of Population,2022,Females,Very Bad,"Ballymahon, Longford",Number,34
General Health of Population,2022,Females,Very Bad,"Longford, Longford",Number,46
General Health of Population,2022,Females,Very Bad,"Dundalk-Carlingford, Louth",Number,48
General Health of Population,2022,Females,Very Bad,"Dundalk South, Louth",Number,68
General Health of Population,2022,Females,Very Bad,"Ardee, Louth",Number,42
General Health of Population,2022,Females,Very Bad,"Drogheda Rural, Louth",Number,29
General Health of Population,2022,Females,Very Bad,"Drogheda Urban, Louth",Number,74
General Health of Population,2022,Females,Very Bad,"Ballina, Mayo",Number,51
General Health of Population,2022,Females,Very Bad,"Claremorris, Mayo",Number,50
General Health of Population,2022,Females,Very Bad,"Castlebar, Mayo",Number,44
General Health of Population,2022,Females,Very Bad,"Belmullet, Mayo",Number,42
General Health of Population,2022,Females,Very Bad,"Westport, Mayo",Number,23
General Health of Population,2022,Females,Very Bad,"Swinford, Mayo",Number,43
General Health of Population,2022,Females,Very Bad,"Kells, Meath",Number,53
General Health of Population,2022,Females,Very Bad,"Laytown-Bettystown, Meath",Number,57
General Health of Population,2022,Females,Very Bad,"Ashbourne, Meath",Number,46
General Health of Population,2022,Females,Very Bad,"Ratoath, Meath",Number,36
General Health of Population,2022,Females,Very Bad,"Trim, Meath",Number,38
General Health of Population,2022,Females,Very Bad,"Navan, Meath",Number,82
General Health of Population,2022,Females,Very Bad,"Monaghan, Monaghan",Number,35
General Health of Population,2022,Females,Very Bad,"Carrickmacross-Castleblayney, Monaghan",Number,32
General Health of Population,2022,Females,Very Bad,"Ballybay-Clones, Monaghan",Number,22
General Health of Population,2022,Females,Very Bad,"Birr, Offaly",Number,56
General Health of Population,2022,Females,Very Bad,"Tullamore, Offaly",Number,55
General Health of Population,2022,Females,Very Bad,"Edenderry, Offaly",Number,50
General Health of Population,2022,Females,Very Bad,"Boyle, Roscommon",Number,60
General Health of Population,2022,Females,Very Bad,"Roscommon, Roscommon",Number,41
General Health of Population,2022,Females,Very Bad,"Athlone, Roscommon",Number,37
General Health of Population,2022,Females,Very Bad,"Ballymote-Tobercurry, Sligo",Number,41
General Health of Population,2022,Females,Very Bad,"Sligo-Drumcliff, Sligo",Number,33
General Health of Population,2022,Females,Very Bad,"Sligo-Strandhill, Sligo",Number,47
General Health of Population,2022,Females,Very Bad,"Cavan-Belturbet, Cavan",Number,62
General Health of Population,2022,Females,Very Bad,"Bailieborough-Cootehill, Cavan",Number,22
General Health of Population,2022,Females,Very Bad,"Ballyjamesduff, Cavan",Number,44
General Health of Population,2022,Females,Very Bad,"Nenagh, Tipperary",Number,47
General Health of Population,2022,Females,Very Bad,"Roscrea-Templemore, Tipperary",Number,33
General Health of Population,2022,Females,Very Bad,"Carrick-On-Suir, Tipperary",Number,62
General Health of Population,2022,Females,Very Bad,"Clonmel, Tipperary",Number,53
General Health of Population,2022,Females,Very Bad,"Cashel-Tipperary, Tipperary",Number,56
General Health of Population,2022,Females,Very Bad,"Newport, Tipperary",Number,41
General Health of Population,2022,Females,Very Bad,"Thurles, Tipperary",Number,36
General Health of Population,2022,Females,Very Bad,"Cahir, Tipperary",Number,23
General Health of Population,2022,Females,Very Bad,"Dungarvan, Waterford",Number,34
General Health of Population,2022,Females,Very Bad,"Portlaw-Kilmacthomas, Waterford",Number,20
General Health of Population,2022,Females,Very Bad,"Lismore, Waterford",Number,18
General Health of Population,2022,Females,Very Bad,"Tramore-Waterford City West, Waterford",Number,40
General Health of Population,2022,Females,Very Bad,"Waterford City South, Waterford",Number,56
General Health of Population,2022,Females,Very Bad,"Waterford City East, Waterford",Number,38
General Health of Population,2022,Females,Very Bad,"Athlone, Westmeath",Number,46
General Health of Population,2022,Females,Very Bad,"Moate, Westmeath",Number,23
General Health of Population,2022,Females,Very Bad,"Kinnegad, Westmeath",Number,41
General Health of Population,2022,Females,Very Bad,"Mullingar, Westmeath",Number,41
General Health of Population,2022,Females,Very Bad,"Gorey, Wexford",Number,58
General Health of Population,2022,Females,Very Bad,"Kilmuckridge, Wexford",Number,29
General Health of Population,2022,Females,Very Bad,"New Ross, Wexford",Number,33
General Health of Population,2022,Females,Very Bad,"Rosslare, Wexford",Number,40
General Health of Population,2022,Females,Very Bad,"Wexford, Wexford",Number,85
General Health of Population,2022,Females,Very Bad,"Enniscorthy, Wexford",Number,54
General Health of Population,2022,Females,Very Bad,"Baltinglass, Wicklow",Number,54
General Health of Population,2022,Females,Very Bad,"Bray West, Wicklow",Number,32
General Health of Population,2022,Females,Very Bad,"Greystones, Wicklow",Number,49
General Health of Population,2022,Females,Very Bad,"Wicklow, Wicklow",Number,47
General Health of Population,2022,Females,Very Bad,"Arklow, Wicklow",Number,56
General Health of Population,2022,Females,Very Bad,"Bray East, Wicklow",Number,43
General Health of Population,2022,Females,Very Bad,"Rush-Lusk, Fingal",Number,54
General Health of Population,2022,Females,Very Bad,"Swords, Fingal",Number,51
General Health of Population,2022,Females,Very Bad,"Blanchardstown-Mulhuddart, Fingal",Number,70
General Health of Population,2022,Females,Very Bad,"Castleknock, Fingal",Number,62
General Health of Population,2022,Females,Very Bad,"Howth-Malahide, Fingal",Number,88
General Health of Population,2022,Females,Very Bad,"Stillorgan, Dún Laoghaire-Rathdown",Number,37
General Health of Population,2022,Females,Very Bad,"Dundrum, Dún Laoghaire-Rathdown",Number,50
General Health of Population,2022,Females,Very Bad,"Glencullen-Sandyford, Dún Laoghaire-Rathdown",Number,54
General Health of Population,2022,Females,Very Bad,"Killiney-Shankill, Dún Laoghaire-Rathdown",Number,84
General Health of Population,2022,Females,Very Bad,"Dún Laoghaire, Dún Laoghaire-Rathdown",Number,74
General Health of Population,2022,Females,Very Bad,"Blackrock, Dún Laoghaire-Rathdown",Number,39
General Health of Population,2022,Females,Very Bad,"Lucan, South Dublin",Number,65
General Health of Population,2022,Females,Very Bad,"Tallaght Central, South Dublin",Number,80
General Health of Population,2022,Females,Very Bad,"Rathfarnham-Templeogue, South Dublin",Number,69
General Health of Population,2022,Females,Very Bad,"Firhouse-Bohernabreena, South Dublin",Number,41
General Health of Population,2022,Females,Very Bad,"Tallaght South, South Dublin",Number,109
General Health of Population,2022,Females,Very Bad,"Clondalkin, South Dublin",Number,99
General Health of Population,2022,Females,Very Bad,"Balbriggan, Fingal",Number,90
General Health of Population,2022,Females,Very Bad,"Ongar, Fingal",Number,57
General Health of Population,2022,Females,Very Bad,"Palmerstown-Fonthill, South Dublin",Number,58
General Health of Population,2022,Females,Very Bad,"Ballymun-Finglas, Dublin City",Number,176
General Health of Population,2022,Females,Very Bad,"Cabra-Glasnevin, Dublin City",Number,131
General Health of Population,2022,Females,Very Bad,"Ballyfermot-Drimnagh, Dublin City",Number,131
General Health of Population,2022,Females,Very Bad,"Kimmage-Rathmines, Dublin City",Number,119
General Health of Population,2022,Females,Very Bad,"Pembroke, Dublin City",Number,59
General Health of Population,2022,Females,Very Bad,"South East Inner City, Dublin City",Number,61
General Health of Population,2022,Females,Very Bad,"North Inner City, Dublin City",Number,123
General Health of Population,2022,Females,Very Bad,"Clontarf, Dublin City",Number,103
General Health of Population,2022,Females,Very Bad,"Donaghmede, Dublin City",Number,117
General Health of Population,2022,Females,Very Bad,"Artane-Whitehall, Dublin City",Number,135
General Health of Population,2022,Females,Very Bad,"South West Inner City, Dublin City",Number,83
General Health of Population,2022,Females,Very Bad,"Ennistimon, Clare",Number,30
General Health of Population,2022,Females,Very Bad,"Killaloe, Clare",Number,29
General Health of Population,2022,Females,Very Bad,"Shannon, Clare",Number,43
General Health of Population,2022,Females,Very Bad,"Ennis, Clare",Number,68
General Health of Population,2022,Females,Very Bad,"Kilrush, Clare",Number,43
General Health of Population,2022,Females,Very Bad,"Kanturk, Cork County",Number,48
General Health of Population,2022,Females,Very Bad,"Fermoy, Cork County",Number,55
General Health of Population,2022,Females,Very Bad,"Midleton, Cork County",Number,75
General Health of Population,2022,Females,Very Bad,"Carrigaline, Cork County",Number,48
General Health of Population,2022,Females,Very Bad,"Cobh, Cork County",Number,54
General Health of Population,2022,Females,Very Bad,"Bandon-Kinsale, Cork County",Number,46
General Health of Population,2022,Females,Very Bad,"Bantry-West Cork, Cork County",Number,44
General Health of Population,2022,Females,Very Bad,"Skibbereen-West Cork, Cork County",Number,64
General Health of Population,2022,Females,Very Bad,"Macroom, Cork County",Number,31
General Health of Population,2022,Females,Very Bad,"Mallow, Cork County",Number,35
General Health of Population,2022,Females,Very Bad,"Cork City North West, Cork City",Number,145
General Health of Population,2022,Females,Very Bad,"Cork City North East, Cork City",Number,80
General Health of Population,2022,Females,Very Bad,"Cork City South East, Cork City",Number,69
General Health of Population,2022,Females,Very Bad,"Cork City South Central, Cork City",Number,66
General Health of Population,2022,Females,Very Bad,"Cork City South West, Cork City",Number,86
General Health of Population,2022,Females,Very Bad,"Glenties, Donegal",Number,72
General Health of Population,2022,Females,Very Bad,"Milford, Donegal",Number,23
General Health of Population,2022,Females,Very Bad,"Carndonagh, Donegal",Number,29
General Health of Population,2022,Females,Very Bad,"Buncrana, Donegal",Number,41
General Health of Population,2022,Females,Very Bad,"Donegal, Donegal",Number,57
General Health of Population,2022,Females,Very Bad,"Letterkenny, Donegal",Number,80
General Health of Population,2022,Females,Very Bad,"Lifford-Stranorlar, Donegal",Number,85
General Health of Population,2022,Females,Very Bad,"Conamara North, Galway County",Number,38
General Health of Population,2022,Females,Very Bad,"Tuam, Galway County",Number,62
General Health of Population,2022,Females,Very Bad,"Ballinasloe, Galway County",Number,58
General Health of Population,2022,Females,Very Bad,"Loughrea, Galway County",Number,39
General Health of Population,2022,Females,Very Bad,"Athenry-Oranmore, Galway County",Number,45
General Health of Population,2022,Females,Very Bad,"Gort-Kinvara, Galway County",Number,39
General Health of Population,2022,Females,Very Bad,"Conamara South, Galway County",Number,33
General Health of Population,2022,Females,Very Bad,"Galway City West, Galway City",Number,41
General Health of Population,2022,Females,Very Bad,"Galway City Central, Galway City",Number,40
General Health of Population,2022,Females,Very Bad,"Galway City East, Galway City",Number,52
General Health of Population,2022,Females,Very Bad,"Listowel, Kerry",Number,56
General Health of Population,2022,Females,Very Bad,"Castleisland, Kerry",Number,30
General Health of Population,2022,Females,Very Bad,"Killarney, Kerry",Number,40
General Health of Population,2022,Females,Very Bad,"Kenmare, Kerry",Number,40
General Health of Population,2022,Females,Very Bad,"Corca Dhuibhne, Kerry",Number,19
General Health of Population,2022,Females,Very Bad,"Tralee, Kerry",Number,63
General Health of Population,2022,Females,Very Bad,"Maynooth, Kildare",Number,34
General Health of Population,2022,Females,Very Bad,"Celbridge, Kildare",Number,25
General Health of Population,2022,Females,Very Bad,"Naas, Kildare",Number,63
General Health of Population,2022,Females,Very Bad,"Athy, Kildare",Number,63
General Health of Population,2022,Females,Very Bad,"Kildare, Kildare",Number,58
General Health of Population,2022,Females,Very Bad,"Clane, Kildare",Number,44
General Health of Population,2022,Females,Very Bad,"Leixlip, Kildare",Number,26
General Health of Population,2022,Females,Very Bad,"Newbridge, Kildare",Number,51
General Health of Population,2022,Females,Very Bad,"Castlecomer, Kilkenny",Number,37
General Health of Population,2022,Females,Very Bad,"Kilkenny, Kilkenny",Number,55
General Health of Population,2022,Females,Very Bad,"Piltown, Kilkenny",Number,37
General Health of Population,2022,Females,Very Bad,"Callan-Thomastown, Kilkenny",Number,48
General Health of Population,2022,Females,Very Bad,Ireland,Number,8899
General Health of Population,2022,Females,Not Stated,"Borris-In-Ossory-Mountmellick, Laois",Number,488
General Health of Population,2022,Females,Not Stated,"Portlaoise, Laois",Number,955
General Health of Population,2022,Females,Not Stated,"Graiguecullen -Portarlington, Laois",Number,786
General Health of Population,2022,Females,Not Stated,"Carlow, Carlow",Number,978
General Health of Population,2022,Females,Not Stated,"Tullow, Carlow",Number,675
General Health of Population,2022,Females,Not Stated,"Muinebeag, Carlow",Number,250
General Health of Population,2022,Females,Not Stated,"Manorhamilton, Leitrim",Number,199
General Health of Population,2022,Females,Not Stated,"Ballinamore, Leitrim",Number,216
General Health of Population,2022,Females,Not Stated,"Carrick-On-Shannon, Leitrim",Number,364
General Health of Population,2022,Females,Not Stated,"Newcastle West, Limerick",Number,492
General Health of Population,2022,Females,Not Stated,"Adare-Rathkeale, Limerick",Number,938
General Health of Population,2022,Females,Not Stated,"Cappamore-Kilmallock, Limerick",Number,782
General Health of Population,2022,Females,Not Stated,"Limerick City West, Limerick",Number,2375
General Health of Population,2022,Females,Not Stated,"Limerick City North, Limerick",Number,2433
General Health of Population,2022,Females,Not Stated,"Limerick City East, Limerick",Number,2484
General Health of Population,2022,Females,Not Stated,"Granard, Longford",Number,325
General Health of Population,2022,Females,Not Stated,"Ballymahon, Longford",Number,1506
General Health of Population,2022,Females,Not Stated,"Longford, Longford",Number,936
General Health of Population,2022,Females,Not Stated,"Dundalk-Carlingford, Louth",Number,1350
General Health of Population,2022,Females,Not Stated,"Dundalk South, Louth",Number,1095
General Health of Population,2022,Females,Not Stated,"Ardee, Louth",Number,560
General Health of Population,2022,Females,Not Stated,"Drogheda Rural, Louth",Number,432
General Health of Population,2022,Females,Not Stated,"Drogheda Urban, Louth",Number,1254
General Health of Population,2022,Females,Not Stated,"Ballina, Mayo",Number,350
General Health of Population,2022,Females,Not Stated,"Claremorris, Mayo",Number,816
General Health of Population,2022,Females,Not Stated,"Castlebar, Mayo",Number,915
General Health of Population,2022,Females,Not Stated,"Belmullet, Mayo",Number,187
General Health of Population,2022,Females,Not Stated,"Westport, Mayo",Number,467
General Health of Population,2022,Females,Not Stated,"Swinford, Mayo",Number,257
General Health of Population,2022,Females,Not Stated,"Kells, Meath",Number,588
General Health of Population,2022,Females,Not Stated,"Laytown-Bettystown, Meath",Number,872
General Health of Population,2022,Females,Not Stated,"Ashbourne, Meath",Number,693
General Health of Population,2022,Females,Not Stated,"Ratoath, Meath",Number,839
General Health of Population,2022,Females,Not Stated,"Trim, Meath",Number,677
General Health of Population,2022,Females,Not Stated,"Navan, Meath",Number,920
General Health of Population,2022,Females,Not Stated,"Monaghan, Monaghan",Number,519
General Health of Population,2022,Females,Not Stated,"Carrickmacross-Castleblayney, Monaghan",Number,609
General Health of Population,2022,Females,Not Stated,"Ballybay-Clones, Monaghan",Number,184
General Health of Population,2022,Females,Not Stated,"Birr, Offaly",Number,522
General Health of Population,2022,Females,Not Stated,"Tullamore, Offaly",Number,975
General Health of Population,2022,Females,Not Stated,"Edenderry, Offaly",Number,730
General Health of Population,2022,Females,Not Stated,"Boyle, Roscommon",Number,541
General Health of Population,2022,Females,Not Stated,"Roscommon, Roscommon",Number,682
General Health of Population,2022,Females,Not Stated,"Athlone, Roscommon",Number,399
General Health of Population,2022,Females,Not Stated,"Ballymote-Tobercurry, Sligo",Number,568
General Health of Population,2022,Females,Not Stated,"Sligo-Drumcliff, Sligo",Number,383
General Health of Population,2022,Females,Not Stated,"Sligo-Strandhill, Sligo",Number,1062
General Health of Population,2022,Females,Not Stated,"Cavan-Belturbet, Cavan",Number,781
General Health of Population,2022,Females,Not Stated,"Bailieborough-Cootehill, Cavan",Number,875
General Health of Population,2022,Females,Not Stated,"Ballyjamesduff, Cavan",Number,497
General Health of Population,2022,Females,Not Stated,"Nenagh, Tipperary",Number,536
General Health of Population,2022,Females,Not Stated,"Roscrea-Templemore, Tipperary",Number,354
General Health of Population,2022,Females,Not Stated,"Carrick-On-Suir, Tipperary",Number,443
General Health of Population,2022,Females,Not Stated,"Clonmel, Tipperary",Number,882
General Health of Population,2022,Females,Not Stated,"Cashel-Tipperary, Tipperary",Number,700
General Health of Population,2022,Females,Not Stated,"Newport, Tipperary",Number,392
General Health of Population,2022,Females,Not Stated,"Thurles, Tipperary",Number,467
General Health of Population,2022,Females,Not Stated,"Cahir, Tipperary",Number,409
General Health of Population,2022,Females,Not Stated,"Dungarvan, Waterford",Number,498
General Health of Population,2022,Females,Not Stated,"Portlaw-Kilmacthomas, Waterford",Number,249
General Health of Population,2022,Females,Not Stated,"Lismore, Waterford",Number,170
General Health of Population,2022,Females,Not Stated,"Tramore-Waterford City West, Waterford",Number,1184
General Health of Population,2022,Females,Not Stated,"Waterford City South, Waterford",Number,1374
General Health of Population,2022,Females,Not Stated,"Waterford City East, Waterford",Number,796
General Health of Population,2022,Females,Not Stated,"Athlone, Westmeath",Number,1111
General Health of Population,2022,Females,Not Stated,"Moate, Westmeath",Number,691
General Health of Population,2022,Females,Not Stated,"Kinnegad, Westmeath",Number,562
General Health of Population,2022,Females,Not Stated,"Mullingar, Westmeath",Number,1101
General Health of Population,2022,Females,Not Stated,"Gorey, Wexford",Number,609
General Health of Population,2022,Females,Not Stated,"Kilmuckridge, Wexford",Number,400
General Health of Population,2022,Females,Not Stated,"New Ross, Wexford",Number,713
General Health of Population,2022,Females,Not Stated,"Rosslare, Wexford",Number,667
General Health of Population,2022,Females,Not Stated,"Wexford, Wexford",Number,708
General Health of Population,2022,Females,Not Stated,"Enniscorthy, Wexford",Number,938
General Health of Population,2022,Females,Not Stated,"Baltinglass, Wicklow",Number,622
General Health of Population,2022,Females,Not Stated,"Bray West, Wicklow",Number,565
General Health of Population,2022,Females,Not Stated,"Greystones, Wicklow",Number,702
General Health of Population,2022,Females,Not Stated,"Wicklow, Wicklow",Number,520
General Health of Population,2022,Females,Not Stated,"Arklow, Wicklow",Number,622
General Health of Population,2022,Females,Not Stated,"Bray East, Wicklow",Number,588
General Health of Population,2022,Females,Not Stated,"Rush-Lusk, Fingal",Number,839
General Health of Population,2022,Females,Not Stated,"Swords, Fingal",Number,2217
General Health of Population,2022,Females,Not Stated,"Blanchardstown-Mulhuddart, Fingal",Number,2416
General Health of Population,2022,Females,Not Stated,"Castleknock, Fingal",Number,1457
General Health of Population,2022,Females,Not Stated,"Howth-Malahide, Fingal",Number,1872
General Health of Population,2022,Females,Not Stated,"Stillorgan, Dún Laoghaire-Rathdown",Number,635
General Health of Population,2022,Females,Not Stated,"Dundrum, Dún Laoghaire-Rathdown",Number,420
General Health of Population,2022,Females,Not Stated,"Glencullen-Sandyford, Dún Laoghaire-Rathdown",Number,1009
General Health of Population,2022,Females,Not Stated,"Killiney-Shankill, Dún Laoghaire-Rathdown",Number,490
General Health of Population,2022,Females,Not Stated,"Dún Laoghaire, Dún Laoghaire-Rathdown",Number,617
General Health of Population,2022,Females,Not Stated,"Blackrock, Dún Laoghaire-Rathdown",Number,800
General Health of Population,2022,Females,Not Stated,"Lucan, South Dublin",Number,1629
General Health of Population,2022,Females,Not Stated,"Tallaght Central, South Dublin",Number,1781
General Health of Population,2022,Females,Not Stated,"Rathfarnham-Templeogue, South Dublin",Number,584
General Health of Population,2022,Females,Not Stated,"Firhouse-Bohernabreena, South Dublin",Number,676
General Health of Population,2022,Females,Not Stated,"Tallaght South, South Dublin",Number,1994
General Health of Population,2022,Females,Not Stated,"Clondalkin, South Dublin",Number,2422
General Health of Population,2022,Females,Not Stated,"Balbriggan, Fingal",Number,1008
General Health of Population,2022,Females,Not Stated,"Ongar, Fingal",Number,1743
General Health of Population,2022,Females,Not Stated,"Palmerstown-Fonthill, South Dublin",Number,963
General Health of Population,2022,Females,Not Stated,"Ballymun-Finglas, Dublin City",Number,4228
General Health of Population,2022,Females,Not Stated,"Cabra-Glasnevin, Dublin City",Number,3576
General Health of Population,2022,Females,Not Stated,"Ballyfermot-Drimnagh, Dublin City",Number,3085
General Health of Population,2022,Females,Not Stated,"Kimmage-Rathmines, Dublin City",Number,2384
General Health of Population,2022,Females,Not Stated,"Pembroke, Dublin City",Number,2628
General Health of Population,2022,Females,Not Stated,"South East Inner City, Dublin City",Number,4356
General Health of Population,2022,Females,Not Stated,"North Inner City, Dublin City",Number,9303
General Health of Population,2022,Females,Not Stated,"Clontarf, Dublin City",Number,1259
General Health of Population,2022,Females,Not Stated,"Donaghmede, Dublin City",Number,1461
General Health of Population,2022,Females,Not Stated,"Artane-Whitehall, Dublin City",Number,2351
General Health of Population,2022,Females,Not Stated,"South West Inner City, Dublin City",Number,3874
General Health of Population,2022,Females,Not Stated,"Ennistimon, Clare",Number,936
General Health of Population,2022,Females,Not Stated,"Killaloe, Clare",Number,936
General Health of Population,2022,Females,Not Stated,"Shannon, Clare",Number,761
General Health of Population,2022,Females,Not Stated,"Ennis, Clare",Number,1265
General Health of Population,2022,Females,Not Stated,"Kilrush, Clare",Number,543
General Health of Population,2022,Females,Not Stated,"Kanturk, Cork County",Number,663
General Health of Population,2022,Females,Not Stated,"Fermoy, Cork County",Number,743
General Health of Population,2022,Females,Not Stated,"Midleton, Cork County",Number,1307
General Health of Population,2022,Females,Not Stated,"Carrigaline, Cork County",Number,493
General Health of Population,2022,Females,Not Stated,"Cobh, Cork County",Number,617
General Health of Population,2022,Females,Not Stated,"Bandon-Kinsale, Cork County",Number,695
General Health of Population,2022,Females,Not Stated,"Bantry-West Cork, Cork County",Number,540
General Health of Population,2022,Females,Not Stated,"Skibbereen-West Cork, Cork County",Number,890
General Health of Population,2022,Females,Not Stated,"Macroom, Cork County",Number,631
General Health of Population,2022,Females,Not Stated,"Mallow, Cork County",Number,694
General Health of Population,2022,Females,Not Stated,"Cork City North West, Cork City",Number,2412
General Health of Population,2022,Females,Not Stated,"Cork City North East, Cork City",Number,1583
General Health of Population,2022,Females,Not Stated,"Cork City South East, Cork City",Number,1172
General Health of Population,2022,Females,Not Stated,"Cork City South Central, Cork City",Number,1717
General Health of Population,2022,Females,Not Stated,"Cork City South West, Cork City",Number,1529
General Health of Population,2022,Females,Not Stated,"Glenties, Donegal",Number,669
General Health of Population,2022,Females,Not Stated,"Milford, Donegal",Number,371
General Health of Population,2022,Females,Not Stated,"Carndonagh, Donegal",Number,292
General Health of Population,2022,Females,Not Stated,"Buncrana, Donegal",Number,516
General Health of Population,2022,Females,Not Stated,"Donegal, Donegal",Number,497
General Health of Population,2022,Females,Not Stated,"Letterkenny, Donegal",Number,908
General Health of Population,2022,Females,Not Stated,"Lifford-Stranorlar, Donegal",Number,556
General Health of Population,2022,Females,Not Stated,"Conamara North, Galway County",Number,381
General Health of Population,2022,Females,Not Stated,"Tuam, Galway County",Number,918
General Health of Population,2022,Females,Not Stated,"Ballinasloe, Galway County",Number,664
General Health of Population,2022,Females,Not Stated,"Loughrea, Galway County",Number,722
General Health of Population,2022,Females,Not Stated,"Athenry-Oranmore, Galway County",Number,663
General Health of Population,2022,Females,Not Stated,"Gort-Kinvara, Galway County",Number,618
General Health of Population,2022,Females,Not Stated,"Conamara South, Galway County",Number,656
General Health of Population,2022,Females,Not Stated,"Galway City West, Galway City",Number,1027
General Health of Population,2022,Females,Not Stated,"Galway City Central, Galway City",Number,2256
General Health of Population,2022,Females,Not Stated,"Galway City East, Galway City",Number,1496
General Health of Population,2022,Females,Not Stated,"Listowel, Kerry",Number,428
General Health of Population,2022,Females,Not Stated,"Castleisland, Kerry",Number,284
General Health of Population,2022,Females,Not Stated,"Killarney, Kerry",Number,912
General Health of Population,2022,Females,Not Stated,"Kenmare, Kerry",Number,632
General Health of Population,2022,Females,Not Stated,"Corca Dhuibhne, Kerry",Number,312
General Health of Population,2022,Females,Not Stated,"Tralee, Kerry",Number,1772
General Health of Population,2022,Females,Not Stated,"Maynooth, Kildare",Number,1054
General Health of Population,2022,Females,Not Stated,"Celbridge, Kildare",Number,359
General Health of Population,2022,Females,Not Stated,"Naas, Kildare",Number,828
General Health of Population,2022,Females,Not Stated,"Athy, Kildare",Number,679
General Health of Population,2022,Females,Not Stated,"Kildare, Kildare",Number,915
General Health of Population,2022,Females,Not Stated,"Clane, Kildare",Number,715
General Health of Population,2022,Females,Not Stated,"Leixlip, Kildare",Number,293
General Health of Population,2022,Females,Not Stated,"Newbridge, Kildare",Number,769
General Health of Population,2022,Females,Not Stated,"Castlecomer, Kilkenny",Number,469
General Health of Population,2022,Females,Not Stated,"Kilkenny, Kilkenny",Number,883
General Health of Population,2022,Females,Not Stated,"Piltown, Kilkenny",Number,410
General Health of Population,2022,Females,Not Stated,"Callan-Thomastown, Kilkenny",Number,554
General Health of Population,2022,Females,Not Stated,Ireland,Number,168036
General Health of Population,2022,Females,Total,"Borris-In-Ossory-Mountmellick, Laois",Number,13237
General Health of Population,2022,Females,Total,"Portlaoise, Laois",Number,16972
General Health of Population,2022,Females,Total,"Graiguecullen -Portarlington, Laois",Number,15390
General Health of Population,2022,Females,Total,"Carlow, Carlow",Number,12665
General Health of Population,2022,Females,Total,"Tullow, Carlow",Number,10304
General Health of Population,2022,Females,Total,"Muinebeag, Carlow",Number,8177
General Health of Population,2022,Females,Total,"Manorhamilton, Leitrim",Number,5809
General Health of Population,2022,Females,Total,"Ballinamore, Leitrim",Number,5442
General Health of Population,2022,Females,Total,"Carrick-On-Shannon, Leitrim",Number,6395
General Health of Population,2022,Females,Total,"Newcastle West, Limerick",Number,14360
General Health of Population,2022,Females,Total,"Adare-Rathkeale, Limerick",Number,14644
General Health of Population,2022,Females,Total,"Cappamore-Kilmallock, Limerick",Number,18007
General Health of Population,2022,Females,Total,"Limerick City West, Limerick",Number,19477
General Health of Population,2022,Females,Total,"Limerick City North, Limerick",Number,18716
General Health of Population,2022,Females,Total,"Limerick City East, Limerick",Number,19880
General Health of Population,2022,Females,Total,"Granard, Longford",Number,5679
General Health of Population,2022,Females,Total,"Ballymahon, Longford",Number,8863
General Health of Population,2022,Females,Total,"Longford, Longford",Number,8760
General Health of Population,2022,Females,Total,"Dundalk-Carlingford, Louth",Number,13264
General Health of Population,2022,Females,Total,"Dundalk South, Louth",Number,19438
General Health of Population,2022,Females,Total,"Ardee, Louth",Number,13521
General Health of Population,2022,Females,Total,"Drogheda Rural, Louth",Number,10109
General Health of Population,2022,Females,Total,"Drogheda Urban, Louth",Number,14464
General Health of Population,2022,Females,Total,"Ballina, Mayo",Number,13030
General Health of Population,2022,Females,Total,"Claremorris, Mayo",Number,14663
General Health of Population,2022,Females,Total,"Castlebar, Mayo",Number,16294
General Health of Population,2022,Females,Total,"Belmullet, Mayo",Number,6326
General Health of Population,2022,Females,Total,"Westport, Mayo",Number,10280
General Health of Population,2022,Females,Total,"Swinford, Mayo",Number,8985
General Health of Population,2022,Females,Total,"Kells, Meath",Number,17187
General Health of Population,2022,Females,Total,"Laytown-Bettystown, Meath",Number,20514
General Health of Population,2022,Females,Total,"Ashbourne, Meath",Number,16747
General Health of Population,2022,Females,Total,"Ratoath, Meath",Number,19820
General Health of Population,2022,Females,Total,"Trim, Meath",Number,16767
General Health of Population,2022,Females,Total,"Navan, Meath",Number,19803
General Health of Population,2022,Females,Total,"Monaghan, Monaghan",Number,11756
General Health of Population,2022,Females,Total,"Carrickmacross-Castleblayney, Monaghan",Number,11638
General Health of Population,2022,Females,Total,"Ballybay-Clones, Monaghan",Number,9000
General Health of Population,2022,Females,Total,"Birr, Offaly",Number,13330
General Health of Population,2022,Females,Total,"Tullamore, Offaly",Number,15713
General Health of Population,2022,Females,Total,"Edenderry, Offaly",Number,12479
General Health of Population,2022,Females,Total,"Boyle, Roscommon",Number,12188
General Health of Population,2022,Females,Total,"Roscommon, Roscommon",Number,12248
General Health of Population,2022,Females,Total,"Athlone, Roscommon",Number,10653
General Health of Population,2022,Females,Total,"Ballymote-Tobercurry, Sligo",Number,14210
General Health of Population,2022,Females,Total,"Sligo-Drumcliff, Sligo",Number,9587
General Health of Population,2022,Females,Total,"Sligo-Strandhill, Sligo",Number,11872
General Health of Population,2022,Females,Total,"Cavan-Belturbet, Cavan",Number,13804
General Health of Population,2022,Females,Total,"Bailieborough-Cootehill, Cavan",Number,12980
General Health of Population,2022,Females,Total,"Ballyjamesduff, Cavan",Number,13860
General Health of Population,2022,Females,Total,"Nenagh, Tipperary",Number,11808
General Health of Population,2022,Females,Total,"Roscrea-Templemore, Tipperary",Number,8568
General Health of Population,2022,Females,Total,"Carrick-On-Suir, Tipperary",Number,10136
General Health of Population,2022,Females,Total,"Clonmel, Tipperary",Number,12687
General Health of Population,2022,Females,Total,"Cashel-Tipperary, Tipperary",Number,14637
General Health of Population,2022,Females,Total,"Newport, Tipperary",Number,8692
General Health of Population,2022,Females,Total,"Thurles, Tipperary",Number,10169
General Health of Population,2022,Females,Total,"Cahir, Tipperary",Number,7559
General Health of Population,2022,Females,Total,"Dungarvan, Waterford",Number,11265
General Health of Population,2022,Females,Total,"Portlaw-Kilmacthomas, Waterford",Number,9148
General Health of Population,2022,Females,Total,"Lismore, Waterford",Number,5649
General Health of Population,2022,Females,Total,"Tramore-Waterford City West, Waterford",Number,12470
General Health of Population,2022,Females,Total,"Waterford City South, Waterford",Number,13273
General Health of Population,2022,Females,Total,"Waterford City East, Waterford",Number,12463
General Health of Population,2022,Females,Total,"Athlone, Westmeath",Number,12185
General Health of Population,2022,Females,Total,"Moate, Westmeath",Number,10249
General Health of Population,2022,Females,Total,"Kinnegad, Westmeath",Number,11643
General Health of Population,2022,Females,Total,"Mullingar, Westmeath",Number,14423
General Health of Population,2022,Females,Total,"Gorey, Wexford",Number,15879
General Health of Population,2022,Females,Total,"Kilmuckridge, Wexford",Number,9232
General Health of Population,2022,Females,Total,"New Ross, Wexford",Number,15052
General Health of Population,2022,Females,Total,"Rosslare, Wexford",Number,11979
General Health of Population,2022,Females,Total,"Wexford, Wexford",Number,16207
General Health of Population,2022,Females,Total,"Enniscorthy, Wexford",Number,14793
General Health of Population,2022,Females,Total,"Baltinglass, Wicklow",Number,13982
General Health of Population,2022,Females,Total,"Bray West, Wicklow",Number,10013
General Health of Population,2022,Females,Total,"Greystones, Wicklow",Number,15665
General Health of Population,2022,Females,Total,"Wicklow, Wicklow",Number,16462
General Health of Population,2022,Females,Total,"Arklow, Wicklow",Number,14020
General Health of Population,2022,Females,Total,"Bray East, Wicklow",Number,9145
General Health of Population,2022,Females,Total,"Rush-Lusk, Fingal",Number,20406
General Health of Population,2022,Females,Total,"Swords, Fingal",Number,24602
General Health of Population,2022,Females,Total,"Blanchardstown-Mulhuddart, Fingal",Number,20182
General Health of Population,2022,Females,Total,"Castleknock, Fingal",Number,23914
General Health of Population,2022,Females,Total,"Howth-Malahide, Fingal",Number,35927
General Health of Population,2022,Females,Total,"Stillorgan, Dún Laoghaire-Rathdown",Number,17547
General Health of Population,2022,Females,Total,"Dundrum, Dún Laoghaire-Rathdown",Number,16451
General Health of Population,2022,Females,Total,"Glencullen-Sandyford, Dún Laoghaire-Rathdown",Number,24963
General Health of Population,2022,Females,Total,"Killiney-Shankill, Dún Laoghaire-Rathdown",Number,20448
General Health of Population,2022,Females,Total,"Dún Laoghaire, Dún Laoghaire-Rathdown",Number,24431
General Health of Population,2022,Females,Total,"Blackrock, Dún Laoghaire-Rathdown",Number,17988
General Health of Population,2022,Females,Total,"Lucan, South Dublin",Number,28092
General Health of Population,2022,Females,Total,"Tallaght Central, South Dublin",Number,18405
General Health of Population,2022,Females,Total,"Rathfarnham-Templeogue, South Dublin",Number,27527
General Health of Population,2022,Females,Total,"Firhouse-Bohernabreena, South Dublin",Number,19281
General Health of Population,2022,Females,Total,"Tallaght South, South Dublin",Number,22475
General Health of Population,2022,Females,Total,"Clondalkin, South Dublin",Number,26603
General Health of Population,2022,Females,Total,"Balbriggan, Fingal",Number,20762
General Health of Population,2022,Females,Total,"Ongar, Fingal",Number,22181
General Health of Population,2022,Females,Total,"Palmerstown-Fonthill, South Dublin",Number,11446
General Health of Population,2022,Females,Total,"Ballymun-Finglas, Dublin City",Number,29171
General Health of Population,2022,Females,Total,"Cabra-Glasnevin, Dublin City",Number,31531
General Health of Population,2022,Females,Total,"Ballyfermot-Drimnagh, Dublin City",Number,24384
General Health of Population,2022,Females,Total,"Kimmage-Rathmines, Dublin City",Number,31030
General Health of Population,2022,Females,Total,"Pembroke, Dublin City",Number,23848
General Health of Population,2022,Females,Total,"South East Inner City, Dublin City",Number,21522
General Health of Population,2022,Females,Total,"North Inner City, Dublin City",Number,36155
General Health of Population,2022,Females,Total,"Clontarf, Dublin City",Number,29509
General Health of Population,2022,Females,Total,"Donaghmede, Dublin City",Number,24254
General Health of Population,2022,Females,Total,"Artane-Whitehall, Dublin City",Number,27223
General Health of Population,2022,Females,Total,"South West Inner City, Dublin City",Number,22290
General Health of Population,2022,Females,Total,"Ennistimon, Clare",Number,9303
General Health of Population,2022,Females,Total,"Killaloe, Clare",Number,10936
General Health of Population,2022,Females,Total,"Shannon, Clare",Number,16037
General Health of Population,2022,Females,Total,"Ennis, Clare",Number,17566
General Health of Population,2022,Females,Total,"Kilrush, Clare",Number,11179
General Health of Population,2022,Females,Total,"Kanturk, Cork County",Number,13266
General Health of Population,2022,Females,Total,"Fermoy, Cork County",Number,19444
General Health of Population,2022,Females,Total,"Midleton, Cork County",Number,25124
General Health of Population,2022,Females,Total,"Carrigaline, Cork County",Number,19896
General Health of Population,2022,Females,Total,"Cobh, Cork County",Number,18668
General Health of Population,2022,Females,Total,"Bandon-Kinsale, Cork County",Number,20329
General Health of Population,2022,Females,Total,"Bantry-West Cork, Cork County",Number,11986
General Health of Population,2022,Females,Total,"Skibbereen-West Cork, Cork County",Number,16638
General Health of Population,2022,Females,Total,"Macroom, Cork County",Number,19774
General Health of Population,2022,Females,Total,"Mallow, Cork County",Number,15918
General Health of Population,2022,Females,Total,"Cork City North West, Cork City",Number,21451
General Health of Population,2022,Females,Total,"Cork City North East, Cork City",Number,22163
General Health of Population,2022,Females,Total,"Cork City South East, Cork City",Number,23373
General Health of Population,2022,Females,Total,"Cork City South Central, Cork City",Number,20804
General Health of Population,2022,Females,Total,"Cork City South West, Cork City",Number,26477
General Health of Population,2022,Females,Total,"Glenties, Donegal",Number,12717
General Health of Population,2022,Females,Total,"Milford, Donegal",Number,7344
General Health of Population,2022,Females,Total,"Carndonagh, Donegal",Number,8953
General Health of Population,2022,Females,Total,"Buncrana, Donegal",Number,11406
General Health of Population,2022,Females,Total,"Donegal, Donegal",Number,14088
General Health of Population,2022,Females,Total,"Letterkenny, Donegal",Number,16328
General Health of Population,2022,Females,Total,"Lifford-Stranorlar, Donegal",Number,13453
General Health of Population,2022,Females,Total,"Conamara North, Galway County",Number,9032
General Health of Population,2022,Females,Total,"Tuam, Galway County",Number,17827
General Health of Population,2022,Females,Total,"Ballinasloe, Galway County",Number,14905
General Health of Population,2022,Females,Total,"Loughrea, Galway County",Number,12830
General Health of Population,2022,Females,Total,"Athenry-Oranmore, Galway County",Number,17479
General Health of Population,2022,Females,Total,"Gort-Kinvara, Galway County",Number,12967
General Health of Population,2022,Females,Total,"Conamara South, Galway County",Number,11763
General Health of Population,2022,Females,Total,"Galway City West, Galway City",Number,14251
General Health of Population,2022,Females,Total,"Galway City Central, Galway City",Number,15501
General Health of Population,2022,Females,Total,"Galway City East, Galway City",Number,14248
General Health of Population,2022,Females,Total,"Listowel, Kerry",Number,14706
General Health of Population,2022,Females,Total,"Castleisland, Kerry",Number,9029
General Health of Population,2022,Females,Total,"Killarney, Kerry",Number,15695
General Health of Population,2022,Females,Total,"Kenmare, Kerry",Number,13713
General Health of Population,2022,Females,Total,"Corca Dhuibhne, Kerry",Number,7553
General Health of Population,2022,Females,Total,"Tralee, Kerry",Number,18375
General Health of Population,2022,Females,Total,"Maynooth, Kildare",Number,17468
General Health of Population,2022,Females,Total,"Celbridge, Kildare",Number,11372
General Health of Population,2022,Females,Total,"Naas, Kildare",Number,23296
General Health of Population,2022,Females,Total,"Athy, Kildare",Number,14258
General Health of Population,2022,Females,Total,"Kildare, Kildare",Number,15106
General Health of Population,2022,Females,Total,"Clane, Kildare",Number,15644
General Health of Population,2022,Females,Total,"Leixlip, Kildare",Number,8478
General Health of Population,2022,Females,Total,"Newbridge, Kildare",Number,18888
General Health of Population,2022,Females,Total,"Castlecomer, Kilkenny",Number,12277
General Health of Population,2022,Females,Total,"Kilkenny, Kilkenny",Number,15331
General Health of Population,2022,Females,Total,"Piltown, Kilkenny",Number,11301
General Health of Population,2022,Females,Total,"Callan-Thomastown, Kilkenny",Number,13368
General Health of Population,2022,Females,Total,Ireland,Number,2604590
General Health of Population,2022,Both Sexes,Very Good,"Borris-In-Ossory-Mountmellick, Laois",Number,14276
General Health of Population,2022,Both Sexes,Very Good,"Portlaoise, Laois",Number,17814
General Health of Population,2022,Both Sexes,Very Good,"Graiguecullen -Portarlington, Laois",Number,16923
General Health of Population,2022,Both Sexes,Very Good,"Carlow, Carlow",Number,12000
General Health of Population,2022,Both Sexes,Very Good,"Tullow, Carlow",Number,10561
General Health of Population,2022,Both Sexes,Very Good,"Muinebeag, Carlow",Number,9241
General Health of Population,2022,Both Sexes,Very Good,"Manorhamilton, Leitrim",Number,6112
General Health of Population,2022,Both Sexes,Very Good,"Ballinamore, Leitrim",Number,5785
General Health of Population,2022,Both Sexes,Very Good,"Carrick-On-Shannon, Leitrim",Number,6519
General Health of Population,2022,Both Sexes,Very Good,"Newcastle West, Limerick",Number,15140
General Health of Population,2022,Both Sexes,Very Good,"Adare-Rathkeale, Limerick",Number,15458
General Health of Population,2022,Both Sexes,Very Good,"Cappamore-Kilmallock, Limerick",Number,19402
General Health of Population,2022,Both Sexes,Very Good,"Limerick City West, Limerick",Number,18594
General Health of Population,2022,Both Sexes,Very Good,"Limerick City North, Limerick",Number,15423
General Health of Population,2022,Both Sexes,Very Good,"Limerick City East, Limerick",Number,19404
General Health of Population,2022,Both Sexes,Very Good,"Granard, Longford",Number,6128
General Health of Population,2022,Both Sexes,Very Good,"Ballymahon, Longford",Number,8052
General Health of Population,2022,Both Sexes,Very Good,"Longford, Longford",Number,7782
General Health of Population,2022,Both Sexes,Very Good,"Dundalk-Carlingford, Louth",Number,12689
General Health of Population,2022,Both Sexes,Very Good,"Dundalk South, Louth",Number,20403
General Health of Population,2022,Both Sexes,Very Good,"Ardee, Louth",Number,14989
General Health of Population,2022,Both Sexes,Very Good,"Drogheda Rural, Louth",Number,11303
General Health of Population,2022,Both Sexes,Very Good,"Drogheda Urban, Louth",Number,13059
General Health of Population,2022,Both Sexes,Very Good,"Ballina, Mayo",Number,13504
General Health of Population,2022,Both Sexes,Very Good,"Claremorris, Mayo",Number,14791
General Health of Population,2022,Both Sexes,Very Good,"Castlebar, Mayo",Number,16886
General Health of Population,2022,Both Sexes,Very Good,"Belmullet, Mayo",Number,5871
General Health of Population,2022,Both Sexes,Very Good,"Westport, Mayo",Number,10800
General Health of Population,2022,Both Sexes,Very Good,"Swinford, Mayo",Number,9034
General Health of Population,2022,Both Sexes,Very Good,"Kells, Meath",Number,19130
General Health of Population,2022,Both Sexes,Very Good,"Laytown-Bettystown, Meath",Number,22950
General Health of Population,2022,Both Sexes,Very Good,"Ashbourne, Meath",Number,19323
General Health of Population,2022,Both Sexes,Very Good,"Ratoath, Meath",Number,24109
General Health of Population,2022,Both Sexes,Very Good,"Trim, Meath",Number,19172
General Health of Population,2022,Both Sexes,Very Good,"Navan, Meath",Number,21413
General Health of Population,2022,Both Sexes,Very Good,"Monaghan, Monaghan",Number,12797
General Health of Population,2022,Both Sexes,Very Good,"Carrickmacross-Castleblayney, Monaghan",Number,12815
General Health of Population,2022,Both Sexes,Very Good,"Ballybay-Clones, Monaghan",Number,10550
General Health of Population,2022,Both Sexes,Very Good,"Birr, Offaly",Number,13917
General Health of Population,2022,Both Sexes,Very Good,"Tullamore, Offaly",Number,16281
General Health of Population,2022,Both Sexes,Very Good,"Edenderry, Offaly",Number,12802
General Health of Population,2022,Both Sexes,Very Good,"Boyle, Roscommon",Number,12268
General Health of Population,2022,Both Sexes,Very Good,"Roscommon, Roscommon",Number,12502
General Health of Population,2022,Both Sexes,Very Good,"Athlone, Roscommon",Number,12106
General Health of Population,2022,Both Sexes,Very Good,"Ballymote-Tobercurry, Sligo",Number,15148
General Health of Population,2022,Both Sexes,Very Good,"Sligo-Drumcliff, Sligo",Number,10997
General Health of Population,2022,Both Sexes,Very Good,"Sligo-Strandhill, Sligo",Number,10835
General Health of Population,2022,Both Sexes,Very Good,"Cavan-Belturbet, Cavan",Number,14224
General Health of Population,2022,Both Sexes,Very Good,"Bailieborough-Cootehill, Cavan",Number,14535
General Health of Population,2022,Both Sexes,Very Good,"Ballyjamesduff, Cavan",Number,15544
General Health of Population,2022,Both Sexes,Very Good,"Nenagh, Tipperary",Number,12179
General Health of Population,2022,Both Sexes,Very Good,"Roscrea-Templemore, Tipperary",Number,9101
General Health of Population,2022,Both Sexes,Very Good,"Carrick-On-Suir, Tipperary",Number,10576
General Health of Population,2022,Both Sexes,Very Good,"Clonmel, Tipperary",Number,12275
General Health of Population,2022,Both Sexes,Very Good,"Cashel-Tipperary, Tipperary",Number,15121
General Health of Population,2022,Both Sexes,Very Good,"Newport, Tipperary",Number,10084
General Health of Population,2022,Both Sexes,Very Good,"Thurles, Tipperary",Number,10448
General Health of Population,2022,Both Sexes,Very Good,"Cahir, Tipperary",Number,7904
General Health of Population,2022,Both Sexes,Very Good,"Dungarvan, Waterford",Number,12048
General Health of Population,2022,Both Sexes,Very Good,"Portlaw-Kilmacthomas, Waterford",Number,10624
General Health of Population,2022,Both Sexes,Very Good,"Lismore, Waterford",Number,6208
General Health of Population,2022,Both Sexes,Very Good,"Tramore-Waterford City West, Waterford",Number,12355
General Health of Population,2022,Both Sexes,Very Good,"Waterford City South, Waterford",Number,11710
General Health of Population,2022,Both Sexes,Very Good,"Waterford City East, Waterford",Number,13511
General Health of Population,2022,Both Sexes,Very Good,"Athlone, Westmeath",Number,12077
General Health of Population,2022,Both Sexes,Very Good,"Moate, Westmeath",Number,11006
General Health of Population,2022,Both Sexes,Very Good,"Kinnegad, Westmeath",Number,12502
General Health of Population,2022,Both Sexes,Very Good,"Mullingar, Westmeath",Number,14541
General Health of Population,2022,Both Sexes,Very Good,"Gorey, Wexford",Number,17005
General Health of Population,2022,Both Sexes,Very Good,"Kilmuckridge, Wexford",Number,10034
General Health of Population,2022,Both Sexes,Very Good,"New Ross, Wexford",Number,15909
General Health of Population,2022,Both Sexes,Very Good,"Rosslare, Wexford",Number,12354
General Health of Population,2022,Both Sexes,Very Good,"Wexford, Wexford",Number,16287
General Health of Population,2022,Both Sexes,Very Good,"Enniscorthy, Wexford",Number,14871
General Health of Population,2022,Both Sexes,Very Good,"Baltinglass, Wicklow",Number,15546
General Health of Population,2022,Both Sexes,Very Good,"Bray West, Wicklow",Number,10778
General Health of Population,2022,Both Sexes,Very Good,"Greystones, Wicklow",Number,18685
General Health of Population,2022,Both Sexes,Very Good,"Wicklow, Wicklow",Number,18744
General Health of Population,2022,Both Sexes,Very Good,"Arklow, Wicklow",Number,14945
General Health of Population,2022,Both Sexes,Very Good,"Bray East, Wicklow",Number,8780
General Health of Population,2022,Both Sexes,Very Good,"Rush-Lusk, Fingal",Number,23571
General Health of Population,2022,Both Sexes,Very Good,"Swords, Fingal",Number,25611
General Health of Population,2022,Both Sexes,Very Good,"Blanchardstown-Mulhuddart, Fingal",Number,20010
General Health of Population,2022,Both Sexes,Very Good,"Castleknock, Fingal",Number,26960
General Health of Population,2022,Both Sexes,Very Good,"Howth-Malahide, Fingal",Number,41063
General Health of Population,2022,Both Sexes,Very Good,"Stillorgan, Dún Laoghaire-Rathdown",Number,21148
General Health of Population,2022,Both Sexes,Very Good,"Dundrum, Dún Laoghaire-Rathdown",Number,19024
General Health of Population,2022,Both Sexes,Very Good,"Glencullen-Sandyford, Dún Laoghaire-Rathdown",Number,29850
General Health of Population,2022,Both Sexes,Very Good,"Killiney-Shankill, Dún Laoghaire-Rathdown",Number,22793
General Health of Population,2022,Both Sexes,Very Good,"Dún Laoghaire, Dún Laoghaire-Rathdown",Number,27677
General Health of Population,2022,Both Sexes,Very Good,"Blackrock, Dún Laoghaire-Rathdown",Number,21242
General Health of Population,2022,Both Sexes,Very Good,"Lucan, South Dublin",Number,31979
General Health of Population,2022,Both Sexes,Very Good,"Tallaght Central, South Dublin",Number,16470
General Health of Population,2022,Both Sexes,Very Good,"Rathfarnham-Templeogue, South Dublin",Number,31287
General Health of Population,2022,Both Sexes,Very Good,"Firhouse-Bohernabreena, South Dublin",Number,22977
General Health of Population,2022,Both Sexes,Very Good,"Tallaght South, South Dublin",Number,21919
General Health of Population,2022,Both Sexes,Very Good,"Clondalkin, South Dublin",Number,25992
General Health of Population,2022,Both Sexes,Very Good,"Balbriggan, Fingal",Number,22032
General Health of Population,2022,Both Sexes,Very Good,"Ongar, Fingal",Number,23708
General Health of Population,2022,Both Sexes,Very Good,"Palmerstown-Fonthill, South Dublin",Number,10355
General Health of Population,2022,Both Sexes,Very Good,"Ballymun-Finglas, Dublin City",Number,24055
General Health of Population,2022,Both Sexes,Very Good,"Cabra-Glasnevin, Dublin City",Number,30799
General Health of Population,2022,Both Sexes,Very Good,"Ballyfermot-Drimnagh, Dublin City",Number,20740
General Health of Population,2022,Both Sexes,Very Good,"Kimmage-Rathmines, Dublin City",Number,31902
General Health of Population,2022,Both Sexes,Very Good,"Pembroke, Dublin City",Number,26319
General Health of Population,2022,Both Sexes,Very Good,"South East Inner City, Dublin City",Number,19868
General Health of Population,2022,Both Sexes,Very Good,"North Inner City, Dublin City",Number,28962
General Health of Population,2022,Both Sexes,Very Good,"Clontarf, Dublin City",Number,33149
General Health of Population,2022,Both Sexes,Very Good,"Donaghmede, Dublin City",Number,24342
General Health of Population,2022,Both Sexes,Very Good,"Artane-Whitehall, Dublin City",Number,24775
General Health of Population,2022,Both Sexes,Very Good,"South West Inner City, Dublin City",Number,20044
General Health of Population,2022,Both Sexes,Very Good,"Ennistimon, Clare",Number,8840
General Health of Population,2022,Both Sexes,Very Good,"Killaloe, Clare",Number,11836
General Health of Population,2022,Both Sexes,Very Good,"Shannon, Clare",Number,16893
General Health of Population,2022,Both Sexes,Very Good,"Ennis, Clare",Number,17363
General Health of Population,2022,Both Sexes,Very Good,"Kilrush, Clare",Number,11080
General Health of Population,2022,Both Sexes,Very Good,"Kanturk, Cork County",Number,14171
General Health of Population,2022,Both Sexes,Very Good,"Fermoy, Cork County",Number,21543
General Health of Population,2022,Both Sexes,Very Good,"Midleton, Cork County",Number,27574
General Health of Population,2022,Both Sexes,Very Good,"Carrigaline, Cork County",Number,24107
General Health of Population,2022,Both Sexes,Very Good,"Cobh, Cork County",Number,21984
General Health of Population,2022,Both Sexes,Very Good,"Bandon-Kinsale, Cork County",Number,23835
General Health of Population,2022,Both Sexes,Very Good,"Bantry-West Cork, Cork County",Number,12331
General Health of Population,2022,Both Sexes,Very Good,"Skibbereen-West Cork, Cork County",Number,18080
General Health of Population,2022,Both Sexes,Very Good,"Macroom, Cork County",Number,24317
General Health of Population,2022,Both Sexes,Very Good,"Mallow, Cork County",Number,17353
General Health of Population,2022,Both Sexes,Very Good,"Cork City North West, Cork City",Number,19523
General Health of Population,2022,Both Sexes,Very Good,"Cork City North East, Cork City",Number,22859
General Health of Population,2022,Both Sexes,Very Good,"Cork City South East, Cork City",Number,26216
General Health of Population,2022,Both Sexes,Very Good,"Cork City South Central, Cork City",Number,20166
General Health of Population,2022,Both Sexes,Very Good,"Cork City South West, Cork City",Number,28119
General Health of Population,2022,Both Sexes,Very Good,"Glenties, Donegal",Number,12400
General Health of Population,2022,Both Sexes,Very Good,"Milford, Donegal",Number,7678
General Health of Population,2022,Both Sexes,Very Good,"Carndonagh, Donegal",Number,9300
General Health of Population,2022,Both Sexes,Very Good,"Buncrana, Donegal",Number,12108
General Health of Population,2022,Both Sexes,Very Good,"Donegal, Donegal",Number,14383
General Health of Population,2022,Both Sexes,Very Good,"Letterkenny, Donegal",Number,17111
General Health of Population,2022,Both Sexes,Very Good,"Lifford-Stranorlar, Donegal",Number,13471
General Health of Population,2022,Both Sexes,Very Good,"Conamara North, Galway County",Number,9097
General Health of Population,2022,Both Sexes,Very Good,"Tuam, Galway County",Number,18887
General Health of Population,2022,Both Sexes,Very Good,"Ballinasloe, Galway County",Number,15726
General Health of Population,2022,Both Sexes,Very Good,"Loughrea, Galway County",Number,13615
General Health of Population,2022,Both Sexes,Very Good,"Athenry-Oranmore, Galway County",Number,20422
General Health of Population,2022,Both Sexes,Very Good,"Gort-Kinvara, Galway County",Number,15051
General Health of Population,2022,Both Sexes,Very Good,"Conamara South, Galway County",Number,13122
General Health of Population,2022,Both Sexes,Very Good,"Galway City West, Galway City",Number,14737
General Health of Population,2022,Both Sexes,Very Good,"Galway City Central, Galway City",Number,13129
General Health of Population,2022,Both Sexes,Very Good,"Galway City East, Galway City",Number,13049
General Health of Population,2022,Both Sexes,Very Good,"Listowel, Kerry",Number,15094
General Health of Population,2022,Both Sexes,Very Good,"Castleisland, Kerry",Number,9922
General Health of Population,2022,Both Sexes,Very Good,"Killarney, Kerry",Number,16647
General Health of Population,2022,Both Sexes,Very Good,"Kenmare, Kerry",Number,14293
General Health of Population,2022,Both Sexes,Very Good,"Corca Dhuibhne, Kerry",Number,8065
General Health of Population,2022,Both Sexes,Very Good,"Tralee, Kerry",Number,16917
General Health of Population,2022,Both Sexes,Very Good,"Maynooth, Kildare",Number,20930
General Health of Population,2022,Both Sexes,Very Good,"Celbridge, Kildare",Number,13093
General Health of Population,2022,Both Sexes,Very Good,"Naas, Kildare",Number,27345
General Health of Population,2022,Both Sexes,Very Good,"Athy, Kildare",Number,15355
General Health of Population,2022,Both Sexes,Very Good,"Kildare, Kildare",Number,15985
General Health of Population,2022,Both Sexes,Very Good,"Clane, Kildare",Number,17289
General Health of Population,2022,Both Sexes,Very Good,"Leixlip, Kildare",Number,9597
General Health of Population,2022,Both Sexes,Very Good,"Newbridge, Kildare",Number,21145
General Health of Population,2022,Both Sexes,Very Good,"Castlecomer, Kilkenny",Number,13928
General Health of Population,2022,Both Sexes,Very Good,"Kilkenny, Kilkenny",Number,15554
General Health of Population,2022,Both Sexes,Very Good,"Piltown, Kilkenny",Number,12940
General Health of Population,2022,Both Sexes,Very Good,"Callan-Thomastown, Kilkenny",Number,15227
General Health of Population,2022,Both Sexes,Very Good,Ireland,Number,2740994
General Health of Population,2022,Both Sexes,Good,"Borris-In-Ossory-Mountmellick, Laois",Number,8142
General Health of Population,2022,Both Sexes,Good,"Portlaoise, Laois",Number,10614
General Health of Population,2022,Both Sexes,Good,"Graiguecullen -Portarlington, Laois",Number,9199
General Health of Population,2022,Both Sexes,Good,"Carlow, Carlow",Number,7924
General Health of Population,2022,Both Sexes,Good,"Tullow, Carlow",Number,5895
General Health of Population,2022,Both Sexes,Good,"Muinebeag, Carlow",Number,5000
General Health of Population,2022,Both Sexes,Good,"Manorhamilton, Leitrim",Number,3716
General Health of Population,2022,Both Sexes,Good,"Ballinamore, Leitrim",Number,3389
General Health of Population,2022,Both Sexes,Good,"Carrick-On-Shannon, Leitrim",Number,3844
General Health of Population,2022,Both Sexes,Good,"Newcastle West, Limerick",Number,9647
General Health of Population,2022,Both Sexes,Good,"Adare-Rathkeale, Limerick",Number,8875
General Health of Population,2022,Both Sexes,Good,"Cappamore-Kilmallock, Limerick",Number,11417
General Health of Population,2022,Both Sexes,Good,"Limerick City West, Limerick",Number,11006
General Health of Population,2022,Both Sexes,Good,"Limerick City North, Limerick",Number,11122
General Health of Population,2022,Both Sexes,Good,"Limerick City East, Limerick",Number,11163
General Health of Population,2022,Both Sexes,Good,"Granard, Longford",Number,3403
General Health of Population,2022,Both Sexes,Good,"Ballymahon, Longford",Number,4926
General Health of Population,2022,Both Sexes,Good,"Longford, Longford",Number,5321
General Health of Population,2022,Both Sexes,Good,"Dundalk-Carlingford, Louth",Number,7526
General Health of Population,2022,Both Sexes,Good,"Dundalk South, Louth",Number,11450
General Health of Population,2022,Both Sexes,Good,"Ardee, Louth",Number,7946
General Health of Population,2022,Both Sexes,Good,"Drogheda Rural, Louth",Number,5750
General Health of Population,2022,Both Sexes,Good,"Drogheda Urban, Louth",Number,8848
General Health of Population,2022,Both Sexes,Good,"Ballina, Mayo",Number,8351
General Health of Population,2022,Both Sexes,Good,"Claremorris, Mayo",Number,9569
General Health of Population,2022,Both Sexes,Good,"Castlebar, Mayo",Number,9934
General Health of Population,2022,Both Sexes,Good,"Belmullet, Mayo",Number,4246
General Health of Population,2022,Both Sexes,Good,"Westport, Mayo",Number,6165
General Health of Population,2022,Both Sexes,Good,"Swinford, Mayo",Number,6034
General Health of Population,2022,Both Sexes,Good,"Kells, Meath",Number,10608
General Health of Population,2022,Both Sexes,Good,"Laytown-Bettystown, Meath",Number,12255
General Health of Population,2022,Both Sexes,Good,"Ashbourne, Meath",Number,9938
General Health of Population,2022,Both Sexes,Good,"Ratoath, Meath",Number,10686
General Health of Population,2022,Both Sexes,Good,"Trim, Meath",Number,9820
General Health of Population,2022,Both Sexes,Good,"Navan, Meath",Number,12078
General Health of Population,2022,Both Sexes,Good,"Monaghan, Monaghan",Number,7184
General Health of Population,2022,Both Sexes,Good,"Carrickmacross-Castleblayney, Monaghan",Number,6978
General Health of Population,2022,Both Sexes,Good,"Ballybay-Clones, Monaghan",Number,5550
General Health of Population,2022,Both Sexes,Good,"Birr, Offaly",Number,8755
General Health of Population,2022,Both Sexes,Good,"Tullamore, Offaly",Number,9352
General Health of Population,2022,Both Sexes,Good,"Edenderry, Offaly",Number,7875
General Health of Population,2022,Both Sexes,Good,"Boyle, Roscommon",Number,7901
General Health of Population,2022,Both Sexes,Good,"Roscommon, Roscommon",Number,7700
General Health of Population,2022,Both Sexes,Good,"Athlone, Roscommon",Number,6213
General Health of Population,2022,Both Sexes,Good,"Ballymote-Tobercurry, Sligo",Number,8850
General Health of Population,2022,Both Sexes,Good,"Sligo-Drumcliff, Sligo",Number,5344
General Health of Population,2022,Both Sexes,Good,"Sligo-Strandhill, Sligo",Number,6967
General Health of Population,2022,Both Sexes,Good,"Cavan-Belturbet, Cavan",Number,8417
General Health of Population,2022,Both Sexes,Good,"Bailieborough-Cootehill, Cavan",Number,7376
General Health of Population,2022,Both Sexes,Good,"Ballyjamesduff, Cavan",Number,8496
General Health of Population,2022,Both Sexes,Good,"Nenagh, Tipperary",Number,7381
General Health of Population,2022,Both Sexes,Good,"Roscrea-Templemore, Tipperary",Number,5433
General Health of Population,2022,Both Sexes,Good,"Carrick-On-Suir, Tipperary",Number,6116
General Health of Population,2022,Both Sexes,Good,"Clonmel, Tipperary",Number,7879
General Health of Population,2022,Both Sexes,Good,"Cashel-Tipperary, Tipperary",Number,9149
General Health of Population,2022,Both Sexes,Good,"Newport, Tipperary",Number,4917
General Health of Population,2022,Both Sexes,Good,"Thurles, Tipperary",Number,6204
General Health of Population,2022,Both Sexes,Good,"Cahir, Tipperary",Number,4972
General Health of Population,2022,Both Sexes,Good,"Dungarvan, Waterford",Number,6838
General Health of Population,2022,Both Sexes,Good,"Portlaw-Kilmacthomas, Waterford",Number,5505
General Health of Population,2022,Both Sexes,Good,"Lismore, Waterford",Number,3676
General Health of Population,2022,Both Sexes,Good,"Tramore-Waterford City West, Waterford",Number,7246
General Health of Population,2022,Both Sexes,Good,"Waterford City South, Waterford",Number,8091
General Health of Population,2022,Both Sexes,Good,"Waterford City East, Waterford",Number,6904
General Health of Population,2022,Both Sexes,Good,"Athlone, Westmeath",Number,7411
General Health of Population,2022,Both Sexes,Good,"Moate, Westmeath",Number,6036
General Health of Population,2022,Both Sexes,Good,"Kinnegad, Westmeath",Number,7181
General Health of Population,2022,Both Sexes,Good,"Mullingar, Westmeath",Number,8474
General Health of Population,2022,Both Sexes,Good,"Gorey, Wexford",Number,9353
General Health of Population,2022,Both Sexes,Good,"Kilmuckridge, Wexford",Number,5523
General Health of Population,2022,Both Sexes,Good,"New Ross, Wexford",Number,9116
General Health of Population,2022,Both Sexes,Good,"Rosslare, Wexford",Number,7276
General Health of Population,2022,Both Sexes,Good,"Wexford, Wexford",Number,9705
General Health of Population,2022,Both Sexes,Good,"Enniscorthy, Wexford",Number,8911
General Health of Population,2022,Both Sexes,Good,"Baltinglass, Wicklow",Number,8413
General Health of Population,2022,Both Sexes,Good,"Bray West, Wicklow",Number,5422
General Health of Population,2022,Both Sexes,Good,"Greystones, Wicklow",Number,7984
General Health of Population,2022,Both Sexes,Good,"Wicklow, Wicklow",Number,9651
General Health of Population,2022,Both Sexes,Good,"Arklow, Wicklow",Number,8468
General Health of Population,2022,Both Sexes,Good,"Bray East, Wicklow",Number,5686
General Health of Population,2022,Both Sexes,Good,"Rush-Lusk, Fingal",Number,11559
General Health of Population,2022,Both Sexes,Good,"Swords, Fingal",Number,14332
General Health of Population,2022,Both Sexes,Good,"Blanchardstown-Mulhuddart, Fingal",Number,11536
General Health of Population,2022,Both Sexes,Good,"Castleknock, Fingal",Number,13185
General Health of Population,2022,Both Sexes,Good,"Howth-Malahide, Fingal",Number,19347
General Health of Population,2022,Both Sexes,Good,"Stillorgan, Dún Laoghaire-Rathdown",Number,8563
General Health of Population,2022,Both Sexes,Good,"Dundrum, Dún Laoghaire-Rathdown",Number,9063
General Health of Population,2022,Both Sexes,Good,"Glencullen-Sandyford, Dún Laoghaire-Rathdown",Number,13159
General Health of Population,2022,Both Sexes,Good,"Killiney-Shankill, Dún Laoghaire-Rathdown",Number,11693
General Health of Population,2022,Both Sexes,Good,"Dún Laoghaire, Dún Laoghaire-Rathdown",Number,13160
General Health of Population,2022,Both Sexes,Good,"Blackrock, Dún Laoghaire-Rathdown",Number,8868
General Health of Population,2022,Both Sexes,Good,"Lucan, South Dublin",Number,16302
General Health of Population,2022,Both Sexes,Good,"Tallaght Central, South Dublin",Number,11528
General Health of Population,2022,Both Sexes,Good,"Rathfarnham-Templeogue, South Dublin",Number,15350
General Health of Population,2022,Both Sexes,Good,"Firhouse-Bohernabreena, South Dublin",Number,10258
General Health of Population,2022,Both Sexes,Good,"Tallaght South, South Dublin",Number,12781
General Health of Population,2022,Both Sexes,Good,"Clondalkin, South Dublin",Number,15876
General Health of Population,2022,Both Sexes,Good,"Balbriggan, Fingal",Number,12265
General Health of Population,2022,Both Sexes,Good,"Ongar, Fingal",Number,13083
General Health of Population,2022,Both Sexes,Good,"Palmerstown-Fonthill, South Dublin",Number,6889
General Health of Population,2022,Both Sexes,Good,"Ballymun-Finglas, Dublin City",Number,16332
General Health of Population,2022,Both Sexes,Good,"Cabra-Glasnevin, Dublin City",Number,17696
General Health of Population,2022,Both Sexes,Good,"Ballyfermot-Drimnagh, Dublin City",Number,14512
General Health of Population,2022,Both Sexes,Good,"Kimmage-Rathmines, Dublin City",Number,16790
General Health of Population,2022,Both Sexes,Good,"Pembroke, Dublin City",Number,10953
General Health of Population,2022,Both Sexes,Good,"South East Inner City, Dublin City",Number,10766
General Health of Population,2022,Both Sexes,Good,"North Inner City, Dublin City",Number,19173
General Health of Population,2022,Both Sexes,Good,"Clontarf, Dublin City",Number,15789
General Health of Population,2022,Both Sexes,Good,"Donaghmede, Dublin City",Number,14528
General Health of Population,2022,Both Sexes,Good,"Artane-Whitehall, Dublin City",Number,15650
General Health of Population,2022,Both Sexes,Good,"South West Inner City, Dublin City",Number,12104
General Health of Population,2022,Both Sexes,Good,"Ennistimon, Clare",Number,5740
General Health of Population,2022,Both Sexes,Good,"Killaloe, Clare",Number,6173
General Health of Population,2022,Both Sexes,Good,"Shannon, Clare",Number,9963
General Health of Population,2022,Both Sexes,Good,"Ennis, Clare",Number,10328
General Health of Population,2022,Both Sexes,Good,"Kilrush, Clare",Number,7440
General Health of Population,2022,Both Sexes,Good,"Kanturk, Cork County",Number,8273
General Health of Population,2022,Both Sexes,Good,"Fermoy, Cork County",Number,12070
General Health of Population,2022,Both Sexes,Good,"Midleton, Cork County",Number,14656
General Health of Population,2022,Both Sexes,Good,"Carrigaline, Cork County",Number,11035
General Health of Population,2022,Both Sexes,Good,"Cobh, Cork County",Number,10684
General Health of Population,2022,Both Sexes,Good,"Bandon-Kinsale, Cork County",Number,11757
General Health of Population,2022,Both Sexes,Good,"Bantry-West Cork, Cork County",Number,7746
General Health of Population,2022,Both Sexes,Good,"Skibbereen-West Cork, Cork County",Number,9748
General Health of Population,2022,Both Sexes,Good,"Macroom, Cork County",Number,11244
General Health of Population,2022,Both Sexes,Good,"Mallow, Cork County",Number,9479
General Health of Population,2022,Both Sexes,Good,"Cork City North West, Cork City",Number,12331
General Health of Population,2022,Both Sexes,Good,"Cork City North East, Cork City",Number,13071
General Health of Population,2022,Both Sexes,Good,"Cork City South East, Cork City",Number,12662
General Health of Population,2022,Both Sexes,Good,"Cork City South Central, Cork City",Number,12390
General Health of Population,2022,Both Sexes,Good,"Cork City South West, Cork City",Number,14828
General Health of Population,2022,Both Sexes,Good,"Glenties, Donegal",Number,7603
General Health of Population,2022,Both Sexes,Good,"Milford, Donegal",Number,4520
General Health of Population,2022,Both Sexes,Good,"Carndonagh, Donegal",Number,5646
General Health of Population,2022,Both Sexes,Good,"Buncrana, Donegal",Number,6762
General Health of Population,2022,Both Sexes,Good,"Donegal, Donegal",Number,9087
General Health of Population,2022,Both Sexes,Good,"Letterkenny, Donegal",Number,9635
General Health of Population,2022,Both Sexes,Good,"Lifford-Stranorlar, Donegal",Number,8585
General Health of Population,2022,Both Sexes,Good,"Conamara North, Galway County",Number,5870
General Health of Population,2022,Both Sexes,Good,"Tuam, Galway County",Number,11088
General Health of Population,2022,Both Sexes,Good,"Ballinasloe, Galway County",Number,9349
General Health of Population,2022,Both Sexes,Good,"Loughrea, Galway County",Number,7698
General Health of Population,2022,Both Sexes,Good,"Athenry-Oranmore, Galway County",Number,10309
General Health of Population,2022,Both Sexes,Good,"Gort-Kinvara, Galway County",Number,7409
General Health of Population,2022,Both Sexes,Good,"Conamara South, Galway County",Number,6475
General Health of Population,2022,Both Sexes,Good,"Galway City West, Galway City",Number,7485
General Health of Population,2022,Both Sexes,Good,"Galway City Central, Galway City",Number,8822
General Health of Population,2022,Both Sexes,Good,"Galway City East, Galway City",Number,8928
General Health of Population,2022,Both Sexes,Good,"Listowel, Kerry",Number,9795
General Health of Population,2022,Both Sexes,Good,"Castleisland, Kerry",Number,5724
General Health of Population,2022,Both Sexes,Good,"Killarney, Kerry",Number,9714
General Health of Population,2022,Both Sexes,Good,"Kenmare, Kerry",Number,8669
General Health of Population,2022,Both Sexes,Good,"Corca Dhuibhne, Kerry",Number,4758
General Health of Population,2022,Both Sexes,Good,"Tralee, Kerry",Number,11011
General Health of Population,2022,Both Sexes,Good,"Maynooth, Kildare",Number,9431
General Health of Population,2022,Both Sexes,Good,"Celbridge, Kildare",Number,6857
General Health of Population,2022,Both Sexes,Good,"Naas, Kildare",Number,13290
General Health of Population,2022,Both Sexes,Good,"Athy, Kildare",Number,8576
General Health of Population,2022,Both Sexes,Good,"Kildare, Kildare",Number,8904
General Health of Population,2022,Both Sexes,Good,"Clane, Kildare",Number,9395
General Health of Population,2022,Both Sexes,Good,"Leixlip, Kildare",Number,4960
General Health of Population,2022,Both Sexes,Good,"Newbridge, Kildare",Number,11030
General Health of Population,2022,Both Sexes,Good,"Castlecomer, Kilkenny",Number,7481
General Health of Population,2022,Both Sexes,Good,"Kilkenny, Kilkenny",Number,9046
General Health of Population,2022,Both Sexes,Good,"Piltown, Kilkenny",Number,6821
General Health of Population,2022,Both Sexes,Good,"Callan-Thomastown, Kilkenny",Number,7900
General Health of Population,2022,Both Sexes,Good,Ireland,Number,1527027
General Health of Population,2022,Both Sexes,Fair,"Borris-In-Ossory-Mountmellick, Laois",Number,2518
General Health of Population,2022,Both Sexes,Fair,"Portlaoise, Laois",Number,3012
General Health of Population,2022,Both Sexes,Fair,"Graiguecullen -Portarlington, Laois",Number,2573
General Health of Population,2022,Both Sexes,Fair,"Carlow, Carlow",Number,2588
General Health of Population,2022,Both Sexes,Fair,"Tullow, Carlow",Number,1969
General Health of Population,2022,Both Sexes,Fair,"Muinebeag, Carlow",Number,1550
General Health of Population,2022,Both Sexes,Fair,"Manorhamilton, Leitrim",Number,1226
General Health of Population,2022,Both Sexes,Fair,"Ballinamore, Leitrim",Number,1098
General Health of Population,2022,Both Sexes,Fair,"Carrick-On-Shannon, Leitrim",Number,1313
General Health of Population,2022,Both Sexes,Fair,"Newcastle West, Limerick",Number,2743
General Health of Population,2022,Both Sexes,Fair,"Adare-Rathkeale, Limerick",Number,2540
General Health of Population,2022,Both Sexes,Fair,"Cappamore-Kilmallock, Limerick",Number,3439
General Health of Population,2022,Both Sexes,Fair,"Limerick City West, Limerick",Number,3236
General Health of Population,2022,Both Sexes,Fair,"Limerick City North, Limerick",Number,3902
General Health of Population,2022,Both Sexes,Fair,"Limerick City East, Limerick",Number,3301
General Health of Population,2022,Both Sexes,Fair,"Granard, Longford",Number,1075
General Health of Population,2022,Both Sexes,Fair,"Ballymahon, Longford",Number,1556
General Health of Population,2022,Both Sexes,Fair,"Longford, Longford",Number,1897
General Health of Population,2022,Both Sexes,Fair,"Dundalk-Carlingford, Louth",Number,2559
General Health of Population,2022,Both Sexes,Fair,"Dundalk South, Louth",Number,3462
General Health of Population,2022,Both Sexes,Fair,"Ardee, Louth",Number,2459
General Health of Population,2022,Both Sexes,Fair,"Drogheda Rural, Louth",Number,1648
General Health of Population,2022,Both Sexes,Fair,"Drogheda Urban, Louth",Number,3162
General Health of Population,2022,Both Sexes,Fair,"Ballina, Mayo",Number,2763
General Health of Population,2022,Both Sexes,Fair,"Claremorris, Mayo",Number,2763
General Health of Population,2022,Both Sexes,Fair,"Castlebar, Mayo",Number,2870
General Health of Population,2022,Both Sexes,Fair,"Belmullet, Mayo",Number,1817
General Health of Population,2022,Both Sexes,Fair,"Westport, Mayo",Number,1755
General Health of Population,2022,Both Sexes,Fair,"Swinford, Mayo",Number,2059
General Health of Population,2022,Both Sexes,Fair,"Kells, Meath",Number,3037
General Health of Population,2022,Both Sexes,Fair,"Laytown-Bettystown, Meath",Number,3079
General Health of Population,2022,Both Sexes,Fair,"Ashbourne, Meath",Number,2362
General Health of Population,2022,Both Sexes,Fair,"Ratoath, Meath",Number,2379
General Health of Population,2022,Both Sexes,Fair,"Trim, Meath",Number,2606
General Health of Population,2022,Both Sexes,Fair,"Navan, Meath",Number,3223
General Health of Population,2022,Both Sexes,Fair,"Monaghan, Monaghan",Number,2041
General Health of Population,2022,Both Sexes,Fair,"Carrickmacross-Castleblayney, Monaghan",Number,2079
General Health of Population,2022,Both Sexes,Fair,"Ballybay-Clones, Monaghan",Number,1658
General Health of Population,2022,Both Sexes,Fair,"Birr, Offaly",Number,2602
General Health of Population,2022,Both Sexes,Fair,"Tullamore, Offaly",Number,2771
General Health of Population,2022,Both Sexes,Fair,"Edenderry, Offaly",Number,2413
General Health of Population,2022,Both Sexes,Fair,"Boyle, Roscommon",Number,2664
General Health of Population,2022,Both Sexes,Fair,"Roscommon, Roscommon",Number,2490
General Health of Population,2022,Both Sexes,Fair,"Athlone, Roscommon",Number,1666
General Health of Population,2022,Both Sexes,Fair,"Ballymote-Tobercurry, Sligo",Number,2836
General Health of Population,2022,Both Sexes,Fair,"Sligo-Drumcliff, Sligo",Number,1456
General Health of Population,2022,Both Sexes,Fair,"Sligo-Strandhill, Sligo",Number,2478
General Health of Population,2022,Both Sexes,Fair,"Cavan-Belturbet, Cavan",Number,2723
General Health of Population,2022,Both Sexes,Fair,"Bailieborough-Cootehill, Cavan",Number,2073
General Health of Population,2022,Both Sexes,Fair,"Ballyjamesduff, Cavan",Number,2467
General Health of Population,2022,Both Sexes,Fair,"Nenagh, Tipperary",Number,2241
General Health of Population,2022,Both Sexes,Fair,"Roscrea-Templemore, Tipperary",Number,1698
General Health of Population,2022,Both Sexes,Fair,"Carrick-On-Suir, Tipperary",Number,2097
General Health of Population,2022,Both Sexes,Fair,"Clonmel, Tipperary",Number,2454
General Health of Population,2022,Both Sexes,Fair,"Cashel-Tipperary, Tipperary",Number,2873
General Health of Population,2022,Both Sexes,Fair,"Newport, Tipperary",Number,1413
General Health of Population,2022,Both Sexes,Fair,"Thurles, Tipperary",Number,2010
General Health of Population,2022,Both Sexes,Fair,"Cahir, Tipperary",Number,1369
General Health of Population,2022,Both Sexes,Fair,"Dungarvan, Waterford",Number,2048
General Health of Population,2022,Both Sexes,Fair,"Portlaw-Kilmacthomas, Waterford",Number,1514
General Health of Population,2022,Both Sexes,Fair,"Lismore, Waterford",Number,987
General Health of Population,2022,Both Sexes,Fair,"Tramore-Waterford City West, Waterford",Number,2289
General Health of Population,2022,Both Sexes,Fair,"Waterford City South, Waterford",Number,2791
General Health of Population,2022,Both Sexes,Fair,"Waterford City East, Waterford",Number,2014
General Health of Population,2022,Both Sexes,Fair,"Athlone, Westmeath",Number,2197
General Health of Population,2022,Both Sexes,Fair,"Moate, Westmeath",Number,1702
General Health of Population,2022,Both Sexes,Fair,"Kinnegad, Westmeath",Number,2098
General Health of Population,2022,Both Sexes,Fair,"Mullingar, Westmeath",Number,2482
General Health of Population,2022,Both Sexes,Fair,"Gorey, Wexford",Number,2887
General Health of Population,2022,Both Sexes,Fair,"Kilmuckridge, Wexford",Number,1726
General Health of Population,2022,Both Sexes,Fair,"New Ross, Wexford",Number,2869
General Health of Population,2022,Both Sexes,Fair,"Rosslare, Wexford",Number,2203
General Health of Population,2022,Both Sexes,Fair,"Wexford, Wexford",Number,3294
General Health of Population,2022,Both Sexes,Fair,"Enniscorthy, Wexford",Number,3000
General Health of Population,2022,Both Sexes,Fair,"Baltinglass, Wicklow",Number,2314
General Health of Population,2022,Both Sexes,Fair,"Bray West, Wicklow",Number,1551
General Health of Population,2022,Both Sexes,Fair,"Greystones, Wicklow",Number,2006
General Health of Population,2022,Both Sexes,Fair,"Wicklow, Wicklow",Number,2602
General Health of Population,2022,Both Sexes,Fair,"Arklow, Wicklow",Number,2560
General Health of Population,2022,Both Sexes,Fair,"Bray East, Wicklow",Number,1795
General Health of Population,2022,Both Sexes,Fair,"Rush-Lusk, Fingal",Number,2907
General Health of Population,2022,Both Sexes,Fair,"Swords, Fingal",Number,3512
General Health of Population,2022,Both Sexes,Fair,"Blanchardstown-Mulhuddart, Fingal",Number,2796
General Health of Population,2022,Both Sexes,Fair,"Castleknock, Fingal",Number,3253
General Health of Population,2022,Both Sexes,Fair,"Howth-Malahide, Fingal",Number,4855
General Health of Population,2022,Both Sexes,Fair,"Stillorgan, Dún Laoghaire-Rathdown",Number,1935
General Health of Population,2022,Both Sexes,Fair,"Dundrum, Dún Laoghaire-Rathdown",Number,2464
General Health of Population,2022,Both Sexes,Fair,"Glencullen-Sandyford, Dún Laoghaire-Rathdown",Number,2997
General Health of Population,2022,Both Sexes,Fair,"Killiney-Shankill, Dún Laoghaire-Rathdown",Number,3243
General Health of Population,2022,Both Sexes,Fair,"Dún Laoghaire, Dún Laoghaire-Rathdown",Number,3814
General Health of Population,2022,Both Sexes,Fair,"Blackrock, Dún Laoghaire-Rathdown",Number,2256
General Health of Population,2022,Both Sexes,Fair,"Lucan, South Dublin",Number,3471
General Health of Population,2022,Both Sexes,Fair,"Tallaght Central, South Dublin",Number,3737
General Health of Population,2022,Both Sexes,Fair,"Rathfarnham-Templeogue, South Dublin",Number,4213
General Health of Population,2022,Both Sexes,Fair,"Firhouse-Bohernabreena, South Dublin",Number,2530
General Health of Population,2022,Both Sexes,Fair,"Tallaght South, South Dublin",Number,4064
General Health of Population,2022,Both Sexes,Fair,"Clondalkin, South Dublin",Number,4625
General Health of Population,2022,Both Sexes,Fair,"Balbriggan, Fingal",Number,3396
General Health of Population,2022,Both Sexes,Fair,"Ongar, Fingal",Number,2940
General Health of Population,2022,Both Sexes,Fair,"Palmerstown-Fonthill, South Dublin",Number,2311
General Health of Population,2022,Both Sexes,Fair,"Ballymun-Finglas, Dublin City",Number,5852
General Health of Population,2022,Both Sexes,Fair,"Cabra-Glasnevin, Dublin City",Number,5281
General Health of Population,2022,Both Sexes,Fair,"Ballyfermot-Drimnagh, Dublin City",Number,5266
General Health of Population,2022,Both Sexes,Fair,"Kimmage-Rathmines, Dublin City",Number,5200
General Health of Population,2022,Both Sexes,Fair,"Pembroke, Dublin City",Number,2638
General Health of Population,2022,Both Sexes,Fair,"South East Inner City, Dublin City",Number,2990
General Health of Population,2022,Both Sexes,Fair,"North Inner City, Dublin City",Number,5400
General Health of Population,2022,Both Sexes,Fair,"Clontarf, Dublin City",Number,4617
General Health of Population,2022,Both Sexes,Fair,"Donaghmede, Dublin City",Number,4371
General Health of Population,2022,Both Sexes,Fair,"Artane-Whitehall, Dublin City",Number,5627
General Health of Population,2022,Both Sexes,Fair,"South West Inner City, Dublin City",Number,3696
General Health of Population,2022,Both Sexes,Fair,"Ennistimon, Clare",Number,1603
General Health of Population,2022,Both Sexes,Fair,"Killaloe, Clare",Number,1640
General Health of Population,2022,Both Sexes,Fair,"Shannon, Clare",Number,2822
General Health of Population,2022,Both Sexes,Fair,"Ennis, Clare",Number,3181
General Health of Population,2022,Both Sexes,Fair,"Kilrush, Clare",Number,2317
General Health of Population,2022,Both Sexes,Fair,"Kanturk, Cork County",Number,2301
General Health of Population,2022,Both Sexes,Fair,"Fermoy, Cork County",Number,3207
General Health of Population,2022,Both Sexes,Fair,"Midleton, Cork County",Number,3918
General Health of Population,2022,Both Sexes,Fair,"Carrigaline, Cork County",Number,2495
General Health of Population,2022,Both Sexes,Fair,"Cobh, Cork County",Number,2784
General Health of Population,2022,Both Sexes,Fair,"Bandon-Kinsale, Cork County",Number,2829
General Health of Population,2022,Both Sexes,Fair,"Bantry-West Cork, Cork County",Number,2381
General Health of Population,2022,Both Sexes,Fair,"Skibbereen-West Cork, Cork County",Number,2789
General Health of Population,2022,Both Sexes,Fair,"Macroom, Cork County",Number,2594
General Health of Population,2022,Both Sexes,Fair,"Mallow, Cork County",Number,2726
General Health of Population,2022,Both Sexes,Fair,"Cork City North West, Cork City",Number,4507
General Health of Population,2022,Both Sexes,Fair,"Cork City North East, Cork City",Number,3862
General Health of Population,2022,Both Sexes,Fair,"Cork City South East, Cork City",Number,3553
General Health of Population,2022,Both Sexes,Fair,"Cork City South Central, Cork City",Number,3796
General Health of Population,2022,Both Sexes,Fair,"Cork City South West, Cork City",Number,4187
General Health of Population,2022,Both Sexes,Fair,"Glenties, Donegal",Number,3192
General Health of Population,2022,Both Sexes,Fair,"Milford, Donegal",Number,1333
General Health of Population,2022,Both Sexes,Fair,"Carndonagh, Donegal",Number,1842
General Health of Population,2022,Both Sexes,Fair,"Buncrana, Donegal",Number,2306
General Health of Population,2022,Both Sexes,Fair,"Donegal, Donegal",Number,2907
General Health of Population,2022,Both Sexes,Fair,"Letterkenny, Donegal",Number,3001
General Health of Population,2022,Both Sexes,Fair,"Lifford-Stranorlar, Donegal",Number,3070
General Health of Population,2022,Both Sexes,Fair,"Conamara North, Galway County",Number,1955
General Health of Population,2022,Both Sexes,Fair,"Tuam, Galway County",Number,3111
General Health of Population,2022,Both Sexes,Fair,"Ballinasloe, Galway County",Number,2894
General Health of Population,2022,Both Sexes,Fair,"Loughrea, Galway County",Number,2324
General Health of Population,2022,Both Sexes,Fair,"Athenry-Oranmore, Galway County",Number,2577
General Health of Population,2022,Both Sexes,Fair,"Gort-Kinvara, Galway County",Number,1898
General Health of Population,2022,Both Sexes,Fair,"Conamara South, Galway County",Number,2060
General Health of Population,2022,Both Sexes,Fair,"Galway City West, Galway City",Number,1976
General Health of Population,2022,Both Sexes,Fair,"Galway City Central, Galway City",Number,2641
General Health of Population,2022,Both Sexes,Fair,"Galway City East, Galway City",Number,2594
General Health of Population,2022,Both Sexes,Fair,"Listowel, Kerry",Number,2943
General Health of Population,2022,Both Sexes,Fair,"Castleisland, Kerry",Number,1565
General Health of Population,2022,Both Sexes,Fair,"Killarney, Kerry",Number,2484
General Health of Population,2022,Both Sexes,Fair,"Kenmare, Kerry",Number,2500
General Health of Population,2022,Both Sexes,Fair,"Corca Dhuibhne, Kerry",Number,1335
General Health of Population,2022,Both Sexes,Fair,"Tralee, Kerry",Number,3556
General Health of Population,2022,Both Sexes,Fair,"Maynooth, Kildare",Number,2235
General Health of Population,2022,Both Sexes,Fair,"Celbridge, Kildare",Number,1709
General Health of Population,2022,Both Sexes,Fair,"Naas, Kildare",Number,3132
General Health of Population,2022,Both Sexes,Fair,"Athy, Kildare",Number,2700
General Health of Population,2022,Both Sexes,Fair,"Kildare, Kildare",Number,2541
General Health of Population,2022,Both Sexes,Fair,"Clane, Kildare",Number,2484
General Health of Population,2022,Both Sexes,Fair,"Leixlip, Kildare",Number,1329
General Health of Population,2022,Both Sexes,Fair,"Newbridge, Kildare",Number,3028
General Health of Population,2022,Both Sexes,Fair,"Castlecomer, Kilkenny",Number,2089
General Health of Population,2022,Both Sexes,Fair,"Kilkenny, Kilkenny",Number,2701
General Health of Population,2022,Both Sexes,Fair,"Piltown, Kilkenny",Number,1912
General Health of Population,2022,Both Sexes,Fair,"Callan-Thomastown, Kilkenny",Number,2182
General Health of Population,2022,Both Sexes,Fair,Ireland,Number,444895
General Health of Population,2022,Both Sexes,Bad,"Borris-In-Ossory-Mountmellick, Laois",Number,417
General Health of Population,2022,Both Sexes,Bad,"Portlaoise, Laois",Number,539
General Health of Population,2022,Both Sexes,Bad,"Graiguecullen -Portarlington, Laois",Number,420
General Health of Population,2022,Both Sexes,Bad,"Carlow, Carlow",Number,486
General Health of Population,2022,Both Sexes,Bad,"Tullow, Carlow",Number,331
General Health of Population,2022,Both Sexes,Bad,"Muinebeag, Carlow",Number,220
General Health of Population,2022,Both Sexes,Bad,"Manorhamilton, Leitrim",Number,188
General Health of Population,2022,Both Sexes,Bad,"Ballinamore, Leitrim",Number,177
General Health of Population,2022,Both Sexes,Bad,"Carrick-On-Shannon, Leitrim",Number,218
General Health of Population,2022,Both Sexes,Bad,"Newcastle West, Limerick",Number,370
General Health of Population,2022,Both Sexes,Bad,"Adare-Rathkeale, Limerick",Number,421
General Health of Population,2022,Both Sexes,Bad,"Cappamore-Kilmallock, Limerick",Number,508
General Health of Population,2022,Both Sexes,Bad,"Limerick City West, Limerick",Number,626
General Health of Population,2022,Both Sexes,Bad,"Limerick City North, Limerick",Number,772
General Health of Population,2022,Both Sexes,Bad,"Limerick City East, Limerick",Number,606
General Health of Population,2022,Both Sexes,Bad,"Granard, Longford",Number,167
General Health of Population,2022,Both Sexes,Bad,"Ballymahon, Longford",Number,244
General Health of Population,2022,Both Sexes,Bad,"Longford, Longford",Number,362
General Health of Population,2022,Both Sexes,Bad,"Dundalk-Carlingford, Louth",Number,487
General Health of Population,2022,Both Sexes,Bad,"Dundalk South, Louth",Number,526
General Health of Population,2022,Both Sexes,Bad,"Ardee, Louth",Number,346
General Health of Population,2022,Both Sexes,Bad,"Drogheda Rural, Louth",Number,251
General Health of Population,2022,Both Sexes,Bad,"Drogheda Urban, Louth",Number,616
General Health of Population,2022,Both Sexes,Bad,"Ballina, Mayo",Number,435
General Health of Population,2022,Both Sexes,Bad,"Claremorris, Mayo",Number,387
General Health of Population,2022,Both Sexes,Bad,"Castlebar, Mayo",Number,487
General Health of Population,2022,Both Sexes,Bad,"Belmullet, Mayo",Number,271
General Health of Population,2022,Both Sexes,Bad,"Westport, Mayo",Number,261
General Health of Population,2022,Both Sexes,Bad,"Swinford, Mayo",Number,316
General Health of Population,2022,Both Sexes,Bad,"Kells, Meath",Number,459
General Health of Population,2022,Both Sexes,Bad,"Laytown-Bettystown, Meath",Number,509
General Health of Population,2022,Both Sexes,Bad,"Ashbourne, Meath",Number,352
General Health of Population,2022,Both Sexes,Bad,"Ratoath, Meath",Number,342
General Health of Population,2022,Both Sexes,Bad,"Trim, Meath",Number,403
General Health of Population,2022,Both Sexes,Bad,"Navan, Meath",Number,514
General Health of Population,2022,Both Sexes,Bad,"Monaghan, Monaghan",Number,274
General Health of Population,2022,Both Sexes,Bad,"Carrickmacross-Castleblayney, Monaghan",Number,322
General Health of Population,2022,Both Sexes,Bad,"Ballybay-Clones, Monaghan",Number,215
General Health of Population,2022,Both Sexes,Bad,"Birr, Offaly",Number,452
General Health of Population,2022,Both Sexes,Bad,"Tullamore, Offaly",Number,525
General Health of Population,2022,Both Sexes,Bad,"Edenderry, Offaly",Number,440
General Health of Population,2022,Both Sexes,Bad,"Boyle, Roscommon",Number,428
General Health of Population,2022,Both Sexes,Bad,"Roscommon, Roscommon",Number,418
General Health of Population,2022,Both Sexes,Bad,"Athlone, Roscommon",Number,250
General Health of Population,2022,Both Sexes,Bad,"Ballymote-Tobercurry, Sligo",Number,387
General Health of Population,2022,Both Sexes,Bad,"Sligo-Drumcliff, Sligo",Number,203
General Health of Population,2022,Both Sexes,Bad,"Sligo-Strandhill, Sligo",Number,451
General Health of Population,2022,Both Sexes,Bad,"Cavan-Belturbet, Cavan",Number,406
General Health of Population,2022,Both Sexes,Bad,"Bailieborough-Cootehill, Cavan",Number,353
General Health of Population,2022,Both Sexes,Bad,"Ballyjamesduff, Cavan",Number,361
General Health of Population,2022,Both Sexes,Bad,"Nenagh, Tipperary",Number,346
General Health of Population,2022,Both Sexes,Bad,"Roscrea-Templemore, Tipperary",Number,267
General Health of Population,2022,Both Sexes,Bad,"Carrick-On-Suir, Tipperary",Number,391
General Health of Population,2022,Both Sexes,Bad,"Clonmel, Tipperary",Number,411
General Health of Population,2022,Both Sexes,Bad,"Cashel-Tipperary, Tipperary",Number,478
General Health of Population,2022,Both Sexes,Bad,"Newport, Tipperary",Number,248
General Health of Population,2022,Both Sexes,Bad,"Thurles, Tipperary",Number,279
General Health of Population,2022,Both Sexes,Bad,"Cahir, Tipperary",Number,197
General Health of Population,2022,Both Sexes,Bad,"Dungarvan, Waterford",Number,318
General Health of Population,2022,Both Sexes,Bad,"Portlaw-Kilmacthomas, Waterford",Number,216
General Health of Population,2022,Both Sexes,Bad,"Lismore, Waterford",Number,133
General Health of Population,2022,Both Sexes,Bad,"Tramore-Waterford City West, Waterford",Number,362
General Health of Population,2022,Both Sexes,Bad,"Waterford City South, Waterford",Number,521
General Health of Population,2022,Both Sexes,Bad,"Waterford City East, Waterford",Number,299
General Health of Population,2022,Both Sexes,Bad,"Athlone, Westmeath",Number,368
General Health of Population,2022,Both Sexes,Bad,"Moate, Westmeath",Number,239
General Health of Population,2022,Both Sexes,Bad,"Kinnegad, Westmeath",Number,330
General Health of Population,2022,Both Sexes,Bad,"Mullingar, Westmeath",Number,387
General Health of Population,2022,Both Sexes,Bad,"Gorey, Wexford",Number,495
General Health of Population,2022,Both Sexes,Bad,"Kilmuckridge, Wexford",Number,264
General Health of Population,2022,Both Sexes,Bad,"New Ross, Wexford",Number,464
General Health of Population,2022,Both Sexes,Bad,"Rosslare, Wexford",Number,368
General Health of Population,2022,Both Sexes,Bad,"Wexford, Wexford",Number,641
General Health of Population,2022,Both Sexes,Bad,"Enniscorthy, Wexford",Number,481
General Health of Population,2022,Both Sexes,Bad,"Baltinglass, Wicklow",Number,376
General Health of Population,2022,Both Sexes,Bad,"Bray West, Wicklow",Number,234
General Health of Population,2022,Both Sexes,Bad,"Greystones, Wicklow",Number,354
General Health of Population,2022,Both Sexes,Bad,"Wicklow, Wicklow",Number,398
General Health of Population,2022,Both Sexes,Bad,"Arklow, Wicklow",Number,438
General Health of Population,2022,Both Sexes,Bad,"Bray East, Wicklow",Number,286
General Health of Population,2022,Both Sexes,Bad,"Rush-Lusk, Fingal",Number,457
General Health of Population,2022,Both Sexes,Bad,"Swords, Fingal",Number,603
General Health of Population,2022,Both Sexes,Bad,"Blanchardstown-Mulhuddart, Fingal",Number,488
General Health of Population,2022,Both Sexes,Bad,"Castleknock, Fingal",Number,532
General Health of Population,2022,Both Sexes,Bad,"Howth-Malahide, Fingal",Number,717
General Health of Population,2022,Both Sexes,Bad,"Stillorgan, Dún Laoghaire-Rathdown",Number,249
General Health of Population,2022,Both Sexes,Bad,"Dundrum, Dún Laoghaire-Rathdown",Number,408
General Health of Population,2022,Both Sexes,Bad,"Glencullen-Sandyford, Dún Laoghaire-Rathdown",Number,455
General Health of Population,2022,Both Sexes,Bad,"Killiney-Shankill, Dún Laoghaire-Rathdown",Number,513
General Health of Population,2022,Both Sexes,Bad,"Dún Laoghaire, Dún Laoghaire-Rathdown",Number,596
General Health of Population,2022,Both Sexes,Bad,"Blackrock, Dún Laoghaire-Rathdown",Number,324
General Health of Population,2022,Both Sexes,Bad,"Lucan, South Dublin",Number,580
General Health of Population,2022,Both Sexes,Bad,"Tallaght Central, South Dublin",Number,748
General Health of Population,2022,Both Sexes,Bad,"Rathfarnham-Templeogue, South Dublin",Number,648
General Health of Population,2022,Both Sexes,Bad,"Firhouse-Bohernabreena, South Dublin",Number,398
General Health of Population,2022,Both Sexes,Bad,"Tallaght South, South Dublin",Number,711
General Health of Population,2022,Both Sexes,Bad,"Clondalkin, South Dublin",Number,791
General Health of Population,2022,Both Sexes,Bad,"Balbriggan, Fingal",Number,621
General Health of Population,2022,Both Sexes,Bad,"Ongar, Fingal",Number,439
General Health of Population,2022,Both Sexes,Bad,"Palmerstown-Fonthill, South Dublin",Number,493
General Health of Population,2022,Both Sexes,Bad,"Ballymun-Finglas, Dublin City",Number,1246
General Health of Population,2022,Both Sexes,Bad,"Cabra-Glasnevin, Dublin City",Number,989
General Health of Population,2022,Both Sexes,Bad,"Ballyfermot-Drimnagh, Dublin City",Number,1053
General Health of Population,2022,Both Sexes,Bad,"Kimmage-Rathmines, Dublin City",Number,903
General Health of Population,2022,Both Sexes,Bad,"Pembroke, Dublin City",Number,436
General Health of Population,2022,Both Sexes,Bad,"South East Inner City, Dublin City",Number,549
General Health of Population,2022,Both Sexes,Bad,"North Inner City, Dublin City",Number,1163
General Health of Population,2022,Both Sexes,Bad,"Clontarf, Dublin City",Number,749
General Health of Population,2022,Both Sexes,Bad,"Donaghmede, Dublin City",Number,754
General Health of Population,2022,Both Sexes,Bad,"Artane-Whitehall, Dublin City",Number,1049
General Health of Population,2022,Both Sexes,Bad,"South West Inner City, Dublin City",Number,777
General Health of Population,2022,Both Sexes,Bad,"Ennistimon, Clare",Number,218
General Health of Population,2022,Both Sexes,Bad,"Killaloe, Clare",Number,238
General Health of Population,2022,Both Sexes,Bad,"Shannon, Clare",Number,497
General Health of Population,2022,Both Sexes,Bad,"Ennis, Clare",Number,531
General Health of Population,2022,Both Sexes,Bad,"Kilrush, Clare",Number,354
General Health of Population,2022,Both Sexes,Bad,"Kanturk, Cork County",Number,352
General Health of Population,2022,Both Sexes,Bad,"Fermoy, Cork County",Number,490
General Health of Population,2022,Both Sexes,Bad,"Midleton, Cork County",Number,547
General Health of Population,2022,Both Sexes,Bad,"Carrigaline, Cork County",Number,376
General Health of Population,2022,Both Sexes,Bad,"Cobh, Cork County",Number,421
General Health of Population,2022,Both Sexes,Bad,"Bandon-Kinsale, Cork County",Number,431
General Health of Population,2022,Both Sexes,Bad,"Bantry-West Cork, Cork County",Number,327
General Health of Population,2022,Both Sexes,Bad,"Skibbereen-West Cork, Cork County",Number,393
General Health of Population,2022,Both Sexes,Bad,"Macroom, Cork County",Number,340
General Health of Population,2022,Both Sexes,Bad,"Mallow, Cork County",Number,391
General Health of Population,2022,Both Sexes,Bad,"Cork City North West, Cork City",Number,821
General Health of Population,2022,Both Sexes,Bad,"Cork City North East, Cork City",Number,705
General Health of Population,2022,Both Sexes,Bad,"Cork City South East, Cork City",Number,535
General Health of Population,2022,Both Sexes,Bad,"Cork City South Central, Cork City",Number,635
General Health of Population,2022,Both Sexes,Bad,"Cork City South West, Cork City",Number,672
General Health of Population,2022,Both Sexes,Bad,"Glenties, Donegal",Number,475
General Health of Population,2022,Both Sexes,Bad,"Milford, Donegal",Number,180
General Health of Population,2022,Both Sexes,Bad,"Carndonagh, Donegal",Number,289
General Health of Population,2022,Both Sexes,Bad,"Buncrana, Donegal",Number,333
General Health of Population,2022,Both Sexes,Bad,"Donegal, Donegal",Number,411
General Health of Population,2022,Both Sexes,Bad,"Letterkenny, Donegal",Number,508
General Health of Population,2022,Both Sexes,Bad,"Lifford-Stranorlar, Donegal",Number,501
General Health of Population,2022,Both Sexes,Bad,"Conamara North, Galway County",Number,255
General Health of Population,2022,Both Sexes,Bad,"Tuam, Galway County",Number,494
General Health of Population,2022,Both Sexes,Bad,"Ballinasloe, Galway County",Number,431
General Health of Population,2022,Both Sexes,Bad,"Loughrea, Galway County",Number,304
General Health of Population,2022,Both Sexes,Bad,"Athenry-Oranmore, Galway County",Number,340
General Health of Population,2022,Both Sexes,Bad,"Gort-Kinvara, Galway County",Number,222
General Health of Population,2022,Both Sexes,Bad,"Conamara South, Galway County",Number,296
General Health of Population,2022,Both Sexes,Bad,"Galway City West, Galway City",Number,347
General Health of Population,2022,Both Sexes,Bad,"Galway City Central, Galway City",Number,442
General Health of Population,2022,Both Sexes,Bad,"Galway City East, Galway City",Number,422
General Health of Population,2022,Both Sexes,Bad,"Listowel, Kerry",Number,455
General Health of Population,2022,Both Sexes,Bad,"Castleisland, Kerry",Number,201
General Health of Population,2022,Both Sexes,Bad,"Killarney, Kerry",Number,350
General Health of Population,2022,Both Sexes,Bad,"Kenmare, Kerry",Number,332
General Health of Population,2022,Both Sexes,Bad,"Corca Dhuibhne, Kerry",Number,165
General Health of Population,2022,Both Sexes,Bad,"Tralee, Kerry",Number,617
General Health of Population,2022,Both Sexes,Bad,"Maynooth, Kildare",Number,320
General Health of Population,2022,Both Sexes,Bad,"Celbridge, Kildare",Number,222
General Health of Population,2022,Both Sexes,Bad,"Naas, Kildare",Number,483
General Health of Population,2022,Both Sexes,Bad,"Athy, Kildare",Number,479
General Health of Population,2022,Both Sexes,Bad,"Kildare, Kildare",Number,385
General Health of Population,2022,Both Sexes,Bad,"Clane, Kildare",Number,390
General Health of Population,2022,Both Sexes,Bad,"Leixlip, Kildare",Number,212
General Health of Population,2022,Both Sexes,Bad,"Newbridge, Kildare",Number,530
General Health of Population,2022,Both Sexes,Bad,"Castlecomer, Kilkenny",Number,321
General Health of Population,2022,Both Sexes,Bad,"Kilkenny, Kilkenny",Number,456
General Health of Population,2022,Both Sexes,Bad,"Piltown, Kilkenny",Number,247
General Health of Population,2022,Both Sexes,Bad,"Callan-Thomastown, Kilkenny",Number,320
General Health of Population,2022,Both Sexes,Bad,Ireland,Number,72556
General Health of Population,2022,Both Sexes,Very Bad,"Borris-In-Ossory-Mountmellick, Laois",Number,86
General Health of Population,2022,Both Sexes,Very Bad,"Portlaoise, Laois",Number,115
General Health of Population,2022,Both Sexes,Very Bad,"Graiguecullen -Portarlington, Laois",Number,89
General Health of Population,2022,Both Sexes,Very Bad,"Carlow, Carlow",Number,114
General Health of Population,2022,Both Sexes,Very Bad,"Tullow, Carlow",Number,66
General Health of Population,2022,Both Sexes,Very Bad,"Muinebeag, Carlow",Number,45
General Health of Population,2022,Both Sexes,Very Bad,"Manorhamilton, Leitrim",Number,26
General Health of Population,2022,Both Sexes,Very Bad,"Ballinamore, Leitrim",Number,21
General Health of Population,2022,Both Sexes,Very Bad,"Carrick-On-Shannon, Leitrim",Number,30
General Health of Population,2022,Both Sexes,Very Bad,"Newcastle West, Limerick",Number,78
General Health of Population,2022,Both Sexes,Very Bad,"Adare-Rathkeale, Limerick",Number,103
General Health of Population,2022,Both Sexes,Very Bad,"Cappamore-Kilmallock, Limerick",Number,128
General Health of Population,2022,Both Sexes,Very Bad,"Limerick City West, Limerick",Number,136
General Health of Population,2022,Both Sexes,Very Bad,"Limerick City North, Limerick",Number,175
General Health of Population,2022,Both Sexes,Very Bad,"Limerick City East, Limerick",Number,136
General Health of Population,2022,Both Sexes,Very Bad,"Granard, Longford",Number,39
General Health of Population,2022,Both Sexes,Very Bad,"Ballymahon, Longford",Number,61
General Health of Population,2022,Both Sexes,Very Bad,"Longford, Longford",Number,89
General Health of Population,2022,Both Sexes,Very Bad,"Dundalk-Carlingford, Louth",Number,104
General Health of Population,2022,Both Sexes,Very Bad,"Dundalk South, Louth",Number,139
General Health of Population,2022,Both Sexes,Very Bad,"Ardee, Louth",Number,83
General Health of Population,2022,Both Sexes,Very Bad,"Drogheda Rural, Louth",Number,58
General Health of Population,2022,Both Sexes,Very Bad,"Drogheda Urban, Louth",Number,124
General Health of Population,2022,Both Sexes,Very Bad,"Ballina, Mayo",Number,92
General Health of Population,2022,Both Sexes,Very Bad,"Claremorris, Mayo",Number,96
General Health of Population,2022,Both Sexes,Very Bad,"Castlebar, Mayo",Number,82
General Health of Population,2022,Both Sexes,Very Bad,"Belmullet, Mayo",Number,69
General Health of Population,2022,Both Sexes,Very Bad,"Westport, Mayo",Number,47
General Health of Population,2022,Both Sexes,Very Bad,"Swinford, Mayo",Number,73
General Health of Population,2022,Both Sexes,Very Bad,"Kells, Meath",Number,107
General Health of Population,2022,Both Sexes,Very Bad,"Laytown-Bettystown, Meath",Number,117
General Health of Population,2022,Both Sexes,Very Bad,"Ashbourne, Meath",Number,78
General Health of Population,2022,Both Sexes,Very Bad,"Ratoath, Meath",Number,65
General Health of Population,2022,Both Sexes,Very Bad,"Trim, Meath",Number,93
General Health of Population,2022,Both Sexes,Very Bad,"Navan, Meath",Number,147
General Health of Population,2022,Both Sexes,Very Bad,"Monaghan, Monaghan",Number,62
General Health of Population,2022,Both Sexes,Very Bad,"Carrickmacross-Castleblayney, Monaghan",Number,73
General Health of Population,2022,Both Sexes,Very Bad,"Ballybay-Clones, Monaghan",Number,51
General Health of Population,2022,Both Sexes,Very Bad,"Birr, Offaly",Number,108
General Health of Population,2022,Both Sexes,Very Bad,"Tullamore, Offaly",Number,106
General Health of Population,2022,Both Sexes,Very Bad,"Edenderry, Offaly",Number,91
General Health of Population,2022,Both Sexes,Very Bad,"Boyle, Roscommon",Number,103
General Health of Population,2022,Both Sexes,Very Bad,"Roscommon, Roscommon",Number,93
General Health of Population,2022,Both Sexes,Very Bad,"Athlone, Roscommon",Number,66
General Health of Population,2022,Both Sexes,Very Bad,"Ballymote-Tobercurry, Sligo",Number,85
General Health of Population,2022,Both Sexes,Very Bad,"Sligo-Drumcliff, Sligo",Number,51
General Health of Population,2022,Both Sexes,Very Bad,"Sligo-Strandhill, Sligo",Number,95
General Health of Population,2022,Both Sexes,Very Bad,"Cavan-Belturbet, Cavan",Number,109
General Health of Population,2022,Both Sexes,Very Bad,"Bailieborough-Cootehill, Cavan",Number,68
General Health of Population,2022,Both Sexes,Very Bad,"Ballyjamesduff, Cavan",Number,78
General Health of Population,2022,Both Sexes,Very Bad,"Nenagh, Tipperary",Number,87
General Health of Population,2022,Both Sexes,Very Bad,"Roscrea-Templemore, Tipperary",Number,66
General Health of Population,2022,Both Sexes,Very Bad,"Carrick-On-Suir, Tipperary",Number,116
General Health of Population,2022,Both Sexes,Very Bad,"Clonmel, Tipperary",Number,99
General Health of Population,2022,Both Sexes,Very Bad,"Cashel-Tipperary, Tipperary",Number,97
General Health of Population,2022,Both Sexes,Very Bad,"Newport, Tipperary",Number,64
General Health of Population,2022,Both Sexes,Very Bad,"Thurles, Tipperary",Number,73
General Health of Population,2022,Both Sexes,Very Bad,"Cahir, Tipperary",Number,50
General Health of Population,2022,Both Sexes,Very Bad,"Dungarvan, Waterford",Number,75
General Health of Population,2022,Both Sexes,Very Bad,"Portlaw-Kilmacthomas, Waterford",Number,46
General Health of Population,2022,Both Sexes,Very Bad,"Lismore, Waterford",Number,41
General Health of Population,2022,Both Sexes,Very Bad,"Tramore-Waterford City West, Waterford",Number,94
General Health of Population,2022,Both Sexes,Very Bad,"Waterford City South, Waterford",Number,111
General Health of Population,2022,Both Sexes,Very Bad,"Waterford City East, Waterford",Number,70
General Health of Population,2022,Both Sexes,Very Bad,"Athlone, Westmeath",Number,80
General Health of Population,2022,Both Sexes,Very Bad,"Moate, Westmeath",Number,61
General Health of Population,2022,Both Sexes,Very Bad,"Kinnegad, Westmeath",Number,67
General Health of Population,2022,Both Sexes,Very Bad,"Mullingar, Westmeath",Number,68
General Health of Population,2022,Both Sexes,Very Bad,"Gorey, Wexford",Number,110
General Health of Population,2022,Both Sexes,Very Bad,"Kilmuckridge, Wexford",Number,58
General Health of Population,2022,Both Sexes,Very Bad,"New Ross, Wexford",Number,88
General Health of Population,2022,Both Sexes,Very Bad,"Rosslare, Wexford",Number,74
General Health of Population,2022,Both Sexes,Very Bad,"Wexford, Wexford",Number,151
General Health of Population,2022,Both Sexes,Very Bad,"Enniscorthy, Wexford",Number,121
General Health of Population,2022,Both Sexes,Very Bad,"Baltinglass, Wicklow",Number,101
General Health of Population,2022,Both Sexes,Very Bad,"Bray West, Wicklow",Number,64
General Health of Population,2022,Both Sexes,Very Bad,"Greystones, Wicklow",Number,82
General Health of Population,2022,Both Sexes,Very Bad,"Wicklow, Wicklow",Number,100
General Health of Population,2022,Both Sexes,Very Bad,"Arklow, Wicklow",Number,102
General Health of Population,2022,Both Sexes,Very Bad,"Bray East, Wicklow",Number,78
General Health of Population,2022,Both Sexes,Very Bad,"Rush-Lusk, Fingal",Number,92
General Health of Population,2022,Both Sexes,Very Bad,"Swords, Fingal",Number,119
General Health of Population,2022,Both Sexes,Very Bad,"Blanchardstown-Mulhuddart, Fingal",Number,120
General Health of Population,2022,Both Sexes,Very Bad,"Castleknock, Fingal",Number,107
General Health of Population,2022,Both Sexes,Very Bad,"Howth-Malahide, Fingal",Number,150
General Health of Population,2022,Both Sexes,Very Bad,"Stillorgan, Dún Laoghaire-Rathdown",Number,67
General Health of Population,2022,Both Sexes,Very Bad,"Dundrum, Dún Laoghaire-Rathdown",Number,91
General Health of Population,2022,Both Sexes,Very Bad,"Glencullen-Sandyford, Dún Laoghaire-Rathdown",Number,94
General Health of Population,2022,Both Sexes,Very Bad,"Killiney-Shankill, Dún Laoghaire-Rathdown",Number,137
General Health of Population,2022,Both Sexes,Very Bad,"Dún Laoghaire, Dún Laoghaire-Rathdown",Number,149
General Health of Population,2022,Both Sexes,Very Bad,"Blackrock, Dún Laoghaire-Rathdown",Number,68
General Health of Population,2022,Both Sexes,Very Bad,"Lucan, South Dublin",Number,115
General Health of Population,2022,Both Sexes,Very Bad,"Tallaght Central, South Dublin",Number,161
General Health of Population,2022,Both Sexes,Very Bad,"Rathfarnham-Templeogue, South Dublin",Number,135
General Health of Population,2022,Both Sexes,Very Bad,"Firhouse-Bohernabreena, South Dublin",Number,86
General Health of Population,2022,Both Sexes,Very Bad,"Tallaght South, South Dublin",Number,183
General Health of Population,2022,Both Sexes,Very Bad,"Clondalkin, South Dublin",Number,198
General Health of Population,2022,Both Sexes,Very Bad,"Balbriggan, Fingal",Number,150
General Health of Population,2022,Both Sexes,Very Bad,"Ongar, Fingal",Number,94
General Health of Population,2022,Both Sexes,Very Bad,"Palmerstown-Fonthill, South Dublin",Number,120
General Health of Population,2022,Both Sexes,Very Bad,"Ballymun-Finglas, Dublin City",Number,321
General Health of Population,2022,Both Sexes,Very Bad,"Cabra-Glasnevin, Dublin City",Number,228
General Health of Population,2022,Both Sexes,Very Bad,"Ballyfermot-Drimnagh, Dublin City",Number,248
General Health of Population,2022,Both Sexes,Very Bad,"Kimmage-Rathmines, Dublin City",Number,215
General Health of Population,2022,Both Sexes,Very Bad,"Pembroke, Dublin City",Number,114
General Health of Population,2022,Both Sexes,Very Bad,"South East Inner City, Dublin City",Number,130
General Health of Population,2022,Both Sexes,Very Bad,"North Inner City, Dublin City",Number,257
General Health of Population,2022,Both Sexes,Very Bad,"Clontarf, Dublin City",Number,184
General Health of Population,2022,Both Sexes,Very Bad,"Donaghmede, Dublin City",Number,213
General Health of Population,2022,Both Sexes,Very Bad,"Artane-Whitehall, Dublin City",Number,246
General Health of Population,2022,Both Sexes,Very Bad,"South West Inner City, Dublin City",Number,150
General Health of Population,2022,Both Sexes,Very Bad,"Ennistimon, Clare",Number,60
General Health of Population,2022,Both Sexes,Very Bad,"Killaloe, Clare",Number,60
General Health of Population,2022,Both Sexes,Very Bad,"Shannon, Clare",Number,100
General Health of Population,2022,Both Sexes,Very Bad,"Ennis, Clare",Number,130
General Health of Population,2022,Both Sexes,Very Bad,"Kilrush, Clare",Number,74
General Health of Population,2022,Both Sexes,Very Bad,"Kanturk, Cork County",Number,87
General Health of Population,2022,Both Sexes,Very Bad,"Fermoy, Cork County",Number,117
General Health of Population,2022,Both Sexes,Very Bad,"Midleton, Cork County",Number,147
General Health of Population,2022,Both Sexes,Very Bad,"Carrigaline, Cork County",Number,88
General Health of Population,2022,Both Sexes,Very Bad,"Cobh, Cork County",Number,108
General Health of Population,2022,Both Sexes,Very Bad,"Bandon-Kinsale, Cork County",Number,86
General Health of Population,2022,Both Sexes,Very Bad,"Bantry-West Cork, Cork County",Number,94
General Health of Population,2022,Both Sexes,Very Bad,"Skibbereen-West Cork, Cork County",Number,108
General Health of Population,2022,Both Sexes,Very Bad,"Macroom, Cork County",Number,74
General Health of Population,2022,Both Sexes,Very Bad,"Mallow, Cork County",Number,73
General Health of Population,2022,Both Sexes,Very Bad,"Cork City North West, Cork City",Number,231
General Health of Population,2022,Both Sexes,Very Bad,"Cork City North East, Cork City",Number,156
General Health of Population,2022,Both Sexes,Very Bad,"Cork City South East, Cork City",Number,123
General Health of Population,2022,Both Sexes,Very Bad,"Cork City South Central, Cork City",Number,132
General Health of Population,2022,Both Sexes,Very Bad,"Cork City South West, Cork City",Number,160
General Health of Population,2022,Both Sexes,Very Bad,"Glenties, Donegal",Number,137
General Health of Population,2022,Both Sexes,Very Bad,"Milford, Donegal",Number,49
General Health of Population,2022,Both Sexes,Very Bad,"Carndonagh, Donegal",Number,65
General Health of Population,2022,Both Sexes,Very Bad,"Buncrana, Donegal",Number,84
General Health of Population,2022,Both Sexes,Very Bad,"Donegal, Donegal",Number,87
General Health of Population,2022,Both Sexes,Very Bad,"Letterkenny, Donegal",Number,140
General Health of Population,2022,Both Sexes,Very Bad,"Lifford-Stranorlar, Donegal",Number,138
General Health of Population,2022,Both Sexes,Very Bad,"Conamara North, Galway County",Number,73
General Health of Population,2022,Both Sexes,Very Bad,"Tuam, Galway County",Number,112
General Health of Population,2022,Both Sexes,Very Bad,"Ballinasloe, Galway County",Number,128
General Health of Population,2022,Both Sexes,Very Bad,"Loughrea, Galway County",Number,65
General Health of Population,2022,Both Sexes,Very Bad,"Athenry-Oranmore, Galway County",Number,79
General Health of Population,2022,Both Sexes,Very Bad,"Gort-Kinvara, Galway County",Number,64
General Health of Population,2022,Both Sexes,Very Bad,"Conamara South, Galway County",Number,71
General Health of Population,2022,Both Sexes,Very Bad,"Galway City West, Galway City",Number,71
General Health of Population,2022,Both Sexes,Very Bad,"Galway City Central, Galway City",Number,78
General Health of Population,2022,Both Sexes,Very Bad,"Galway City East, Galway City",Number,109
General Health of Population,2022,Both Sexes,Very Bad,"Listowel, Kerry",Number,95
General Health of Population,2022,Both Sexes,Very Bad,"Castleisland, Kerry",Number,56
General Health of Population,2022,Both Sexes,Very Bad,"Killarney, Kerry",Number,83
General Health of Population,2022,Both Sexes,Very Bad,"Kenmare, Kerry",Number,73
General Health of Population,2022,Both Sexes,Very Bad,"Corca Dhuibhne, Kerry",Number,33
General Health of Population,2022,Both Sexes,Very Bad,"Tralee, Kerry",Number,136
General Health of Population,2022,Both Sexes,Very Bad,"Maynooth, Kildare",Number,59
General Health of Population,2022,Both Sexes,Very Bad,"Celbridge, Kildare",Number,48
General Health of Population,2022,Both Sexes,Very Bad,"Naas, Kildare",Number,109
General Health of Population,2022,Both Sexes,Very Bad,"Athy, Kildare",Number,116
General Health of Population,2022,Both Sexes,Very Bad,"Kildare, Kildare",Number,107
General Health of Population,2022,Both Sexes,Very Bad,"Clane, Kildare",Number,85
General Health of Population,2022,Both Sexes,Very Bad,"Leixlip, Kildare",Number,45
General Health of Population,2022,Both Sexes,Very Bad,"Newbridge, Kildare",Number,104
General Health of Population,2022,Both Sexes,Very Bad,"Castlecomer, Kilkenny",Number,84
General Health of Population,2022,Both Sexes,Very Bad,"Kilkenny, Kilkenny",Number,104
General Health of Population,2022,Both Sexes,Very Bad,"Piltown, Kilkenny",Number,74
General Health of Population,2022,Both Sexes,Very Bad,"Callan-Thomastown, Kilkenny",Number,88
General Health of Population,2022,Both Sexes,Very Bad,Ireland,Number,16843
General Health of Population,2022,Both Sexes,Not Stated,"Borris-In-Ossory-Mountmellick, Laois",Number,1013
General Health of Population,2022,Both Sexes,Not Stated,"Portlaoise, Laois",Number,2509
General Health of Population,2022,Both Sexes,Not Stated,"Graiguecullen -Portarlington, Laois",Number,1618
General Health of Population,2022,Both Sexes,Not Stated,"Carlow, Carlow",Number,2056
General Health of Population,2022,Both Sexes,Not Stated,"Tullow, Carlow",Number,1403
General Health of Population,2022,Both Sexes,Not Stated,"Muinebeag, Carlow",Number,519
General Health of Population,2022,Both Sexes,Not Stated,"Manorhamilton, Leitrim",Number,418
General Health of Population,2022,Both Sexes,Not Stated,"Ballinamore, Leitrim",Number,409
General Health of Population,2022,Both Sexes,Not Stated,"Carrick-On-Shannon, Leitrim",Number,710
General Health of Population,2022,Both Sexes,Not Stated,"Newcastle West, Limerick",Number,1055
General Health of Population,2022,Both Sexes,Not Stated,"Adare-Rathkeale, Limerick",Number,1914
General Health of Population,2022,Both Sexes,Not Stated,"Cappamore-Kilmallock, Limerick",Number,1606
General Health of Population,2022,Both Sexes,Not Stated,"Limerick City West, Limerick",Number,5056
General Health of Population,2022,Both Sexes,Not Stated,"Limerick City North, Limerick",Number,4991
General Health of Population,2022,Both Sexes,Not Stated,"Limerick City East, Limerick",Number,5043
General Health of Population,2022,Both Sexes,Not Stated,"Granard, Longford",Number,688
General Health of Population,2022,Both Sexes,Not Stated,"Ballymahon, Longford",Number,3083
General Health of Population,2022,Both Sexes,Not Stated,"Longford, Longford",Number,1878
General Health of Population,2022,Both Sexes,Not Stated,"Dundalk-Carlingford, Louth",Number,2727
General Health of Population,2022,Both Sexes,Not Stated,"Dundalk South, Louth",Number,2215
General Health of Population,2022,Both Sexes,Not Stated,"Ardee, Louth",Number,1211
General Health of Population,2022,Both Sexes,Not Stated,"Drogheda Rural, Louth",Number,835
General Health of Population,2022,Both Sexes,Not Stated,"Drogheda Urban, Louth",Number,2728
General Health of Population,2022,Both Sexes,Not Stated,"Ballina, Mayo",Number,713
General Health of Population,2022,Both Sexes,Not Stated,"Claremorris, Mayo",Number,1730
General Health of Population,2022,Both Sexes,Not Stated,"Castlebar, Mayo",Number,1821
General Health of Population,2022,Both Sexes,Not Stated,"Belmullet, Mayo",Number,409
General Health of Population,2022,Both Sexes,Not Stated,"Westport, Mayo",Number,919
General Health of Population,2022,Both Sexes,Not Stated,"Swinford, Mayo",Number,550
General Health of Population,2022,Both Sexes,Not Stated,"Kells, Meath",Number,1234
General Health of Population,2022,Both Sexes,Not Stated,"Laytown-Bettystown, Meath",Number,1750
General Health of Population,2022,Both Sexes,Not Stated,"Ashbourne, Meath",Number,1463
General Health of Population,2022,Both Sexes,Not Stated,"Ratoath, Meath",Number,1745
General Health of Population,2022,Both Sexes,Not Stated,"Trim, Meath",Number,1361
General Health of Population,2022,Both Sexes,Not Stated,"Navan, Meath",Number,1919
General Health of Population,2022,Both Sexes,Not Stated,"Monaghan, Monaghan",Number,1040
General Health of Population,2022,Both Sexes,Not Stated,"Carrickmacross-Castleblayney, Monaghan",Number,1202
General Health of Population,2022,Both Sexes,Not Stated,"Ballybay-Clones, Monaghan",Number,397
General Health of Population,2022,Both Sexes,Not Stated,"Birr, Offaly",Number,1170
General Health of Population,2022,Both Sexes,Not Stated,"Tullamore, Offaly",Number,1923
General Health of Population,2022,Both Sexes,Not Stated,"Edenderry, Offaly",Number,1567
General Health of Population,2022,Both Sexes,Not Stated,"Boyle, Roscommon",Number,1057
General Health of Population,2022,Both Sexes,Not Stated,"Roscommon, Roscommon",Number,1505
General Health of Population,2022,Both Sexes,Not Stated,"Athlone, Roscommon",Number,829
General Health of Population,2022,Both Sexes,Not Stated,"Ballymote-Tobercurry, Sligo",Number,1143
General Health of Population,2022,Both Sexes,Not Stated,"Sligo-Drumcliff, Sligo",Number,766
General Health of Population,2022,Both Sexes,Not Stated,"Sligo-Strandhill, Sligo",Number,2106
General Health of Population,2022,Both Sexes,Not Stated,"Cavan-Belturbet, Cavan",Number,1636
General Health of Population,2022,Both Sexes,Not Stated,"Bailieborough-Cootehill, Cavan",Number,1804
General Health of Population,2022,Both Sexes,Not Stated,"Ballyjamesduff, Cavan",Number,1034
General Health of Population,2022,Both Sexes,Not Stated,"Nenagh, Tipperary",Number,1120
General Health of Population,2022,Both Sexes,Not Stated,"Roscrea-Templemore, Tipperary",Number,745
General Health of Population,2022,Both Sexes,Not Stated,"Carrick-On-Suir, Tipperary",Number,895
General Health of Population,2022,Both Sexes,Not Stated,"Clonmel, Tipperary",Number,1885
General Health of Population,2022,Both Sexes,Not Stated,"Cashel-Tipperary, Tipperary",Number,1427
General Health of Population,2022,Both Sexes,Not Stated,"Newport, Tipperary",Number,799
General Health of Population,2022,Both Sexes,Not Stated,"Thurles, Tipperary",Number,966
General Health of Population,2022,Both Sexes,Not Stated,"Cahir, Tipperary",Number,895
General Health of Population,2022,Both Sexes,Not Stated,"Dungarvan, Waterford",Number,1008
General Health of Population,2022,Both Sexes,Not Stated,"Portlaw-Kilmacthomas, Waterford",Number,509
General Health of Population,2022,Both Sexes,Not Stated,"Lismore, Waterford",Number,358
General Health of Population,2022,Both Sexes,Not Stated,"Tramore-Waterford City West, Waterford",Number,2457
General Health of Population,2022,Both Sexes,Not Stated,"Waterford City South, Waterford",Number,2787
General Health of Population,2022,Both Sexes,Not Stated,"Waterford City East, Waterford",Number,1599
General Health of Population,2022,Both Sexes,Not Stated,"Athlone, Westmeath",Number,2175
General Health of Population,2022,Both Sexes,Not Stated,"Moate, Westmeath",Number,1341
General Health of Population,2022,Both Sexes,Not Stated,"Kinnegad, Westmeath",Number,1190
General Health of Population,2022,Both Sexes,Not Stated,"Mullingar, Westmeath",Number,2208
General Health of Population,2022,Both Sexes,Not Stated,"Gorey, Wexford",Number,1290
General Health of Population,2022,Both Sexes,Not Stated,"Kilmuckridge, Wexford",Number,794
General Health of Population,2022,Both Sexes,Not Stated,"New Ross, Wexford",Number,1500
General Health of Population,2022,Both Sexes,Not Stated,"Rosslare, Wexford",Number,1298
General Health of Population,2022,Both Sexes,Not Stated,"Wexford, Wexford",Number,1469
General Health of Population,2022,Both Sexes,Not Stated,"Enniscorthy, Wexford",Number,1930
General Health of Population,2022,Both Sexes,Not Stated,"Baltinglass, Wicklow",Number,1291
General Health of Population,2022,Both Sexes,Not Stated,"Bray West, Wicklow",Number,1095
General Health of Population,2022,Both Sexes,Not Stated,"Greystones, Wicklow",Number,1368
General Health of Population,2022,Both Sexes,Not Stated,"Wicklow, Wicklow",Number,1098
General Health of Population,2022,Both Sexes,Not Stated,"Arklow, Wicklow",Number,1353
General Health of Population,2022,Both Sexes,Not Stated,"Bray East, Wicklow",Number,1103
General Health of Population,2022,Both Sexes,Not Stated,"Rush-Lusk, Fingal",Number,1669
General Health of Population,2022,Both Sexes,Not Stated,"Swords, Fingal",Number,4562
General Health of Population,2022,Both Sexes,Not Stated,"Blanchardstown-Mulhuddart, Fingal",Number,5072
General Health of Population,2022,Both Sexes,Not Stated,"Castleknock, Fingal",Number,3112
General Health of Population,2022,Both Sexes,Not Stated,"Howth-Malahide, Fingal",Number,3828
General Health of Population,2022,Both Sexes,Not Stated,"Stillorgan, Dún Laoghaire-Rathdown",Number,1234
General Health of Population,2022,Both Sexes,Not Stated,"Dundrum, Dún Laoghaire-Rathdown",Number,811
General Health of Population,2022,Both Sexes,Not Stated,"Glencullen-Sandyford, Dún Laoghaire-Rathdown",Number,2013
General Health of Population,2022,Both Sexes,Not Stated,"Killiney-Shankill, Dún Laoghaire-Rathdown",Number,973
General Health of Population,2022,Both Sexes,Not Stated,"Dún Laoghaire, Dún Laoghaire-Rathdown",Number,1207
General Health of Population,2022,Both Sexes,Not Stated,"Blackrock, Dún Laoghaire-Rathdown",Number,1522
General Health of Population,2022,Both Sexes,Not Stated,"Lucan, South Dublin",Number,3338
General Health of Population,2022,Both Sexes,Not Stated,"Tallaght Central, South Dublin",Number,3534
General Health of Population,2022,Both Sexes,Not Stated,"Rathfarnham-Templeogue, South Dublin",Number,1172
General Health of Population,2022,Both Sexes,Not Stated,"Firhouse-Bohernabreena, South Dublin",Number,1394
General Health of Population,2022,Both Sexes,Not Stated,"Tallaght South, South Dublin",Number,3986
General Health of Population,2022,Both Sexes,Not Stated,"Clondalkin, South Dublin",Number,5396
General Health of Population,2022,Both Sexes,Not Stated,"Balbriggan, Fingal",Number,2012
General Health of Population,2022,Both Sexes,Not Stated,"Ongar, Fingal",Number,3641
General Health of Population,2022,Both Sexes,Not Stated,"Palmerstown-Fonthill, South Dublin",Number,1974
General Health of Population,2022,Both Sexes,Not Stated,"Ballymun-Finglas, Dublin City",Number,8499
General Health of Population,2022,Both Sexes,Not Stated,"Cabra-Glasnevin, Dublin City",Number,8080
General Health of Population,2022,Both Sexes,Not Stated,"Ballyfermot-Drimnagh, Dublin City",Number,6744
General Health of Population,2022,Both Sexes,Not Stated,"Kimmage-Rathmines, Dublin City",Number,4778
General Health of Population,2022,Both Sexes,Not Stated,"Pembroke, Dublin City",Number,5203
General Health of Population,2022,Both Sexes,Not Stated,"South East Inner City, Dublin City",Number,9283
General Health of Population,2022,Both Sexes,Not Stated,"North Inner City, Dublin City",Number,19753
General Health of Population,2022,Both Sexes,Not Stated,"Clontarf, Dublin City",Number,2469
General Health of Population,2022,Both Sexes,Not Stated,"Donaghmede, Dublin City",Number,2872
General Health of Population,2022,Both Sexes,Not Stated,"Artane-Whitehall, Dublin City",Number,4790
General Health of Population,2022,Both Sexes,Not Stated,"South West Inner City, Dublin City",Number,8082
General Health of Population,2022,Both Sexes,Not Stated,"Ennistimon, Clare",Number,1591
General Health of Population,2022,Both Sexes,Not Stated,"Killaloe, Clare",Number,1924
General Health of Population,2022,Both Sexes,Not Stated,"Shannon, Clare",Number,1499
General Health of Population,2022,Both Sexes,Not Stated,"Ennis, Clare",Number,2419
General Health of Population,2022,Both Sexes,Not Stated,"Kilrush, Clare",Number,1024
General Health of Population,2022,Both Sexes,Not Stated,"Kanturk, Cork County",Number,1393
General Health of Population,2022,Both Sexes,Not Stated,"Fermoy, Cork County",Number,1508
General Health of Population,2022,Both Sexes,Not Stated,"Midleton, Cork County",Number,2697
General Health of Population,2022,Both Sexes,Not Stated,"Carrigaline, Cork County",Number,1044
General Health of Population,2022,Both Sexes,Not Stated,"Cobh, Cork County",Number,1233
General Health of Population,2022,Both Sexes,Not Stated,"Bandon-Kinsale, Cork County",Number,1449
General Health of Population,2022,Both Sexes,Not Stated,"Bantry-West Cork, Cork County",Number,1151
General Health of Population,2022,Both Sexes,Not Stated,"Skibbereen-West Cork, Cork County",Number,1853
General Health of Population,2022,Both Sexes,Not Stated,"Macroom, Cork County",Number,1278
General Health of Population,2022,Both Sexes,Not Stated,"Mallow, Cork County",Number,1485
General Health of Population,2022,Both Sexes,Not Stated,"Cork City North West, Cork City",Number,4893
General Health of Population,2022,Both Sexes,Not Stated,"Cork City North East, Cork City",Number,3582
General Health of Population,2022,Both Sexes,Not Stated,"Cork City South East, Cork City",Number,2311
General Health of Population,2022,Both Sexes,Not Stated,"Cork City South Central, Cork City",Number,3881
General Health of Population,2022,Both Sexes,Not Stated,"Cork City South West, Cork City",Number,3097
General Health of Population,2022,Both Sexes,Not Stated,"Glenties, Donegal",Number,1345
General Health of Population,2022,Both Sexes,Not Stated,"Milford, Donegal",Number,765
General Health of Population,2022,Both Sexes,Not Stated,"Carndonagh, Donegal",Number,594
General Health of Population,2022,Both Sexes,Not Stated,"Buncrana, Donegal",Number,1025
General Health of Population,2022,Both Sexes,Not Stated,"Donegal, Donegal",Number,1049
General Health of Population,2022,Both Sexes,Not Stated,"Letterkenny, Donegal",Number,1871
General Health of Population,2022,Both Sexes,Not Stated,"Lifford-Stranorlar, Donegal",Number,1098
General Health of Population,2022,Both Sexes,Not Stated,"Conamara North, Galway County",Number,803
General Health of Population,2022,Both Sexes,Not Stated,"Tuam, Galway County",Number,1852
General Health of Population,2022,Both Sexes,Not Stated,"Ballinasloe, Galway County",Number,1327
General Health of Population,2022,Both Sexes,Not Stated,"Loughrea, Galway County",Number,1492
General Health of Population,2022,Both Sexes,Not Stated,"Athenry-Oranmore, Galway County",Number,1378
General Health of Population,2022,Both Sexes,Not Stated,"Gort-Kinvara, Galway County",Number,1279
General Health of Population,2022,Both Sexes,Not Stated,"Conamara South, Galway County",Number,1321
General Health of Population,2022,Both Sexes,Not Stated,"Galway City West, Galway City",Number,2002
General Health of Population,2022,Both Sexes,Not Stated,"Galway City Central, Galway City",Number,4593
General Health of Population,2022,Both Sexes,Not Stated,"Galway City East, Galway City",Number,2989
General Health of Population,2022,Both Sexes,Not Stated,"Listowel, Kerry",Number,903
General Health of Population,2022,Both Sexes,Not Stated,"Castleisland, Kerry",Number,565
General Health of Population,2022,Both Sexes,Not Stated,"Killarney, Kerry",Number,1808
General Health of Population,2022,Both Sexes,Not Stated,"Kenmare, Kerry",Number,1294
General Health of Population,2022,Both Sexes,Not Stated,"Corca Dhuibhne, Kerry",Number,615
General Health of Population,2022,Both Sexes,Not Stated,"Tralee, Kerry",Number,3685
General Health of Population,2022,Both Sexes,Not Stated,"Maynooth, Kildare",Number,2227
General Health of Population,2022,Both Sexes,Not Stated,"Celbridge, Kildare",Number,789
General Health of Population,2022,Both Sexes,Not Stated,"Naas, Kildare",Number,1652
General Health of Population,2022,Both Sexes,Not Stated,"Athy, Kildare",Number,1415
General Health of Population,2022,Both Sexes,Not Stated,"Kildare, Kildare",Number,1837
General Health of Population,2022,Both Sexes,Not Stated,"Clane, Kildare",Number,1567
General Health of Population,2022,Both Sexes,Not Stated,"Leixlip, Kildare",Number,612
General Health of Population,2022,Both Sexes,Not Stated,"Newbridge, Kildare",Number,1641
General Health of Population,2022,Both Sexes,Not Stated,"Castlecomer, Kilkenny",Number,960
General Health of Population,2022,Both Sexes,Not Stated,"Kilkenny, Kilkenny",Number,1792
General Health of Population,2022,Both Sexes,Not Stated,"Piltown, Kilkenny",Number,832
General Health of Population,2022,Both Sexes,Not Stated,"Callan-Thomastown, Kilkenny",Number,1101
General Health of Population,2022,Both Sexes,Not Stated,Ireland,Number,346824
General Health of Population,2022,Both Sexes,Total,"Borris-In-Ossory-Mountmellick, Laois",Number,26452
General Health of Population,2022,Both Sexes,Total,"Portlaoise, Laois",Number,34603
General Health of Population,2022,Both Sexes,Total,"Graiguecullen -Portarlington, Laois",Number,30822
General Health of Population,2022,Both Sexes,Total,"Carlow, Carlow",Number,25168
General Health of Population,2022,Both Sexes,Total,"Tullow, Carlow",Number,20225
General Health of Population,2022,Both Sexes,Total,"Muinebeag, Carlow",Number,16575
General Health of Population,2022,Both Sexes,Total,"Manorhamilton, Leitrim",Number,11686
General Health of Population,2022,Both Sexes,Total,"Ballinamore, Leitrim",Number,10879
General Health of Population,2022,Both Sexes,Total,"Carrick-On-Shannon, Leitrim",Number,12634
General Health of Population,2022,Both Sexes,Total,"Newcastle West, Limerick",Number,29033
General Health of Population,2022,Both Sexes,Total,"Adare-Rathkeale, Limerick",Number,29311
General Health of Population,2022,Both Sexes,Total,"Cappamore-Kilmallock, Limerick",Number,36500
General Health of Population,2022,Both Sexes,Total,"Limerick City West, Limerick",Number,38654
General Health of Population,2022,Both Sexes,Total,"Limerick City North, Limerick",Number,36385
General Health of Population,2022,Both Sexes,Total,"Limerick City East, Limerick",Number,39653
General Health of Population,2022,Both Sexes,Total,"Granard, Longford",Number,11500
General Health of Population,2022,Both Sexes,Total,"Ballymahon, Longford",Number,17922
General Health of Population,2022,Both Sexes,Total,"Longford, Longford",Number,17329
General Health of Population,2022,Both Sexes,Total,"Dundalk-Carlingford, Louth",Number,26092
General Health of Population,2022,Both Sexes,Total,"Dundalk South, Louth",Number,38195
General Health of Population,2022,Both Sexes,Total,"Ardee, Louth",Number,27034
General Health of Population,2022,Both Sexes,Total,"Drogheda Rural, Louth",Number,19845
General Health of Population,2022,Both Sexes,Total,"Drogheda Urban, Louth",Number,28537
General Health of Population,2022,Both Sexes,Total,"Ballina, Mayo",Number,25858
General Health of Population,2022,Both Sexes,Total,"Claremorris, Mayo",Number,29336
General Health of Population,2022,Both Sexes,Total,"Castlebar, Mayo",Number,32080
General Health of Population,2022,Both Sexes,Total,"Belmullet, Mayo",Number,12683
General Health of Population,2022,Both Sexes,Total,"Westport, Mayo",Number,19947
General Health of Population,2022,Both Sexes,Total,"Swinford, Mayo",Number,18066
General Health of Population,2022,Both Sexes,Total,"Kells, Meath",Number,34575
General Health of Population,2022,Both Sexes,Total,"Laytown-Bettystown, Meath",Number,40660
General Health of Population,2022,Both Sexes,Total,"Ashbourne, Meath",Number,33516
General Health of Population,2022,Both Sexes,Total,"Ratoath, Meath",Number,39326
General Health of Population,2022,Both Sexes,Total,"Trim, Meath",Number,33455
General Health of Population,2022,Both Sexes,Total,"Navan, Meath",Number,39294
General Health of Population,2022,Both Sexes,Total,"Monaghan, Monaghan",Number,23398
General Health of Population,2022,Both Sexes,Total,"Carrickmacross-Castleblayney, Monaghan",Number,23469
General Health of Population,2022,Both Sexes,Total,"Ballybay-Clones, Monaghan",Number,18421
General Health of Population,2022,Both Sexes,Total,"Birr, Offaly",Number,27004
General Health of Population,2022,Both Sexes,Total,"Tullamore, Offaly",Number,30958
General Health of Population,2022,Both Sexes,Total,"Edenderry, Offaly",Number,25188
General Health of Population,2022,Both Sexes,Total,"Boyle, Roscommon",Number,24421
General Health of Population,2022,Both Sexes,Total,"Roscommon, Roscommon",Number,24708
General Health of Population,2022,Both Sexes,Total,"Athlone, Roscommon",Number,21130
General Health of Population,2022,Both Sexes,Total,"Ballymote-Tobercurry, Sligo",Number,28449
General Health of Population,2022,Both Sexes,Total,"Sligo-Drumcliff, Sligo",Number,18817
General Health of Population,2022,Both Sexes,Total,"Sligo-Strandhill, Sligo",Number,22932
General Health of Population,2022,Both Sexes,Total,"Cavan-Belturbet, Cavan",Number,27515
General Health of Population,2022,Both Sexes,Total,"Bailieborough-Cootehill, Cavan",Number,26209
General Health of Population,2022,Both Sexes,Total,"Ballyjamesduff, Cavan",Number,27980
General Health of Population,2022,Both Sexes,Total,"Nenagh, Tipperary",Number,23354
General Health of Population,2022,Both Sexes,Total,"Roscrea-Templemore, Tipperary",Number,17310
General Health of Population,2022,Both Sexes,Total,"Carrick-On-Suir, Tipperary",Number,20191
General Health of Population,2022,Both Sexes,Total,"Clonmel, Tipperary",Number,25003
General Health of Population,2022,Both Sexes,Total,"Cashel-Tipperary, Tipperary",Number,29145
General Health of Population,2022,Both Sexes,Total,"Newport, Tipperary",Number,17525
General Health of Population,2022,Both Sexes,Total,"Thurles, Tipperary",Number,19980
General Health of Population,2022,Both Sexes,Total,"Cahir, Tipperary",Number,15387
General Health of Population,2022,Both Sexes,Total,"Dungarvan, Waterford",Number,22335
General Health of Population,2022,Both Sexes,Total,"Portlaw-Kilmacthomas, Waterford",Number,18414
General Health of Population,2022,Both Sexes,Total,"Lismore, Waterford",Number,11403
General Health of Population,2022,Both Sexes,Total,"Tramore-Waterford City West, Waterford",Number,24803
General Health of Population,2022,Both Sexes,Total,"Waterford City South, Waterford",Number,26011
General Health of Population,2022,Both Sexes,Total,"Waterford City East, Waterford",Number,24397
General Health of Population,2022,Both Sexes,Total,"Athlone, Westmeath",Number,24308
General Health of Population,2022,Both Sexes,Total,"Moate, Westmeath",Number,20385
General Health of Population,2022,Both Sexes,Total,"Kinnegad, Westmeath",Number,23368
General Health of Population,2022,Both Sexes,Total,"Mullingar, Westmeath",Number,28160
General Health of Population,2022,Both Sexes,Total,"Gorey, Wexford",Number,31140
General Health of Population,2022,Both Sexes,Total,"Kilmuckridge, Wexford",Number,18399
General Health of Population,2022,Both Sexes,Total,"New Ross, Wexford",Number,29946
General Health of Population,2022,Both Sexes,Total,"Rosslare, Wexford",Number,23573
General Health of Population,2022,Both Sexes,Total,"Wexford, Wexford",Number,31547
General Health of Population,2022,Both Sexes,Total,"Enniscorthy, Wexford",Number,29314
General Health of Population,2022,Both Sexes,Total,"Baltinglass, Wicklow",Number,28041
General Health of Population,2022,Both Sexes,Total,"Bray West, Wicklow",Number,19144
General Health of Population,2022,Both Sexes,Total,"Greystones, Wicklow",Number,30479
General Health of Population,2022,Both Sexes,Total,"Wicklow, Wicklow",Number,32593
General Health of Population,2022,Both Sexes,Total,"Arklow, Wicklow",Number,27866
General Health of Population,2022,Both Sexes,Total,"Bray East, Wicklow",Number,17728
General Health of Population,2022,Both Sexes,Total,"Rush-Lusk, Fingal",Number,40255
General Health of Population,2022,Both Sexes,Total,"Swords, Fingal",Number,48739
General Health of Population,2022,Both Sexes,Total,"Blanchardstown-Mulhuddart, Fingal",Number,40022
General Health of Population,2022,Both Sexes,Total,"Castleknock, Fingal",Number,47149
General Health of Population,2022,Both Sexes,Total,"Howth-Malahide, Fingal",Number,69960
General Health of Population,2022,Both Sexes,Total,"Stillorgan, Dún Laoghaire-Rathdown",Number,33196
General Health of Population,2022,Both Sexes,Total,"Dundrum, Dún Laoghaire-Rathdown",Number,31861
General Health of Population,2022,Both Sexes,Total,"Glencullen-Sandyford, Dún Laoghaire-Rathdown",Number,48568
General Health of Population,2022,Both Sexes,Total,"Killiney-Shankill, Dún Laoghaire-Rathdown",Number,39352
General Health of Population,2022,Both Sexes,Total,"Dún Laoghaire, Dún Laoghaire-Rathdown",Number,46603
General Health of Population,2022,Both Sexes,Total,"Blackrock, Dún Laoghaire-Rathdown",Number,34280
General Health of Population,2022,Both Sexes,Total,"Lucan, South Dublin",Number,55785
General Health of Population,2022,Both Sexes,Total,"Tallaght Central, South Dublin",Number,36178
General Health of Population,2022,Both Sexes,Total,"Rathfarnham-Templeogue, South Dublin",Number,52805
General Health of Population,2022,Both Sexes,Total,"Firhouse-Bohernabreena, South Dublin",Number,37643
General Health of Population,2022,Both Sexes,Total,"Tallaght South, South Dublin",Number,43644
General Health of Population,2022,Both Sexes,Total,"Clondalkin, South Dublin",Number,52878
General Health of Population,2022,Both Sexes,Total,"Balbriggan, Fingal",Number,40476
General Health of Population,2022,Both Sexes,Total,"Ongar, Fingal",Number,43905
General Health of Population,2022,Both Sexes,Total,"Palmerstown-Fonthill, South Dublin",Number,22142
General Health of Population,2022,Both Sexes,Total,"Ballymun-Finglas, Dublin City",Number,56305
General Health of Population,2022,Both Sexes,Total,"Cabra-Glasnevin, Dublin City",Number,63073
General Health of Population,2022,Both Sexes,Total,"Ballyfermot-Drimnagh, Dublin City",Number,48563
General Health of Population,2022,Both Sexes,Total,"Kimmage-Rathmines, Dublin City",Number,59788
General Health of Population,2022,Both Sexes,Total,"Pembroke, Dublin City",Number,45663
General Health of Population,2022,Both Sexes,Total,"South East Inner City, Dublin City",Number,43586
General Health of Population,2022,Both Sexes,Total,"North Inner City, Dublin City",Number,74708
General Health of Population,2022,Both Sexes,Total,"Clontarf, Dublin City",Number,56957
General Health of Population,2022,Both Sexes,Total,"Donaghmede, Dublin City",Number,47080
General Health of Population,2022,Both Sexes,Total,"Artane-Whitehall, Dublin City",Number,52137
General Health of Population,2022,Both Sexes,Total,"South West Inner City, Dublin City",Number,44853
General Health of Population,2022,Both Sexes,Total,"Ennistimon, Clare",Number,18052
General Health of Population,2022,Both Sexes,Total,"Killaloe, Clare",Number,21871
General Health of Population,2022,Both Sexes,Total,"Shannon, Clare",Number,31774
General Health of Population,2022,Both Sexes,Total,"Ennis, Clare",Number,33952
General Health of Population,2022,Both Sexes,Total,"Kilrush, Clare",Number,22289
General Health of Population,2022,Both Sexes,Total,"Kanturk, Cork County",Number,26577
General Health of Population,2022,Both Sexes,Total,"Fermoy, Cork County",Number,38935
General Health of Population,2022,Both Sexes,Total,"Midleton, Cork County",Number,49539
General Health of Population,2022,Both Sexes,Total,"Carrigaline, Cork County",Number,39145
General Health of Population,2022,Both Sexes,Total,"Cobh, Cork County",Number,37214
General Health of Population,2022,Both Sexes,Total,"Bandon-Kinsale, Cork County",Number,40387
General Health of Population,2022,Both Sexes,Total,"Bantry-West Cork, Cork County",Number,24030
General Health of Population,2022,Both Sexes,Total,"Skibbereen-West Cork, Cork County",Number,32971
General Health of Population,2022,Both Sexes,Total,"Macroom, Cork County",Number,39847
General Health of Population,2022,Both Sexes,Total,"Mallow, Cork County",Number,31507
General Health of Population,2022,Both Sexes,Total,"Cork City North West, Cork City",Number,42306
General Health of Population,2022,Both Sexes,Total,"Cork City North East, Cork City",Number,44235
General Health of Population,2022,Both Sexes,Total,"Cork City South East, Cork City",Number,45400
General Health of Population,2022,Both Sexes,Total,"Cork City South Central, Cork City",Number,41000
General Health of Population,2022,Both Sexes,Total,"Cork City South West, Cork City",Number,51063
General Health of Population,2022,Both Sexes,Total,"Glenties, Donegal",Number,25152
General Health of Population,2022,Both Sexes,Total,"Milford, Donegal",Number,14525
General Health of Population,2022,Both Sexes,Total,"Carndonagh, Donegal",Number,17736
General Health of Population,2022,Both Sexes,Total,"Buncrana, Donegal",Number,22618
General Health of Population,2022,Both Sexes,Total,"Donegal, Donegal",Number,27924
General Health of Population,2022,Both Sexes,Total,"Letterkenny, Donegal",Number,32266
General Health of Population,2022,Both Sexes,Total,"Lifford-Stranorlar, Donegal",Number,26863
General Health of Population,2022,Both Sexes,Total,"Conamara North, Galway County",Number,18053
General Health of Population,2022,Both Sexes,Total,"Tuam, Galway County",Number,35544
General Health of Population,2022,Both Sexes,Total,"Ballinasloe, Galway County",Number,29855
General Health of Population,2022,Both Sexes,Total,"Loughrea, Galway County",Number,25498
General Health of Population,2022,Both Sexes,Total,"Athenry-Oranmore, Galway County",Number,35105
General Health of Population,2022,Both Sexes,Total,"Gort-Kinvara, Galway County",Number,25923
General Health of Population,2022,Both Sexes,Total,"Conamara South, Galway County",Number,23345
General Health of Population,2022,Both Sexes,Total,"Galway City West, Galway City",Number,26618
General Health of Population,2022,Both Sexes,Total,"Galway City Central, Galway City",Number,29705
General Health of Population,2022,Both Sexes,Total,"Galway City East, Galway City",Number,28091
General Health of Population,2022,Both Sexes,Total,"Listowel, Kerry",Number,29285
General Health of Population,2022,Both Sexes,Total,"Castleisland, Kerry",Number,18033
General Health of Population,2022,Both Sexes,Total,"Killarney, Kerry",Number,31086
General Health of Population,2022,Both Sexes,Total,"Kenmare, Kerry",Number,27161
General Health of Population,2022,Both Sexes,Total,"Corca Dhuibhne, Kerry",Number,14971
General Health of Population,2022,Both Sexes,Total,"Tralee, Kerry",Number,35922
General Health of Population,2022,Both Sexes,Total,"Maynooth, Kildare",Number,35202
General Health of Population,2022,Both Sexes,Total,"Celbridge, Kildare",Number,22718
General Health of Population,2022,Both Sexes,Total,"Naas, Kildare",Number,46011
General Health of Population,2022,Both Sexes,Total,"Athy, Kildare",Number,28641
General Health of Population,2022,Both Sexes,Total,"Kildare, Kildare",Number,29759
General Health of Population,2022,Both Sexes,Total,"Clane, Kildare",Number,31210
General Health of Population,2022,Both Sexes,Total,"Leixlip, Kildare",Number,16755
General Health of Population,2022,Both Sexes,Total,"Newbridge, Kildare",Number,37478
General Health of Population,2022,Both Sexes,Total,"Castlecomer, Kilkenny",Number,24863
General Health of Population,2022,Both Sexes,Total,"Kilkenny, Kilkenny",Number,29653
General Health of Population,2022,Both Sexes,Total,"Piltown, Kilkenny",Number,22826
General Health of Population,2022,Both Sexes,Total,"Callan-Thomastown, Kilkenny",Number,26818
General Health of Population,2022,Both Sexes,Total,Ireland,Number,5149139
